# Blender 5.1.1
# www.blender.org
mtllib obj_house_1_atlas.mtl
o obj_house_1_atlas_export_tmp
v 10.693965 2.650333 4.216039
v 10.697382 6.133684 4.397303
v 10.414458 2.650332 4.216039
v 10.411026 6.133683 4.397303
v 10.693965 2.670084 3.826192
v 10.697381 6.153918 3.997904
v 10.414458 2.670083 3.826192
v 10.411026 6.153917 3.997904
v 10.665227 4.394160 4.264205
v 10.443189 4.394159 4.264205
v 10.443189 4.409849 3.954514
v 10.665227 4.409850 3.954514
v 10.667727 4.722424 4.284332
v 10.440687 4.722424 4.284332
v 10.440687 4.738467 3.967666
v 10.667727 4.738467 3.967666
v 10.438894 4.067533 4.253664
v 10.438894 4.083830 3.931990
v 10.669523 4.083831 3.931990
v 10.669523 4.067534 4.253664
v 10.414458 2.619756 4.214490
v 10.693965 2.619757 4.214490
v 10.414458 2.639507 3.824643
v 10.693965 2.639507 3.824643
v 10.368702 2.502824 4.272550
v 10.739722 2.502825 4.272550
v 10.368702 2.529041 3.755064
v 10.739722 2.529042 3.755064
v 10.697381 6.167734 4.399028
v 10.411026 6.167734 4.399027
v 10.411026 6.187968 3.999629
v 10.697381 6.187969 3.999629
v 10.722369 6.300977 4.440720
v 10.386038 6.300976 4.440720
v 10.386038 6.324742 3.971617
v 10.722369 6.324742 3.971617
v 4.525246 9.932318 8.430438
v 5.545581 8.853673 8.465582
v 4.376132 9.788397 8.430438
v 5.417954 8.730490 8.465582
v 4.525246 9.932318 8.918219
v 5.545581 8.853673 8.883075
v 4.376132 9.788397 8.918219
v 5.417954 8.730490 8.883076
v 5.024145 9.382119 8.484872
v 4.908312 9.270319 8.484872
v 4.908312 9.270319 8.863785
v 5.024145 9.382119 8.863785
v 5.121357 9.281400 8.484873
v 5.005524 9.169600 8.484873
v 5.005524 9.169600 8.863785
v 5.121357 9.281399 8.863785
v 4.811726 9.370389 8.484872
v 4.811726 9.370389 8.863785
v 4.927560 9.482189 8.863785
v 4.927560 9.482189 8.484872
v 10.585721 9.222752 3.191881
v 10.620867 8.144104 2.171548
v 10.585721 9.078831 3.340995
v 10.620867 8.020922 2.299176
v 11.073501 9.222753 3.191881
v 11.038360 8.144105 2.171548
v 11.073502 9.078832 3.340995
v 11.038361 8.020923 2.299176
v 10.640156 8.672552 2.692983
v 10.640156 8.560753 2.808816
v 11.019069 8.560753 2.808816
v 11.019069 8.672552 2.692983
v 10.640156 8.571832 2.595771
v 10.640156 8.460032 2.711604
v 11.019069 8.460033 2.711604
v 11.019069 8.571833 2.595771
v 10.640156 8.660822 2.905402
v 11.019069 8.660823 2.905402
v 11.019069 8.772622 2.789568
v 10.640156 8.772621 2.789568
v 10.585723 8.225238 2.157379
v 10.620869 7.187984 3.219763
v 10.585723 8.372058 2.303639
v 10.620869 7.313647 3.344948
v 11.073503 8.225239 2.157379
v 11.038362 7.187984 3.219763
v 11.073503 8.372059 2.303639
v 11.038362 7.313648 3.344948
v 10.640158 7.717706 2.699624
v 10.640158 7.831758 2.813241
v 11.019071 7.831758 2.813241
v 11.019071 7.717707 2.699624
v 10.640158 7.618914 2.798794
v 10.640158 7.732965 2.912411
v 11.019071 7.732966 2.912411
v 11.019071 7.618915 2.798795
v 10.640158 7.929912 2.714710
v 11.019071 7.929913 2.714710
v 11.019071 7.815862 2.601093
v 10.640158 7.815861 2.601093
v 10.585726 7.168631 3.168393
v 10.620867 8.247277 4.188726
v 10.585725 7.312551 3.019279
v 10.620866 8.370461 4.061099
v 11.073505 7.168632 3.168393
v 11.038360 8.247278 4.188726
v 11.073505 7.312552 3.019279
v 11.038360 8.370461 4.061099
v 10.640158 7.718830 3.667291
v 10.640158 7.830629 3.551458
v 11.019071 7.830630 3.551458
v 11.019071 7.718831 3.667291
v 10.640158 7.819550 3.764503
v 10.640158 7.931349 3.648670
v 11.019070 7.931350 3.648670
v 11.019071 7.819551 3.764503
v 10.640158 7.730560 3.454873
v 11.019071 7.730561 3.454873
v 11.019071 7.618761 3.570706
v 10.640158 7.618760 3.570706
v 5.559752 8.934807 8.430441
v 4.497369 7.897551 8.465584
v 5.413492 9.081627 8.430441
v 4.372185 8.023214 8.465584
v 5.559752 8.934807 8.918221
v 4.497369 7.897551 8.883078
v 5.413492 9.081627 8.918221
v 4.372185 8.023214 8.883078
v 5.017508 8.427275 8.484875
v 4.903891 8.541326 8.484874
v 4.903891 8.541327 8.863787
v 5.017508 8.427275 8.863787
v 4.918337 8.328482 8.484875
v 4.804720 8.442533 8.484875
v 4.804720 8.442533 8.863787
v 4.918337 8.328482 8.863787
v 5.002421 8.639481 8.484875
v 5.002421 8.639481 8.863787
v 5.116038 8.525429 8.863787
v 5.116038 8.525429 8.484875
v 4.548743 7.878198 8.430441
v 3.528408 8.956842 8.465584
v 4.697857 8.022120 8.430441
v 3.656035 9.080026 8.465584
v 4.548743 7.878198 8.918221
v 3.528408 8.956842 8.883078
v 4.697857 8.022120 8.918221
v 3.656035 9.080025 8.883078
v 4.049844 8.428396 8.484875
v 4.165677 8.540195 8.484875
v 4.165677 8.540195 8.863787
v 4.049844 8.428396 8.863787
v 3.952631 8.529116 8.484875
v 4.068465 8.640915 8.484875
v 4.068465 8.640915 8.863787
v 3.952631 8.529116 8.863787
v 4.262263 8.440126 8.484875
v 4.262263 8.440126 8.863787
v 4.146429 8.328326 8.863787
v 4.146429 8.328327 8.484875
v -3.182085 8.671434 3.153834
v -3.182086 9.093819 3.153834
v -3.182085 8.671435 3.413261
v -3.182086 9.093842 3.413262
v -3.850229 8.671433 3.153834
v -3.850230 9.093817 3.153834
v -3.850229 8.671434 3.413262
v -3.850230 9.093840 3.413262
v -3.182085 8.625365 2.923673
v -3.182086 8.989092 2.853342
v -3.850230 8.989090 2.853342
v -3.850229 8.625364 2.923672
v -3.182084 8.401789 2.566697
v -3.182085 8.617889 2.288576
v -3.850229 8.617887 2.288576
v -3.850228 8.401787 2.566697
v -3.182083 7.863252 2.205537
v -3.182083 7.984222 1.956024
v -3.850227 7.984221 1.956024
v -3.850227 7.863250 2.205537
v -3.182081 7.188926 2.037304
v -3.182081 7.211341 1.765091
v -3.850226 7.211339 1.765091
v -3.850225 7.188924 2.037304
v -3.182080 6.625783 1.983509
v -3.182080 6.588986 1.686773
v -3.850225 6.588984 1.686773
v -3.850225 6.625782 1.983509
v -3.182079 6.171817 1.934397
v -3.182079 6.102566 1.640990
v -3.850224 6.102565 1.640990
v -3.850224 6.171815 1.934397
v -3.182076 5.123538 1.901190
v -3.182076 5.054287 1.607782
v -3.850222 5.054285 1.607782
v -3.850222 5.123536 1.901190
v -3.039599 3.730843 1.929958
v -3.039599 3.776570 1.550669
v -3.992694 3.776568 1.550669
v -3.992692 3.730841 1.929958
v -3.182085 8.671435 3.414715
v -3.182086 9.093819 3.414715
v -3.182085 8.671434 3.155288
v -3.182086 9.093842 3.155288
v -3.850229 8.671434 3.414715
v -3.850230 9.093817 3.414715
v -3.850229 8.671432 3.155288
v -3.850230 9.093840 3.155288
v -3.182085 8.625365 3.644877
v -3.182086 8.989092 3.715207
v -3.850230 8.989090 3.715207
v -3.850229 8.625364 3.644877
v -3.182085 8.401789 4.001853
v -3.182085 8.617889 4.279973
v -3.850229 8.617887 4.279973
v -3.850229 8.401787 4.001853
v -3.182083 7.863252 4.363013
v -3.182084 7.984222 4.612526
v -3.850228 7.984221 4.612525
v -3.850227 7.863250 4.363013
v -3.182082 7.188926 4.531245
v -3.182082 7.211341 4.803459
v -3.850226 7.211340 4.803459
v -3.850226 7.188924 4.531245
v -3.182080 6.625784 4.585041
v -3.182080 6.588986 4.881777
v -3.850224 6.588985 4.881777
v -3.850224 6.625782 4.585041
v -3.182079 6.171817 4.634152
v -3.182079 6.102566 4.927560
v -3.850224 6.102565 4.927559
v -3.850224 6.171815 4.634152
v -3.182077 5.123538 4.667360
v -3.182077 5.054287 4.960768
v -3.850222 5.054286 4.960768
v -3.850222 5.123536 4.667360
v -3.039599 3.730844 4.638592
v -3.039600 3.776570 5.017880
v -3.992693 3.776568 5.017880
v -3.992692 3.730841 4.638592
v -3.174016 3.846695 3.058672
v -3.222041 9.011364 3.091117
v -3.174016 3.846695 3.509003
v -3.222041 9.011364 3.476557
v -3.840427 3.846694 3.058672
v -3.792425 9.011363 3.091117
v -3.840427 3.846694 3.509003
v -3.792425 9.011362 3.476557
v -3.248389 6.557129 3.108927
v -3.248389 6.557129 3.458748
v -3.766065 6.557128 3.458748
v -3.766065 6.557128 3.108926
v -3.248390 7.064805 3.108927
v -3.248390 7.064805 3.458748
v -3.766066 7.064804 3.458748
v -3.766066 7.064804 3.108927
v -3.248388 6.052729 3.458748
v -3.766064 6.052728 3.458748
v -3.766064 6.052728 3.108927
v -3.248388 6.052729 3.108927
v -3.312432 5.800412 4.769162
v -3.346352 5.825941 1.759579
v -3.312433 6.154750 4.769162
v -3.346353 6.129220 1.759579
v -3.783214 5.800411 4.769162
v -3.749295 5.825940 1.759579
v -3.783215 6.154749 4.769162
v -3.749296 6.129219 1.759579
v -3.364969 5.839954 3.189723
v -3.364970 6.115207 3.189723
v -3.730678 6.115207 3.189723
v -3.730677 5.839953 3.189723
v -3.364969 5.839954 2.893888
v -3.364970 6.115207 2.893888
v -3.730678 6.115207 2.893888
v -3.730677 5.839953 2.893888
v -3.364970 6.115207 3.483650
v -3.730678 6.115207 3.483650
v -3.730677 5.839953 3.483650
v -3.364969 5.839954 3.483650
v -4.008675 4.054169 1.478659
v -4.023530 4.059500 4.961867
v -2.796083 4.054172 1.478659
v -2.781228 4.059503 4.961867
v -4.008674 3.619055 1.478659
v -4.023529 3.613724 4.961867
v -2.796082 3.619057 1.478659
v -2.781227 3.613727 4.961867
v -3.884017 4.009439 3.220263
v -2.920741 4.009441 3.220263
v -2.920740 3.663788 3.220263
v -3.884016 3.663786 3.220263
v -3.894863 4.013330 3.548668
v -2.909894 4.013333 3.548668
v -2.909893 3.659896 3.548668
v -3.894862 3.659894 3.548668
v -2.902106 4.016128 2.893978
v -2.902105 3.657102 2.893978
v -3.902650 3.657099 2.893978
v -3.902651 4.016125 2.893977
v -2.796083 4.054172 1.448086
v -4.008675 4.054169 1.448086
v -2.796082 3.619057 1.448086
v -4.008674 3.619055 1.448086
v -2.597575 4.125403 1.334401
v -4.207183 4.125399 1.334401
v -2.597574 3.547827 1.334401
v -4.207182 3.547824 1.334401
v -4.023530 4.059500 4.995914
v -2.781228 4.059503 4.995915
v -2.781227 3.613727 4.995914
v -4.023529 3.613724 4.995914
v -4.131934 4.098399 5.130908
v -2.672822 4.098402 5.130908
v -2.672821 3.574828 5.130908
v -4.131933 3.574825 5.130908
v -1.576427 17.918213 3.344199
v -1.576428 18.267666 3.344199
v -1.576427 17.918213 3.129565
v -1.576428 18.267685 3.129565
v -2.129207 17.918213 3.344198
v -2.129208 18.267666 3.344198
v -2.129207 17.918213 3.129565
v -2.129208 18.267685 3.129565
v -1.576427 17.880096 3.534620
v -1.576428 18.181023 3.592807
v -2.129208 18.181023 3.592807
v -2.129207 17.880096 3.534620
v -1.576427 17.695126 3.829959
v -1.576427 17.873913 4.060059
v -2.129207 17.873911 4.060059
v -2.129207 17.695124 3.829959
v -1.576427 17.249573 4.128760
v -1.576427 17.349657 4.335192
v -2.129206 17.349655 4.335192
v -2.129206 17.249573 4.128760
v -1.576425 16.691677 4.267945
v -1.576425 16.710224 4.493158
v -2.129204 16.710222 4.493158
v -2.129204 16.691677 4.267945
v -1.576424 16.225769 4.312452
v -1.576424 16.195328 4.557953
v -2.129203 16.195326 4.557953
v -2.129203 16.225769 4.312452
v -1.576423 15.850186 4.353084
v -1.576423 15.792892 4.595831
v -2.129202 15.792892 4.595830
v -2.129202 15.850185 4.353084
v -1.576421 14.982906 4.380558
v -1.576421 14.925613 4.623305
v -2.129200 14.925612 4.623305
v -2.129200 14.982905 4.380558
v -1.458544 13.830678 4.356757
v -1.458545 13.868511 4.670557
v -2.247073 13.868509 4.670557
v -2.247072 13.830677 4.356757
v -1.576427 17.918213 3.128362
v -1.576428 18.267666 3.128362
v -1.576427 17.918213 3.342996
v -1.576428 18.267685 3.342996
v -2.129207 17.918213 3.128362
v -2.129208 18.267664 3.128362
v -2.129207 17.918213 3.342996
v -2.129208 18.267685 3.342996
v -1.576427 17.880096 2.937941
v -1.576428 18.181023 2.879754
v -2.129208 18.181023 2.879754
v -2.129207 17.880096 2.937941
v -1.576427 17.695126 2.642602
v -1.576427 17.873913 2.412502
v -2.129207 17.873913 2.412502
v -2.129206 17.695124 2.642602
v -1.576426 17.249573 2.343801
v -1.576427 17.349657 2.137369
v -2.129206 17.349655 2.137369
v -2.129205 17.249571 2.343801
v -1.576425 16.691677 2.204616
v -1.576425 16.710224 1.979403
v -2.129204 16.710222 1.979403
v -2.129204 16.691677 2.204616
v -1.576424 16.225769 2.160108
v -1.576424 16.195326 1.914608
v -2.129203 16.195324 1.914608
v -2.129203 16.225769 2.160108
v -1.576423 15.850186 2.119477
v -1.576423 15.792893 1.876730
v -2.129202 15.792892 1.876730
v -2.129202 15.850185 2.119477
v -1.576421 14.982906 2.092003
v -1.576421 14.925613 1.849256
v -2.129200 14.925611 1.849256
v -2.129200 14.982905 2.092003
v -1.458543 13.830679 2.115804
v -1.458543 13.868511 1.802005
v -2.247072 13.868509 1.802005
v -2.247072 13.830677 2.115804
v -1.684265 15.542910 2.007777
v -1.712328 15.564031 4.497716
v -1.684266 15.836066 2.007777
v -1.712328 15.814945 4.497716
v -2.073759 15.542909 2.007777
v -2.045697 15.564030 4.497716
v -2.073760 15.836065 2.007777
v -2.045697 15.814944 4.497716
v -1.727731 15.575624 3.314505
v -1.727731 15.803351 3.314505
v -2.030294 15.803350 3.314505
v -2.030294 15.575624 3.314505
v -1.727731 15.575624 3.559260
v -1.727731 15.803351 3.559260
v -2.030294 15.803350 3.559260
v -2.030294 15.575624 3.559260
v -1.727731 15.803351 3.071328
v -2.030294 15.803350 3.071328
v -2.030293 15.575624 3.071328
v -1.727730 15.575624 3.071328
v -2.289059 14.098180 4.730130
v -2.301348 14.102590 1.848343
v -1.285837 14.098182 4.730130
v -1.273546 14.102592 1.848343
v -2.289058 13.738193 4.730130
v -2.301347 13.733783 1.848343
v -1.285836 13.738195 4.730130
v -1.273545 13.733785 1.848343
v -2.185925 14.061172 3.289236
v -1.388970 14.061174 3.289236
v -1.388969 13.775203 3.289236
v -2.185924 13.775201 3.289236
v -2.194898 14.064391 3.017535
v -1.379996 14.064393 3.017535
v -1.379995 13.771982 3.017535
v -2.194897 13.771980 3.017535
v -1.373553 14.066706 3.559185
v -1.373552 13.769670 3.559185
v -2.201340 13.769669 3.559185
v -2.201341 14.066704 3.559185
v -1.285837 14.098182 4.755424
v -2.289059 14.098179 4.755424
v -1.285836 13.738195 4.755424
v -2.289058 13.738194 4.755424
v -1.121604 14.157113 4.849481
v -2.453291 14.157110 4.849480
v -1.121603 13.679264 4.849481
v -2.453290 13.679261 4.849480
v -2.301348 14.102590 1.820174
v -1.273546 14.102592 1.820175
v -1.273545 13.733786 1.820175
v -2.301347 13.733783 1.820174
v -2.391036 14.134772 1.708490
v -1.183858 14.134774 1.708490
v -1.183857 13.701603 1.708489
v -2.391035 13.701600 1.708489
v -3.465709 4.020471 1.742602
v -3.465714 6.641603 1.742602
v -3.465709 4.020471 4.785649
v -3.465714 6.641603 4.785649
v -3.571981 4.020470 1.742602
v -3.571987 6.641603 1.742602
v -3.571981 4.020470 4.785649
v -3.571987 6.641603 4.785649
v -3.465717 7.826277 1.980844
v -3.465717 7.826277 4.547406
v -3.571990 7.826277 4.547406
v -3.571990 7.826277 1.980844
v -3.465719 8.817896 2.843620
v -3.465719 8.817896 3.684632
v -3.571992 8.817896 3.684632
v -3.571992 8.817896 2.843620
v -1.811080 14.070300 4.511761
v -1.811085 16.238857 4.511761
v -1.811080 14.070300 1.994135
v -1.811084 16.238859 1.994135
v -1.899004 14.070299 4.511761
v -1.899008 16.238857 4.511761
v -1.899003 14.070300 1.994135
v -1.899008 16.238859 1.994135
v -1.811088 17.218983 4.314653
v -1.811086 17.218983 2.191242
v -1.899010 17.218983 2.191242
v -1.899011 17.218983 4.314653
v -1.811088 18.039387 3.600847
v -1.811088 18.039387 2.905047
v -1.899012 18.039387 2.905047
v -1.899012 18.039387 3.600847
v 10.771228 6.051328 4.399538
v 10.775416 6.159509 1.818904
v 10.429262 6.051327 4.399538
v 10.425073 6.159509 1.818904
v 10.771229 5.633491 4.382852
v 10.775417 5.731435 1.801810
v 10.429263 5.633490 4.382852
v 10.425074 5.731434 1.801810
v 10.736073 6.059904 3.107403
v 10.464417 6.059904 3.107403
v 10.464418 5.727976 3.094148
v 10.736073 5.727977 3.094148
v 10.739131 6.073359 2.864225
v 10.461359 6.073358 2.864225
v 10.461360 5.733955 2.850672
v 10.739132 5.733956 2.850672
v 10.459163 6.056671 3.349417
v 10.459163 5.711901 3.335649
v 10.741328 5.711901 3.335649
v 10.741328 6.056671 3.349417
v 10.429262 6.050423 4.422190
v 10.771228 6.050424 4.422190
v 10.429263 5.632586 4.405505
v 10.771229 5.632586 4.405505
v 10.373281 6.115461 4.509156
v 10.827209 6.115462 4.509156
v 10.373282 5.560820 4.487007
v 10.827210 5.560821 4.487007
v 10.775416 6.160517 1.793678
v 10.425073 6.160516 1.793678
v 10.425074 5.732441 1.776583
v 10.775417 5.732442 1.776583
v 10.805988 6.201866 1.695148
v 10.394502 6.201865 1.695148
v 10.394503 5.699080 1.675070
v 10.805989 5.699081 1.675070
v 10.693967 2.650333 1.911742
v 10.697384 6.133684 1.730479
v 10.414460 2.650332 1.911742
v 10.411028 6.133683 1.730479
v 10.693967 2.670084 2.301589
v 10.697383 6.153919 2.129877
v 10.414460 2.670083 2.301589
v 10.411028 6.153918 2.129877
v 10.665229 4.394160 1.863576
v 10.443191 4.394160 1.863576
v 10.443191 4.409849 2.173268
v 10.665229 4.409850 2.173268
v 10.667728 4.722425 1.843449
v 10.440689 4.722424 1.843449
v 10.440689 4.738467 2.160115
v 10.667728 4.738467 2.160115
v 10.438896 4.067534 1.874117
v 10.438895 4.083831 2.195791
v 10.669525 4.083831 2.195791
v 10.669525 4.067534 1.874117
v 10.414460 2.619756 1.913291
v 10.693967 2.619757 1.913292
v 10.414460 2.639507 2.303138
v 10.693967 2.639508 2.303138
v 10.368704 2.502825 1.855232
v 10.739724 2.502826 1.855232
v 10.368704 2.529042 2.372718
v 10.739724 2.529043 2.372718
v 10.697383 6.167735 1.728754
v 10.411028 6.167734 1.728754
v 10.411028 6.187969 2.128152
v 10.697383 6.187969 2.128152
v 10.722371 6.300977 1.687062
v 10.386040 6.300976 1.687062
v 10.386040 6.324742 2.156165
v 10.722371 6.324743 2.156165
v 10.990895 2.627300 4.249915
v 11.004280 2.630882 1.853227
v 9.898353 2.627298 4.249915
v 9.884968 2.630880 1.853227
v 10.990896 2.334918 4.249915
v 11.004280 2.331336 1.853227
v 9.898353 2.334916 4.249915
v 9.884969 2.331334 1.853227
v 10.878579 2.597242 3.051571
v 10.010669 2.597240 3.051571
v 10.010669 2.364974 3.051571
v 10.878580 2.364976 3.051571
v 10.888351 2.599857 2.825606
v 10.000896 2.599855 2.825606
v 10.000897 2.362359 2.825606
v 10.888351 2.362360 2.825606
v 9.993879 2.601734 3.276078
v 9.993879 2.360481 3.276078
v 10.895370 2.360482 3.276078
v 10.895369 2.601735 3.276078
v 9.898353 2.627298 4.270951
v 10.990895 2.627300 4.270951
v 9.898353 2.334916 4.270951
v 10.990896 2.334918 4.270951
v 9.719498 2.675162 4.349174
v 11.169750 2.675165 4.349175
v 9.719499 2.287051 4.349174
v 11.169751 2.287054 4.349175
v 11.004280 2.630882 1.829801
v 9.884968 2.630879 1.829801
v 9.884969 2.331334 1.829801
v 11.004280 2.331336 1.829801
v 11.101954 2.657021 1.736916
v 9.787294 2.657018 1.736916
v 9.787295 2.305194 1.736916
v 11.101954 2.305197 1.736916
v -1.090395 18.728325 0.432216
v -1.170242 19.996321 0.511834
v -1.090395 18.728321 -0.222352
v -1.170242 19.996323 -0.302072
v -0.435826 18.728325 0.432216
v -0.356336 19.996323 0.511834
v -0.435826 18.728325 -0.222352
v -0.356336 19.996323 -0.302072
v -1.318670 20.181507 0.660261
v -1.318670 20.181509 -0.450501
v -0.207909 20.181511 -0.450501
v -0.207909 20.181511 0.660261
v -1.318670 20.275925 0.660261
v -1.318670 20.275925 -0.450501
v -0.207909 20.275927 -0.450501
v -0.207909 20.275928 0.660261
v -0.962708 18.728323 -0.222352
v -1.011474 19.996323 -0.302072
v -0.962708 18.728325 0.432216
v -1.011474 19.996323 0.511834
v -1.101993 20.181509 -0.450501
v -1.101993 20.181509 0.660261
v -1.101993 20.275925 -0.450501
v -1.101993 20.275925 0.660261
v -1.090395 18.728325 0.314370
v -1.170242 19.996323 0.365302
v -0.435826 18.728325 0.314370
v -0.356336 19.996325 0.365302
v -1.318670 20.181507 0.460284
v -0.207909 20.181511 0.460284
v -1.318670 20.275925 0.460284
v -0.207909 20.275927 0.460284
v -1.101993 20.275925 0.460284
v -1.170242 19.996323 -0.154608
v -0.435826 18.728325 -0.103757
v -1.318670 20.181509 -0.249253
v -1.318670 20.275925 -0.249252
v -1.090395 18.728321 -0.103757
v -0.356336 19.996323 -0.154608
v -0.207909 20.181511 -0.249253
v -0.207909 20.275927 -0.249252
v -1.101993 20.275925 -0.249252
v -0.511838 19.996323 -0.302072
v -0.560886 18.728325 0.432216
v -0.420127 20.181511 -0.450501
v -0.420127 20.275927 -0.450501
v -0.560886 18.728325 -0.222352
v -0.511838 19.996323 0.511834
v -0.420127 20.181511 0.660261
v -0.420127 20.275927 0.660261
v -0.420127 20.275925 0.460284
v -0.420127 20.275927 -0.249252
v -1.101994 20.649445 0.460283
v -1.101994 20.649445 -0.249253
v -0.420128 20.649448 0.460283
v -0.420128 20.649448 -0.249253
v -1.318671 20.609169 -0.249252
v -1.278398 20.649445 -0.249253
v -1.278398 20.649445 -0.410226
v -1.318671 20.609169 -0.450501
v -0.420128 20.609173 -0.450501
v -0.420128 20.649445 -0.410226
v -0.248183 20.649445 -0.410226
v -0.207910 20.609173 -0.450501
v -0.207910 20.609173 0.460283
v -0.248183 20.649448 0.460283
v -0.248183 20.649448 0.619987
v -0.207910 20.609173 0.660261
v -1.101994 20.609169 0.660261
v -1.101994 20.649445 0.619987
v -1.278398 20.649445 0.619987
v -1.318671 20.609169 0.660261
v -1.101994 20.649445 -0.410226
v -1.101994 20.609169 -0.450501
v -0.420128 20.609173 0.660261
v -0.420128 20.649445 0.619987
v -1.278398 20.649445 0.460283
v -1.318671 20.609169 0.460283
v -0.207910 20.609173 -0.249252
v -0.248183 20.649448 -0.249253
v -1.090389 16.453655 1.802869
v -1.090390 16.523779 1.897579
v -0.962702 16.134274 1.371514
v -1.090389 16.134274 1.371514
v -0.435821 16.204845 1.466827
v -0.435821 16.134274 1.371514
v -0.560882 16.523781 1.897579
v -0.435822 16.523781 1.897579
v -0.560881 16.134274 1.371514
v -0.962703 16.523779 1.897579
v -0.962702 16.453655 1.802869
v -1.090389 16.204845 1.466827
v -0.435821 16.453655 1.802869
v -0.962702 16.204845 1.466827
v -0.560881 16.453655 1.802869
v -0.560881 16.204845 1.466827
v 10.187212 4.010460 3.129589
v 10.169393 4.217368 3.129589
v 10.187212 4.010460 2.910716
v 10.169393 4.217368 2.910716
v 10.405279 4.029241 3.129589
v 10.387459 4.236148 3.129589
v 10.405279 4.029241 2.910716
v 10.387459 4.236148 2.910716
v 10.198211 4.067168 3.282477
v 10.182967 4.244158 3.282478
v 10.369504 4.260224 3.282478
v 10.384747 4.083233 3.282478
v 10.205897 4.240194 3.456933
v 10.198414 4.327085 3.348412
v 10.340106 4.339288 3.348412
v 10.347589 4.252397 3.456933
v 10.200650 4.419563 3.478761
v 10.201307 4.411936 3.357138
v 10.322747 4.422395 3.357138
v 10.322090 4.430022 3.478761
v 10.181902 4.637253 3.398366
v 10.184839 4.603144 3.281939
v 10.306280 4.613603 3.281939
v 10.303342 4.647712 3.398366
v 10.167776 4.801267 3.250383
v 10.175105 4.716174 3.168197
v 10.296545 4.726633 3.168197
v 10.289217 4.811726 3.250383
v 10.158334 4.910907 3.087774
v 10.168223 4.796072 3.077736
v 10.289664 4.806531 3.077736
v 10.279774 4.921366 3.087774
v 10.157823 4.916835 3.009506
v 10.167747 4.801610 3.009225
v 10.289187 4.812069 3.009225
v 10.279263 4.927294 3.009506
v 10.187212 4.010460 2.910716
v 10.169393 4.217368 2.910716
v 10.187212 4.010460 3.129589
v 10.169393 4.217368 3.129589
v 10.405279 4.029241 2.910716
v 10.387459 4.236148 2.910716
v 10.405279 4.029241 3.129589
v 10.387459 4.236148 3.129589
v 10.198211 4.067168 2.757827
v 10.182967 4.244158 2.757827
v 10.369504 4.260224 2.757827
v 10.384747 4.083233 2.757827
v 10.205897 4.240194 2.583372
v 10.198414 4.327085 2.691893
v 10.340106 4.339288 2.691893
v 10.347589 4.252397 2.583372
v 10.200650 4.419563 2.561544
v 10.201307 4.411936 2.683167
v 10.322747 4.422395 2.683167
v 10.322090 4.430022 2.561544
v 10.181902 4.637253 2.641939
v 10.184839 4.603144 2.758366
v 10.306280 4.613603 2.758366
v 10.303342 4.647712 2.641939
v 10.167776 4.801267 2.789921
v 10.175105 4.716174 2.872108
v 10.296545 4.726633 2.872108
v 10.289217 4.811726 2.789922
v 10.158334 4.910907 2.952531
v 10.168223 4.796072 2.962569
v 10.289664 4.806531 2.962569
v 10.279774 4.921366 2.952531
v 10.157823 4.916835 3.030799
v 10.167747 4.801610 3.031080
v 10.289187 4.812068 3.031080
v 10.279263 4.927294 3.030799
v 10.437518 4.240459 3.129589
v 10.455338 4.033553 3.129589
v 10.419562 4.264535 3.282478
v 10.434805 4.087545 3.282478
v 10.437518 4.240459 3.129589
v 10.455338 4.033553 3.129589
v 10.455338 4.033553 2.910716
v 10.437518 4.240459 2.910716
v 10.419562 4.264535 2.757827
v 10.434806 4.087545 2.757827
v 10.189745 3.981053 2.910716
v 10.189745 3.981053 3.129589
v 10.407811 3.999834 2.910716
v 10.407811 3.999834 3.129589
v 10.200743 4.037761 3.282478
v 10.387280 4.053826 3.282478
v 10.407811 3.999834 2.910716
v 10.407811 3.999834 3.129589
v 10.457870 4.004145 3.129589
v 10.189745 3.981053 2.910716
v 10.200743 4.037761 2.757827
v 10.387280 4.053826 2.757827
v 10.437338 4.058137 3.282478
v 10.457870 4.004145 2.910716
v 10.457870 4.004145 3.129589
v 10.437338 4.058137 2.757827
v 10.161418 5.074292 3.108767
v 10.139662 5.033579 3.130524
v 10.161418 5.074292 2.931919
v 10.139662 5.033579 2.910162
v 10.338266 5.074292 3.108767
v 10.360023 5.033579 3.130524
v 10.338266 5.074292 2.931919
v 10.360023 5.033579 2.910162
v 10.157245 4.661933 3.112942
v 10.139662 4.694834 3.130524
v 10.139662 4.694834 2.910162
v 10.157245 4.661933 2.927745
v 10.360023 4.694835 3.130524
v 10.342442 4.661933 3.112942
v 10.360023 4.694835 2.910162
v 10.342442 4.661933 2.927745
v 10.360023 5.000669 3.093681
v 10.360023 4.960181 3.103575
v 10.360023 4.931551 3.057100
v 10.360023 5.000068 3.041185
v 10.360023 4.896530 2.956652
v 10.360023 4.869014 3.004732
v 10.360023 4.797599 2.965629
v 10.360023 4.821525 2.935744
v 10.360023 4.976942 2.977705
v 10.360023 4.929064 2.995893
v 10.360023 4.912307 2.940712
v 10.360023 4.962360 2.935800
v 10.360023 4.744930 3.130524
v 10.360023 4.819436 3.065814
v 10.360023 4.717106 3.072369
v 10.360023 4.727259 3.015635
v 10.360023 4.779739 3.021187
v 10.360023 4.796804 3.001361
v 10.235493 4.931288 3.130524
v 10.189538 4.903419 3.130524
v 10.192094 4.854814 3.130524
v 10.236343 4.860633 3.130524
v 10.274860 4.904283 3.130524
v 10.317024 4.968297 3.130524
v 10.211535 5.014008 3.130524
v 10.195191 4.976954 3.130524
v 10.263471 4.981079 3.130524
v 10.298927 5.012937 3.130524
v 10.290348 4.808876 3.130524
v 10.219619 4.807630 3.130524
v 10.214518 4.753162 3.130524
v 10.283103 4.750371 3.130524
v 10.302758 4.777087 3.130524
v 10.326035 4.779963 3.130524
v 10.327016 4.832533 3.130524
v 10.235289 4.909105 2.910162
v 10.284151 4.876089 2.910162
v 10.211115 4.826841 2.910162
v 10.186430 4.866961 2.910162
v 10.320905 4.952381 2.910162
v 10.347093 5.006740 2.910162
v 10.233318 4.975028 2.910162
v 10.249225 5.009015 2.910162
v 10.297504 4.996880 2.910162
v 10.273943 4.782568 2.910162
v 10.295903 4.814071 2.910162
v 10.328118 4.787286 2.910162
v 10.313251 4.723426 2.910162
v 10.186980 4.724779 2.910162
v 10.215566 4.766662 2.910162
v 10.368138 5.000669 3.093681
v 10.368138 4.960181 3.103575
v 10.368138 4.931551 3.057100
v 10.368138 5.000068 3.041185
v 10.368138 4.896530 2.956652
v 10.368138 4.869014 3.004732
v 10.368138 4.797599 2.965629
v 10.368138 4.821525 2.935744
v 10.368138 4.976942 2.977705
v 10.368138 4.929064 2.995893
v 10.368138 4.912307 2.940712
v 10.368138 4.962360 2.935800
v 10.368138 4.819436 3.065814
v 10.368138 4.744930 3.130524
v 10.368139 4.717106 3.072369
v 10.368139 4.727259 3.015635
v 10.368138 4.779739 3.021187
v 10.368138 4.796804 3.001361
v 10.235289 4.909105 2.906163
v 10.284151 4.876089 2.906163
v 10.211115 4.826841 2.906163
v 10.186430 4.866961 2.906163
v 10.320905 4.952381 2.906163
v 10.347093 5.006740 2.906163
v 10.233318 4.975028 2.906163
v 10.249225 5.009015 2.906163
v 10.297504 4.996880 2.906163
v 10.273943 4.782568 2.906163
v 10.295903 4.814071 2.906163
v 10.328118 4.787286 2.906163
v 10.313251 4.723426 2.906163
v 10.186980 4.724779 2.906163
v 10.215566 4.766662 2.906163
v 10.235493 4.931288 3.137070
v 10.189538 4.903419 3.137070
v 10.192094 4.854814 3.137070
v 10.236343 4.860633 3.137070
v 10.274860 4.904283 3.137070
v 10.211535 5.014008 3.137070
v 10.195191 4.976954 3.137070
v 10.263471 4.981079 3.137070
v 10.317024 4.968297 3.137070
v 10.298927 5.012937 3.137070
v 10.290348 4.808876 3.137070
v 10.219619 4.807630 3.137070
v 10.214518 4.753162 3.137070
v 10.283103 4.750371 3.137070
v 10.302758 4.777087 3.137070
v 10.326035 4.779963 3.137070
v 10.327016 4.832533 3.137070
v 10.360023 4.983425 3.039115
v 10.368138 4.975958 2.978079
v 10.238342 4.907042 2.906163
v 10.360023 4.933851 3.091699
v 10.368138 5.009356 3.068201
v 10.360023 5.009265 3.067935
v 10.368138 4.933044 3.090389
v -3.118110 12.582885 2.462615
v -3.118098 7.560686 2.462615
v -3.118110 12.582885 3.508500
v -3.118098 7.560686 3.508500
v -2.818287 12.582885 2.462615
v -2.818275 7.560687 2.462615
v -2.818287 12.582886 3.508500
v -2.818275 7.560687 3.508500
v -3.118110 12.582886 4.031328
v -3.118099 7.560686 4.031328
v -3.118110 12.582884 2.985442
v -3.118098 7.560686 2.985443
v -2.818287 12.582886 4.031328
v -2.818276 7.560687 4.031328
v -2.818287 12.582885 2.985442
v -2.818275 7.560686 2.985443
v 7.258475 12.582908 4.007340
v 7.258487 7.560709 4.007340
v 7.258476 12.582907 2.961455
v 7.258487 7.560709 2.961455
v 6.958653 12.582908 4.007340
v 6.958665 7.560708 4.007340
v 6.958653 12.582906 2.961455
v 6.958665 7.560708 2.961455
v 7.258476 12.582908 2.438633
v 7.258487 7.560709 2.438633
v 7.258475 12.582908 3.484518
v 7.258487 7.560709 3.484518
v 6.958653 12.582907 2.438633
v 6.958665 7.560709 2.438633
v 6.958653 12.582908 3.484518
v 6.958665 7.560709 3.484518
v 10.671249 6.663343 4.411052
v 10.634768 1.835070 3.909097
v 10.740935 6.558987 5.409778
v 10.704454 1.730715 4.907824
v 10.371893 6.663432 4.431949
v 10.335412 1.835160 3.929995
v 10.441579 6.559076 5.430675
v 10.405098 1.730804 4.928721
v 10.671249 6.663342 1.646201
v 10.634768 1.835070 2.148156
v 10.740936 6.558987 0.647475
v 10.704455 1.730715 1.149429
v 10.371893 6.663432 1.625304
v 10.335412 1.835160 2.127259
v 10.441580 6.559076 0.626578
v 10.405099 1.730804 1.128533
v 10.598888 5.857561 4.524556
v 10.598888 5.857561 1.637507
v 10.598886 6.458796 4.524556
v 10.598886 6.458796 1.637507
v 10.426533 5.857560 4.524556
v 10.426533 5.857560 1.637507
v 10.426532 6.458796 4.524556
v 10.426532 6.458796 1.637507
v -0.640038 13.733593 5.716030
v -0.640030 10.354939 4.987547
v -1.614516 13.733591 5.716030
v -1.614509 10.354937 4.987547
v -0.640038 13.671370 6.004621
v -0.640030 10.292715 5.276138
v -1.614516 13.671367 6.004621
v -1.614509 10.292713 5.276138
v 0.312301 13.733596 5.716030
v 0.312308 10.354941 4.987547
v -0.662178 13.733593 5.716030
v -0.662170 10.354939 4.987547
v 0.312301 13.671371 6.004621
v 0.312308 10.292717 5.276138
v -0.662178 13.671370 6.004621
v -0.662170 10.292715 5.276138
v 1.205260 13.733598 5.716030
v 1.205268 10.354944 4.987547
v 0.230781 13.733595 5.716030
v 0.230788 10.354941 4.987547
v 1.205260 13.671373 6.004621
v 1.205268 10.292719 5.276138
v 0.230781 13.671371 6.004621
v 0.230788 10.292717 5.276138
v 2.157598 13.733600 5.716030
v 2.157606 10.354946 4.987547
v 1.183119 13.733598 5.716030
v 1.183126 10.354944 4.987547
v 2.157598 13.671375 6.004622
v 2.157606 10.292722 5.276138
v 1.183119 13.671373 6.004621
v 1.183126 10.292719 5.276138
v 3.087416 13.733602 5.716031
v 3.087424 10.354948 4.987547
v 2.112937 13.733600 5.716030
v 2.112945 10.354946 4.987547
v 3.087416 13.671378 6.004622
v 3.087424 10.292724 5.276138
v 2.112937 13.671375 6.004622
v 2.112945 10.292722 5.276138
v 3.188468 14.310799 1.433240
v 3.188478 9.667587 1.898193
v 3.188468 14.213971 0.466280
v 3.188478 9.570759 0.931233
v 2.909884 14.310799 1.433240
v 2.909894 9.667585 1.898193
v 2.909885 14.213970 0.466280
v 2.909894 9.570759 0.931233
v 3.188478 9.570759 1.847831
v 3.188468 14.213971 1.382878
v 3.188478 9.667585 2.814791
v 3.188468 14.310799 2.349838
v 2.909894 9.570758 1.847831
v 2.909885 14.213970 1.382878
v 2.909894 9.667585 2.814791
v 2.909884 14.310798 2.349838
v 3.188468 14.310799 3.281929
v 3.188478 9.667586 3.746882
v 3.188468 14.213971 2.314968
v 3.188478 9.570759 2.779922
v 2.909884 14.310798 3.281929
v 2.909894 9.667585 3.746882
v 2.909885 14.213970 2.314968
v 2.909894 9.570759 2.779922
v 3.188468 14.310799 5.131859
v 3.188478 9.667587 4.666906
v 3.188467 14.213971 6.098819
v 3.188478 9.570759 5.633866
v 2.909884 14.310798 5.131859
v 2.909895 9.667586 4.666906
v 2.909884 14.213970 6.098819
v 2.909894 9.570759 5.633866
v 3.188478 9.570759 4.717263
v 3.188467 14.213972 5.182216
v 3.188478 9.667587 3.750303
v 3.188468 14.310799 4.215256
v 2.909894 9.570759 4.717263
v 2.909884 14.213971 5.182216
v 2.909895 9.667585 3.750303
v 2.909884 14.310799 4.215256
v 3.188468 14.310798 3.283165
v 3.188478 9.667587 2.818213
v 3.188467 14.213972 4.250125
v 3.188478 9.570759 3.785173
v 2.909884 14.310798 3.283165
v 2.909895 9.667586 2.818212
v 2.909884 14.213971 4.250125
v 2.909894 9.570759 3.785173
v -1.762436 14.310787 1.433240
v -1.762426 9.667576 1.898193
v -1.762436 14.213960 0.466279
v -1.762426 9.570747 0.931232
v -1.483852 14.310788 1.433240
v -1.483843 9.667576 1.898193
v -1.483852 14.213961 0.466279
v -1.483843 9.570748 0.931232
v -1.762426 9.570747 1.847831
v -1.762436 14.213960 1.382878
v -1.762426 9.667575 2.814791
v -1.762436 14.310787 2.349838
v -1.483843 9.570747 1.847831
v -1.483852 14.213961 1.382878
v -1.483843 9.667576 2.814791
v -1.483852 14.310788 2.349838
v -1.762436 14.310788 3.281929
v -1.762426 9.667576 3.746882
v -1.762436 14.213961 2.314968
v -1.762426 9.570747 2.779922
v -1.483852 14.310789 3.281929
v -1.483843 9.667576 3.746882
v -1.483852 14.213962 2.314968
v -1.483843 9.570749 2.779922
v -1.762437 14.310787 5.131858
v -1.762426 9.667576 4.666905
v -1.762437 14.213960 6.098819
v -1.762426 9.570748 5.633866
v -1.483853 14.310788 5.131858
v -1.483844 9.667576 4.666905
v -1.483854 14.213961 6.098819
v -1.483843 9.570749 5.633866
v -1.762426 9.570748 4.717263
v -1.762436 14.213961 5.182216
v -1.762425 9.667576 3.750303
v -1.762437 14.310787 4.215255
v -1.483843 9.570749 4.717263
v -1.483853 14.213961 5.182216
v -1.483843 9.667576 3.750303
v -1.483853 14.310788 4.215255
v -1.762436 14.310787 3.283165
v -1.762425 9.667576 2.818212
v -1.762436 14.213961 4.250125
v -1.762426 9.570748 3.785172
v -1.483852 14.310787 3.283165
v -1.483843 9.667576 2.818212
v -1.483853 14.213962 4.250125
v -1.483843 9.570749 3.785172
v -0.640038 13.733593 0.688246
v -0.640030 10.354939 1.416730
v -1.614516 13.733591 0.688246
v -1.614509 10.354937 1.416730
v -0.640038 13.671370 0.399656
v -0.640030 10.292715 1.128139
v -1.614516 13.671367 0.399656
v -1.614509 10.292713 1.128139
v 0.312301 13.733595 0.688246
v 0.312308 10.354941 1.416730
v -0.662178 13.733593 0.688246
v -0.662170 10.354939 1.416730
v 0.312301 13.671371 0.399656
v 0.312308 10.292717 1.128139
v -0.662178 13.671370 0.399656
v -0.662170 10.292715 1.128139
v 1.205260 13.733597 0.688246
v 1.205268 10.354943 1.416730
v 0.230781 13.733595 0.688246
v 0.230788 10.354940 1.416730
v 1.205260 13.671373 0.399656
v 1.205268 10.292719 1.128139
v 0.230781 13.671371 0.399656
v 0.230788 10.292717 1.128139
v 2.157598 13.733600 0.688246
v 2.157606 10.354945 1.416730
v 1.183119 13.733597 0.688246
v 1.183126 10.354943 1.416730
v 2.157598 13.671375 0.399656
v 2.157606 10.292722 1.128139
v 1.183119 13.671373 0.399656
v 1.183126 10.292719 1.128139
v 3.087417 13.733602 0.688247
v 3.087424 10.354948 1.416730
v 2.112937 13.733599 0.688246
v 2.112945 10.354945 1.416730
v 3.087417 13.671377 0.399656
v 3.087425 10.292724 1.128139
v 2.112937 13.671375 0.399656
v 2.112945 10.292721 1.128139
v -3.390688 6.977054 -1.214721
v -3.371297 6.968384 7.437428
v -2.694234 6.977056 -1.216969
v -2.657777 6.968386 7.435124
v -3.390690 7.684621 -1.214721
v -3.371298 7.693289 7.437428
v -2.694236 7.684623 -1.216969
v -2.657778 7.693290 7.435124
v -3.305129 7.049793 3.111108
v -2.751869 7.049794 3.109323
v -2.751871 7.611883 3.109323
v -3.305131 7.611882 3.111109
v -3.308725 7.043464 3.926870
v -2.743009 7.043466 3.925044
v -2.743011 7.618212 3.925044
v -3.308727 7.618211 3.926870
v -2.743783 7.038921 2.298810
v -2.743784 7.622756 2.298810
v -3.318448 7.622755 2.300665
v -3.318447 7.038920 2.300665
v -2.694478 6.977056 -1.292912
v -3.390932 6.977055 -1.290663
v -2.694480 7.684623 -1.292911
v -3.390934 7.684622 -1.290663
v -2.581376 6.861224 -1.575669
v -3.505857 6.861221 -1.572685
v -2.581378 7.800455 -1.575669
v -3.505858 7.800453 -1.572684
v -3.371023 6.968384 7.521998
v -2.657506 6.968386 7.519696
v -2.657507 7.693290 7.519696
v -3.371024 7.693289 7.521998
v -3.432201 6.905128 7.857515
v -2.594158 6.905130 7.854811
v -2.594160 7.756546 7.854811
v -3.432203 7.756544 7.857515
v -3.431786 6.905128 7.986633
v -2.593741 6.905130 7.983930
v -2.593743 7.756546 7.983930
v -3.431787 7.756544 7.986634
v -2.581820 6.861224 -1.712812
v -3.506300 6.861221 -1.709828
v -2.581821 7.800455 -1.712812
v -3.506302 7.800453 -1.709828
v 7.575870 6.977078 -1.110895
v 7.556475 6.968409 7.541254
v 6.879416 6.977077 -1.113143
v 6.842956 6.968407 7.538950
v 7.575868 7.684646 -1.110894
v 7.556474 7.693314 7.541254
v 6.879414 7.684645 -1.113143
v 6.842954 7.693312 7.538950
v 7.490309 7.049817 3.214934
v 6.937049 7.049816 3.213149
v 6.937047 7.611905 3.213149
v 7.490307 7.611906 3.214934
v 7.493905 7.043488 4.030696
v 6.928188 7.043487 4.028870
v 6.928186 7.618234 4.028870
v 7.493904 7.618235 4.030696
v 6.928962 7.038943 2.402636
v 6.928961 7.622777 2.402636
v 7.503625 7.622779 2.404491
v 7.503627 7.038944 2.404491
v 6.879660 6.977077 -1.189085
v 7.576114 6.977079 -1.186837
v 6.879658 7.684644 -1.189085
v 7.576113 7.684646 -1.186837
v 6.766558 6.861245 -1.471843
v 7.691039 6.861246 -1.468859
v 6.766556 7.800476 -1.471844
v 7.691036 7.800478 -1.468858
v 7.556201 6.968409 7.625824
v 6.842684 6.968407 7.623522
v 6.842682 7.693312 7.623522
v 7.556199 7.693313 7.625825
v 7.617380 6.905153 7.961341
v 6.779337 6.905151 7.958637
v 6.779335 7.756567 7.958637
v 7.617378 7.756568 7.961341
v 7.616964 6.905153 8.090460
v 6.778921 6.905151 8.087755
v 6.778919 7.756567 8.087755
v 7.616962 7.756569 8.090460
v 6.767002 6.861245 -1.608986
v 7.691482 6.861246 -1.606002
v 6.767000 7.800475 -1.608986
v 7.691480 7.800478 -1.606002
v 10.785828 6.187762 1.068214
v 10.769850 6.180619 5.259911
v 10.212057 6.187760 1.067125
v 10.182020 6.180618 5.258795
v 10.785827 6.770688 1.068214
v 10.769849 6.777829 5.259911
v 10.212055 6.770686 1.067125
v 10.182019 6.777827 5.258795
v 10.715339 6.247687 3.163944
v 10.259539 6.247686 3.163079
v 10.259537 6.710761 3.163079
v 10.715338 6.710762 3.163944
v 10.718302 6.242473 3.559155
v 10.252238 6.242472 3.558270
v 10.252237 6.715975 3.558270
v 10.718301 6.715976 3.559155
v 10.252876 6.238729 2.770411
v 10.252875 6.719718 2.770411
v 10.726310 6.719719 2.771309
v 10.726311 6.238729 2.771309
v 10.212258 6.187760 1.030333
v 10.786029 6.187762 1.031422
v 10.212257 6.770686 1.030333
v 10.786028 6.770688 1.031422
v 10.119080 6.092333 0.893346
v 10.880709 6.092334 0.894792
v 10.119079 6.866114 0.893346
v 10.880708 6.866115 0.894792
v 10.769624 6.180619 5.300883
v 10.181797 6.180618 5.299767
v 10.181795 6.777827 5.299767
v 10.769623 6.777829 5.300883
v 10.820026 6.128507 5.463430
v 10.129609 6.128505 5.462120
v 10.129607 6.829940 5.462120
v 10.820025 6.829941 5.463430
v 10.819684 6.128507 5.525984
v 10.129266 6.128505 5.524674
v 10.129264 6.829940 5.524674
v 10.819682 6.829942 5.525985
v 10.119446 6.092333 0.826904
v 10.881075 6.092334 0.828350
v 10.119444 6.866113 0.826904
v 10.881073 6.866115 0.828350
v 3.357849 14.166500 0.634459
v 3.342880 14.159754 5.691546
v 2.820297 14.166498 0.633146
v 2.792156 14.159753 5.690199
v 3.357848 14.717052 0.634459
v 3.342878 14.723795 5.691546
v 2.820296 14.717050 0.633146
v 2.792155 14.723793 5.690199
v 3.291810 14.223098 3.162860
v 2.864781 14.223096 3.161816
v 2.864780 14.660452 3.161816
v 3.291809 14.660453 3.162860
v 3.294586 14.218173 3.639663
v 2.857942 14.218172 3.638596
v 2.857941 14.665377 3.638596
v 3.294585 14.665379 3.639663
v 2.858540 14.214635 2.688080
v 2.858538 14.668912 2.688080
v 3.302088 14.668913 2.689164
v 3.302089 14.214637 2.689164
v 2.820486 14.166498 0.588758
v 3.358037 14.166501 0.590072
v 2.820485 14.717050 0.588758
v 3.358037 14.717052 0.590072
v 2.733189 14.076371 0.423490
v 3.446742 14.076371 0.425233
v 2.733187 14.807177 0.423489
v 3.446740 14.807178 0.425233
v 3.342668 14.159754 5.740977
v 2.791947 14.159753 5.739631
v 2.791945 14.723794 5.739631
v 3.342667 14.723795 5.740977
v 3.389889 14.110536 5.937083
v 2.743053 14.110534 5.935502
v 2.743052 14.773012 5.935502
v 3.389888 14.773014 5.937083
v 3.389568 14.110536 6.012551
v 2.742731 14.110534 6.010970
v 2.742730 14.773013 6.010970
v 3.389566 14.773014 6.012551
v 2.733532 14.076370 0.343331
v 3.447084 14.076372 0.345074
v 2.733530 14.807178 0.343331
v 3.447083 14.807178 0.345075
v -1.931813 14.166489 0.634459
v -1.916844 14.159742 5.691545
v -1.394261 14.166490 0.633145
v -1.366121 14.159744 5.690199
v -1.931814 14.717040 0.634459
v -1.916846 14.723784 5.691545
v -1.394262 14.717041 0.633145
v -1.366123 14.723785 5.690199
v -1.865775 14.223087 3.162859
v -1.438745 14.223087 3.161816
v -1.438746 14.660443 3.161816
v -1.865776 14.660442 3.162859
v -1.868551 14.218163 3.639663
v -1.431908 14.218163 3.638596
v -1.431909 14.665368 3.638596
v -1.868552 14.665367 3.639663
v -1.432505 14.214626 2.688080
v -1.432506 14.668903 2.688080
v -1.876055 14.668901 2.689164
v -1.876054 14.214626 2.689164
v -1.394450 14.166490 0.588758
v -1.932002 14.166489 0.590071
v -1.394451 14.717041 0.588758
v -1.932003 14.717040 0.590072
v -1.307153 14.076363 0.423489
v -2.020705 14.076360 0.425233
v -1.307154 14.807168 0.423489
v -2.020706 14.807167 0.425233
v -1.916634 14.159742 5.740976
v -1.365911 14.159744 5.739631
v -1.365913 14.723785 5.739631
v -1.916636 14.723784 5.740976
v -1.963854 14.110524 5.937082
v -1.317019 14.110525 5.935502
v -1.317020 14.773005 5.935502
v -1.963856 14.773004 5.937082
v -1.963532 14.110524 6.012550
v -1.316697 14.110526 6.010970
v -1.316699 14.773004 6.010970
v -1.963534 14.773003 6.012550
v -1.307496 14.076363 0.343330
v -2.021049 14.076361 0.345074
v -1.307497 14.807169 0.343330
v -2.021049 14.807167 0.345074
v 1.669352 2.017435 7.324991
v 1.720586 7.753045 7.372654
v 2.380813 2.017437 7.325196
v 2.329528 7.753047 7.372830
v 1.669161 2.017436 7.986337
v 1.720422 7.753044 7.938703
v 2.380622 2.017437 7.986542
v 2.329365 7.753046 7.938878
v 1.748718 5.027501 7.398817
v 2.301390 5.027503 7.398976
v 2.301242 5.027503 7.912716
v 1.748571 5.027501 7.912557
v 1.748718 5.591299 7.398816
v 2.301389 5.591300 7.398976
v 2.301241 5.591300 7.912716
v 1.748570 5.591299 7.912557
v 2.301391 4.467342 7.398976
v 2.301242 4.467342 7.912716
v 1.748572 4.467341 7.912557
v 1.748719 4.467341 7.398817
v 1.758180 6.957352 7.407888
v 1.758179 7.357078 7.407888
v 2.305969 6.957353 7.408046
v 2.305968 7.357080 7.408046
v 1.758032 6.957352 7.917091
v 1.758032 7.357079 7.917092
v 2.305822 6.957353 7.917250
v 2.305822 7.357080 7.917250
v 1.323812 6.809816 7.407763
v 1.123678 7.185865 7.407705
v 1.123531 7.185865 7.916909
v 1.323665 6.809816 7.916966
v 0.365058 6.471954 7.407487
v -0.013350 6.778735 7.407377
v -0.013497 6.778734 7.916581
v 0.364912 6.471954 7.916690
v -0.228787 5.958760 7.407315
v -0.771041 6.115306 7.407159
v -0.771189 6.115306 7.916363
v -0.228935 5.958760 7.916519
v -0.989967 5.011144 7.407096
v -1.548588 5.143120 7.406935
v -1.548736 5.143120 7.916139
v -0.990114 5.011144 7.916300
v -1.444010 4.123395 7.406965
v -2.029485 4.176801 7.406796
v -2.029632 4.176801 7.916000
v -1.444156 4.123395 7.916169
v -1.713739 3.489255 7.406887
v -2.303727 3.494580 7.406717
v -2.303873 3.494580 7.915921
v -1.713886 3.489255 7.916091
v -2.163384 1.992719 7.406758
v -2.753372 1.998044 7.406588
v -2.753519 1.998044 7.915792
v -2.163530 1.992719 7.915961
v 2.343886 6.957353 7.408057
v 2.343885 7.357080 7.408057
v 1.796097 6.957352 7.407899
v 1.796096 7.357079 7.407899
v 2.343740 6.957353 7.917261
v 2.343740 7.357080 7.917261
v 1.795949 6.957352 7.917103
v 1.795949 7.357079 7.917103
v 2.778255 6.809820 7.408183
v 2.978386 7.185870 7.408240
v 2.978240 7.185870 7.917444
v 2.778108 6.809820 7.917386
v 3.737010 6.471962 7.408459
v 4.115417 6.778744 7.408568
v 4.115270 6.778744 7.917771
v 3.736863 6.471962 7.917663
v 4.330858 5.958770 7.408630
v 4.873111 6.115319 7.408786
v 4.872964 6.115319 7.917990
v 4.330711 5.958770 7.917833
v 5.092041 5.011157 7.408850
v 5.650662 5.143136 7.409011
v 5.650516 5.143136 7.918214
v 5.091895 5.011158 7.918053
v 5.546087 4.123411 7.408980
v 6.131563 4.176819 7.409149
v 6.131416 4.176819 7.918353
v 5.545940 4.123411 7.918184
v 5.815821 3.489272 7.409059
v 6.405808 3.494600 7.409228
v 6.405662 3.494600 7.918432
v 5.815674 3.489272 7.918262
v 6.265471 1.992738 7.409188
v 6.855458 1.998065 7.409358
v 6.855312 1.998065 7.918561
v 6.265325 1.992738 7.918391
v 1.669353 2.017436 -0.942558
v 1.720587 7.753045 -0.990222
v 2.380814 2.017437 -0.942763
v 2.329529 7.753046 -0.990397
v 1.669162 2.017435 -1.603904
v 1.720423 7.753045 -1.556270
v 2.380623 2.017437 -1.604108
v 2.329366 7.753046 -1.556446
v 1.748719 5.027501 -1.016384
v 2.301391 5.027503 -1.016543
v 2.301243 5.027503 -1.530283
v 1.748572 5.027501 -1.530124
v 1.748718 5.591299 -1.016384
v 2.301390 5.591300 -1.016543
v 2.301242 5.591300 -1.530283
v 1.748571 5.591299 -1.530125
v 2.301392 4.467342 -1.016543
v 2.301245 4.467342 -1.530283
v 1.748574 4.467340 -1.530124
v 1.748720 4.467341 -1.016384
v 1.758181 6.957352 -1.025457
v 1.758180 7.357078 -1.025457
v 2.305970 6.957353 -1.025615
v 2.305969 7.357080 -1.025615
v 1.758034 6.957352 -1.534661
v 1.758033 7.357078 -1.534661
v 2.305824 6.957353 -1.534819
v 2.305823 7.357080 -1.534819
v 1.323812 6.809816 -1.025332
v 1.123679 7.185865 -1.025274
v 1.123532 7.185865 -1.534478
v 1.323666 6.809816 -1.534535
v 0.365059 6.471954 -1.025056
v -0.013350 6.778734 -1.024947
v -0.013496 6.778734 -1.534151
v 0.364913 6.471954 -1.534260
v -0.228786 5.958760 -1.024885
v -0.771040 6.115306 -1.024729
v -0.771187 6.115306 -1.533932
v -0.228934 5.958760 -1.534089
v -0.989966 5.011144 -1.024666
v -1.548587 5.143120 -1.024505
v -1.548735 5.143120 -1.533708
v -0.990113 5.011144 -1.533869
v -1.444009 4.123395 -1.024535
v -2.029484 4.176800 -1.024366
v -2.029631 4.176800 -1.533570
v -1.444155 4.123395 -1.533739
v -1.713738 3.489255 -1.024457
v -2.303726 3.494580 -1.024288
v -2.303872 3.494580 -1.533491
v -1.713885 3.489255 -1.533661
v -2.163383 1.992719 -1.024328
v -2.753371 1.998044 -1.024158
v -2.753518 1.998044 -1.533361
v -2.163529 1.992719 -1.533532
v 2.343887 6.957353 -1.025626
v 2.343886 7.357080 -1.025626
v 1.796098 6.957352 -1.025468
v 1.796097 7.357078 -1.025468
v 2.343741 6.957353 -1.534830
v 2.343740 7.357079 -1.534830
v 1.795951 6.957352 -1.534672
v 1.795950 7.357078 -1.534671
v 2.778256 6.809819 -1.025752
v 2.978387 7.185870 -1.025809
v 2.978240 7.185870 -1.535013
v 2.778108 6.809820 -1.534955
v 3.737010 6.471962 -1.026027
v 4.115418 6.778744 -1.026136
v 4.115271 6.778744 -1.535340
v 3.736864 6.471961 -1.535232
v 4.330859 5.958770 -1.026198
v 4.873112 6.115319 -1.026355
v 4.872965 6.115319 -1.535558
v 4.330711 5.958770 -1.535402
v 5.092042 5.011157 -1.026418
v 5.650663 5.143136 -1.026579
v 5.650516 5.143136 -1.535782
v 5.091896 5.011157 -1.535621
v 5.546088 4.123411 -1.026548
v 6.131564 4.176818 -1.026718
v 6.131417 4.176818 -1.535921
v 5.545941 4.123411 -1.535752
v 5.815822 3.489272 -1.026627
v 6.405809 3.494599 -1.026796
v 6.405663 3.494599 -1.536000
v 5.815675 3.489272 -1.535830
v 6.265472 1.992737 -1.026756
v 6.855459 1.998065 -1.026926
v 6.855313 1.998065 -1.536129
v 6.265325 1.992737 -1.535959
v -2.709483 2.017426 2.847307
v -2.757158 7.753035 2.895676
v -2.709676 2.017426 3.518855
v -2.757324 7.753035 3.470458
v -3.370828 2.017424 2.847116
v -3.323206 7.753034 2.895513
v -3.371021 2.017425 3.518664
v -3.323372 7.753034 3.470294
v -2.783313 5.027492 2.922226
v -2.783463 5.027491 3.443893
v -3.297204 5.027490 3.443745
v -3.297053 5.027490 2.922078
v -2.783315 5.591289 2.922226
v -2.783465 5.591289 3.443893
v -3.297205 5.591288 3.443744
v -3.297055 5.591288 2.922078
v -2.783463 4.467331 3.443893
v -3.297203 4.467330 3.443744
v -3.297052 4.467330 2.922078
v -2.783313 4.467331 2.922226
v -2.792391 6.957341 2.931161
v -2.792392 7.357068 2.931161
v -2.792541 6.957341 3.448220
v -2.792542 7.357068 3.448220
v -3.301595 6.957340 2.931014
v -3.301596 7.357067 2.931014
v -3.301744 6.957340 3.448073
v -3.301745 7.357067 3.448073
v -2.792274 6.809807 2.521161
v -2.792219 7.185857 2.332255
v -3.301422 7.185856 2.332108
v -3.301477 6.809806 2.521014
v -2.792011 6.471947 1.616191
v -2.791908 6.778728 1.259012
v -3.301111 6.778727 1.258865
v -3.301215 6.471946 1.616044
v -2.791847 5.958754 1.055659
v -2.791701 6.115302 0.543825
v -3.300905 6.115301 0.543678
v -3.301051 5.958753 1.055512
v -2.791638 5.011139 0.337178
v -2.791486 5.143117 -0.190104
v -3.300690 5.143116 -0.190252
v -3.300842 5.011138 0.337031
v -2.791513 4.123392 -0.091394
v -2.791354 4.176799 -0.644026
v -3.300557 4.176797 -0.644173
v -3.300716 4.123391 -0.091541
v -2.791437 3.489253 -0.345994
v -2.791277 3.494579 -0.902884
v -3.300481 3.494578 -0.903032
v -3.300641 3.489252 -0.346141
v -2.791312 1.992717 -0.770417
v -2.791152 1.998043 -1.327307
v -3.300356 1.998042 -1.327455
v -3.300516 1.992716 -0.770564
v -2.792551 6.957342 3.484010
v -2.792552 7.357068 3.484010
v -2.792401 6.957341 2.966951
v -2.792402 7.357068 2.966951
v -3.301754 6.957340 3.483864
v -3.301755 7.357067 3.483864
v -3.301605 6.957340 2.966804
v -3.301606 7.357067 2.966804
v -2.792668 6.809807 3.894011
v -2.792725 7.185857 4.082916
v -3.301928 7.185856 4.082769
v -3.301872 6.809806 3.893864
v -2.792929 6.471948 4.798980
v -2.793033 6.778728 5.156160
v -3.302237 6.778727 5.156013
v -3.302133 6.471946 4.798833
v -2.793090 5.958755 5.359513
v -2.793237 6.115302 5.871346
v -3.302441 6.115301 5.871200
v -3.302294 5.958753 5.359366
v -2.793296 5.011140 6.077993
v -2.793447 5.143117 6.605276
v -3.302650 5.143116 6.605129
v -3.302499 5.011138 6.077847
v -2.793417 4.123393 6.506566
v -2.793576 4.176799 7.059197
v -3.302780 4.176798 7.059050
v -3.302621 4.123392 6.506419
v -2.793489 3.489253 6.761166
v -2.793649 3.494579 7.318056
v -3.302852 3.494578 7.317909
v -3.302691 3.489252 6.761019
v -2.793608 1.992718 7.185589
v -2.793769 1.998044 7.742478
v -3.302973 1.998043 7.742332
v -3.302812 1.992717 7.185442
v -2.709508 13.188361 2.847303
v -2.757157 7.452752 2.895673
v -2.709702 13.188362 3.518851
v -2.757323 7.452752 3.470454
v -3.370853 13.188360 2.847112
v -3.323205 7.452751 2.895509
v -3.371047 13.188359 3.518661
v -3.323372 7.452751 3.470291
v -2.783325 10.178295 2.922223
v -2.783476 10.178295 3.443889
v -3.297216 10.178295 3.443741
v -3.297066 10.178295 2.922074
v -2.783323 9.614498 2.922223
v -2.783474 9.614498 3.443889
v -3.297215 9.614497 3.443741
v -3.297064 9.614496 2.922075
v -2.783477 10.738457 3.443889
v -3.297217 10.738455 3.443741
v -3.297067 10.738455 2.922074
v -2.783326 10.738456 2.922223
v 6.894681 2.017447 3.500412
v 6.942331 7.753057 3.452042
v 6.894876 2.017447 2.828863
v 6.942497 7.753057 2.877260
v 7.556026 2.017449 3.500602
v 7.508379 7.753057 3.452205
v 7.556220 2.017449 2.829054
v 7.508545 7.753057 2.877424
v 6.968499 5.027513 3.425492
v 6.968650 5.027513 2.903825
v 7.482389 5.027514 2.903974
v 7.482239 5.027514 3.425640
v 6.968498 5.591311 3.425492
v 6.968648 5.591311 2.903825
v 7.482388 5.591312 2.903974
v 7.482238 5.591312 3.425640
v 6.968651 4.467352 2.903825
v 7.482391 4.467354 2.903974
v 7.482240 4.467354 3.425640
v 6.968500 4.467352 3.425492
v 6.977568 6.957363 3.416556
v 6.977567 7.357090 3.416556
v 6.977717 6.957363 2.899496
v 6.977716 7.357090 2.899496
v 7.486772 6.957365 3.416703
v 7.486771 7.357091 3.416703
v 7.486920 6.957364 2.899643
v 7.486919 7.357091 2.899643
v 6.977449 6.809829 3.826556
v 6.977394 7.185879 4.015461
v 7.486598 7.185880 4.015609
v 7.486653 6.809830 3.826703
v 6.977189 6.471969 4.731525
v 6.977085 6.778750 5.088705
v 7.486289 6.778751 5.088852
v 7.486393 6.471971 4.731672
v 6.977029 5.958776 5.292058
v 6.976880 6.115324 5.803892
v 7.486084 6.115324 5.804039
v 7.486232 5.958777 5.292205
v 6.976823 5.011161 6.010538
v 6.976670 5.143139 6.537821
v 7.485874 5.143140 6.537969
v 7.486027 5.011163 6.010685
v 6.976701 4.123415 6.439111
v 6.976542 4.176821 6.991742
v 7.485745 4.176822 6.991889
v 7.485905 4.123415 6.439258
v 6.976629 3.489275 6.693711
v 6.976469 3.494601 7.250601
v 7.485672 3.494602 7.250748
v 7.485833 3.489276 6.693858
v 6.976510 1.992739 7.118134
v 6.976349 1.998066 7.675024
v 7.485553 1.998067 7.675171
v 7.485714 1.992741 7.118281
v 6.977727 6.957363 2.863706
v 6.977726 7.357090 2.863706
v 6.977578 6.957363 3.380766
v 6.977577 7.357090 3.380765
v 7.486931 6.957364 2.863853
v 7.486930 7.357091 2.863853
v 7.486782 6.957364 3.380913
v 7.486781 7.357091 3.380913
v 6.977846 6.809829 2.453706
v 6.977900 7.185879 2.264800
v 7.487103 7.185880 2.264947
v 7.487050 6.809830 2.453853
v 6.978108 6.471969 1.548736
v 6.978210 6.778750 1.191557
v 7.487414 6.778751 1.191704
v 7.487312 6.471971 1.548883
v 6.978271 5.958776 0.988204
v 6.978418 6.115324 0.476370
v 7.487622 6.115324 0.476517
v 7.487474 5.958777 0.988351
v 6.978480 5.011161 0.269723
v 6.978632 5.143139 -0.257560
v 7.487836 5.143140 -0.257412
v 7.487684 5.011162 0.269871
v 6.978606 4.123414 -0.158849
v 6.978765 4.176820 -0.711481
v 7.487969 4.176822 -0.711333
v 7.487810 4.123415 -0.158702
v 6.978681 3.489275 -0.413449
v 6.978842 3.494601 -0.970340
v 7.488046 3.494602 -0.970192
v 7.487885 3.489275 -0.413302
v 6.978806 1.992739 -0.837873
v 6.978968 1.998065 -1.394763
v 7.488172 1.998066 -1.394615
v 7.488010 1.992740 -0.837725
v 6.894657 13.188383 3.500407
v 6.942331 7.452774 3.452038
v 6.894851 13.188383 2.828859
v 6.942498 7.452774 2.877256
v 7.556002 13.188384 3.500599
v 7.508380 7.452775 3.452201
v 7.556195 13.188384 2.829050
v 7.508546 7.452775 2.877420
v 6.968487 10.178318 3.425488
v 6.968638 10.178318 2.903821
v 7.482378 10.178318 2.903970
v 7.482227 10.178318 3.425636
v 6.968489 9.614519 3.425488
v 6.968639 9.614520 2.903821
v 7.482379 9.614521 2.903970
v 7.482228 9.614521 3.425636
v 6.968637 10.738478 2.903821
v 7.482377 10.738480 2.903970
v 7.482226 10.738479 3.425636
v 6.968486 10.738478 3.425488
v 6.791996 5.959913 5.248253
v 6.791996 6.266758 5.299743
v 7.210758 5.959894 5.248372
v 7.210758 6.266739 5.299862
v 6.791882 5.894322 5.639136
v 6.791882 6.201166 5.690626
v 7.210644 5.894303 5.639256
v 7.210644 6.201147 5.690745
v 6.459941 5.846676 5.229155
v 6.306947 6.135352 5.277551
v 6.306833 6.069760 5.668434
v 6.459827 5.781085 5.620038
v 5.727015 5.587356 5.185426
v 5.437737 5.822865 5.224861
v 5.437624 5.757274 5.615744
v 5.726901 5.521764 5.576309
v 5.273045 5.193431 5.119191
v 4.858515 5.313621 5.139238
v 4.858401 5.248030 5.530122
v 5.272931 5.127839 5.510075
v 4.691155 4.466034 4.996962
v 4.264113 4.567364 5.013841
v 4.263999 4.501773 5.404724
v 4.691042 4.400443 5.387845
v 4.344060 3.784583 4.882510
v 3.896489 3.825600 4.889263
v 3.896375 3.760009 5.280146
v 4.343946 3.718992 5.273394
v 4.137863 3.297804 4.800767
v 3.686842 3.301913 4.801325
v 3.686728 3.236322 5.192208
v 4.137749 3.232213 5.191650
v 3.794129 2.149025 4.607897
v 3.343110 2.153134 4.608455
v 3.342995 2.087543 4.999338
v 3.794015 2.083433 4.998780
v 7.239744 5.959893 5.248381
v 7.239744 6.266737 5.299870
v 6.820982 5.959912 5.248261
v 6.820982 6.266757 5.299751
v 7.239630 5.894301 5.639264
v 7.239630 6.201146 5.690753
v 6.820868 5.894320 5.639144
v 6.820868 6.201165 5.690634
v 7.571800 5.846625 5.229471
v 7.724792 6.135288 5.277954
v 7.724679 6.069696 5.668837
v 7.571686 5.781034 5.620354
v 8.304728 5.587239 5.186159
v 8.594004 5.822721 5.225758
v 8.593890 5.757130 5.616641
v 8.304613 5.521647 5.577042
v 8.758699 5.193273 5.120183
v 9.173228 5.313425 5.140466
v 9.173115 5.247834 5.531349
v 8.758585 5.127681 5.511065
v 9.340591 4.465823 4.998284
v 9.767633 4.567114 5.015405
v 9.767519 4.501523 5.406289
v 9.340478 4.400231 5.389167
v 9.687690 3.784340 4.884030
v 10.135262 3.825317 4.891037
v 10.135147 3.759725 5.281919
v 9.687576 3.718749 5.274913
v 9.893890 3.297543 4.802403
v 10.344911 3.301610 4.803218
v 10.344796 3.236019 5.194101
v 9.893776 3.231951 5.193287
v 10.237629 2.148732 4.609730
v 10.688649 2.152800 4.610544
v 10.688535 2.087209 5.001427
v 10.237514 2.083140 5.000613
v 6.791996 5.959913 0.937852
v 6.791996 6.266757 0.886363
v 7.210759 5.959894 0.937734
v 7.210758 6.266739 0.886244
v 6.791883 5.894321 0.546969
v 6.791882 6.201166 0.495480
v 7.210645 5.894302 0.546851
v 7.210644 6.201147 0.495361
v 6.459941 5.846676 0.956951
v 6.306948 6.135352 0.908555
v 6.306834 6.069760 0.517672
v 6.459827 5.781084 0.566068
v 5.727015 5.587356 1.000680
v 5.437737 5.822865 0.961245
v 5.437624 5.757273 0.570362
v 5.726902 5.521764 0.609797
v 5.273046 5.193430 1.066914
v 4.858515 5.313621 1.046866
v 4.858401 5.248029 0.655984
v 5.272932 5.127839 0.676031
v 4.691156 4.466034 1.189144
v 4.264114 4.567364 1.172265
v 4.264000 4.501772 0.781382
v 4.691042 4.400442 0.798261
v 4.344061 3.784583 1.303595
v 3.896489 3.825600 1.296843
v 3.896375 3.760008 0.905960
v 4.343947 3.718991 0.912712
v 4.137863 3.297804 1.385339
v 3.686842 3.301913 1.384781
v 3.686728 3.236321 0.993897
v 4.137749 3.232212 0.994456
v 3.794129 2.149025 1.578208
v 3.343110 2.153134 1.577650
v 3.342995 2.087542 1.186767
v 3.794015 2.083433 1.187325
v 7.239745 5.959893 0.937725
v 7.239744 6.266737 0.886236
v 6.820982 5.959912 0.937844
v 6.820982 6.266756 0.886355
v 7.239631 5.894301 0.546842
v 7.239630 6.201146 0.495353
v 6.820868 5.894320 0.546961
v 6.820868 6.201165 0.495471
v 7.571800 5.846625 0.956635
v 7.724793 6.135287 0.908152
v 7.724679 6.069696 0.517269
v 7.571687 5.781034 0.565752
v 8.304728 5.587238 0.999947
v 8.594004 5.822721 0.960348
v 8.593890 5.757130 0.569465
v 8.304614 5.521647 0.609064
v 8.758699 5.193272 1.065924
v 9.173229 5.313425 1.045641
v 9.173115 5.247833 0.654758
v 8.758585 5.127680 0.675041
v 9.340592 4.465823 1.187823
v 9.767633 4.567114 1.170702
v 9.767520 4.501522 0.779818
v 9.340478 4.400231 0.796940
v 9.687691 3.784340 1.302077
v 10.135262 3.825316 1.295070
v 10.135148 3.759725 0.904187
v 9.687576 3.718748 0.911194
v 9.893890 3.297542 1.383703
v 10.344911 3.301610 1.382889
v 10.344796 3.236019 0.992006
v 9.893776 3.231950 0.992820
v 10.237629 2.148732 1.576377
v 10.688649 2.152800 1.575563
v 10.688535 2.087208 1.184680
v 10.237514 2.083140 1.185494
v 10.235403 11.131956 3.419577
v 10.271598 6.515571 3.382855
v 10.235550 11.131956 2.909745
v 10.271724 6.515571 2.946488
v 10.737488 11.131957 3.419722
v 10.701335 6.515572 3.382979
v 10.737636 11.131956 2.909890
v 10.701461 6.515572 2.946612
v 10.291454 8.709263 3.362699
v 10.291569 8.709263 2.966656
v 10.681594 8.709263 2.966769
v 10.681479 8.709264 3.362811
v 10.291455 8.255482 3.362699
v 10.291570 8.255482 2.966656
v 10.681595 8.255484 2.966769
v 10.681480 8.255483 3.362811
v 10.291568 9.160116 2.966656
v 10.681593 9.160116 2.966769
v 10.681479 9.160116 3.362811
v 10.291453 9.160115 3.362699
v 4.268169 7.347660 8.123905
v 4.300354 11.386557 8.159443
v 4.715155 7.347661 8.124035
v 4.682931 11.386559 8.159554
v 4.268027 7.347659 8.617025
v 4.300232 11.386558 8.581507
v 4.715013 7.347661 8.617154
v 4.682810 11.386558 8.581616
v 4.318030 9.467285 8.178949
v 4.665253 9.467286 8.179049
v 4.665143 9.467286 8.562111
v 4.317919 9.467285 8.562010
v 4.318029 9.864301 8.178949
v 4.665252 9.864302 8.179049
v 4.665142 9.864302 8.562110
v 4.317918 9.864301 8.562010
v 4.665254 9.072833 8.179049
v 4.665144 9.072833 8.562111
v 4.317920 9.072832 8.562010
v 4.318031 9.072832 8.178949
v 0.510612 10.665471 5.094615
v 0.534935 13.889930 5.745717
v 0.848440 10.665454 5.094710
v 0.824083 13.889915 5.745798
v 0.510485 10.582989 5.524284
v 0.534826 13.819333 6.113472
v 0.848313 10.582970 5.524380
v 0.823976 13.819317 6.113554
v 0.548293 12.351591 5.468024
v 0.810721 12.351576 5.468099
v 0.810624 12.287502 5.801870
v 0.548196 12.287516 5.801796
v 0.548292 12.669132 5.528983
v 0.810720 12.669119 5.529057
v 0.810623 12.605044 5.862829
v 0.548195 12.605058 5.862754
v 0.810722 12.036083 5.407534
v 0.810625 11.972010 5.741306
v 0.548197 11.972023 5.741231
v 0.548294 12.036097 5.407460
v 0.552779 13.428972 5.723370
v 0.552779 13.654105 5.766588
v 0.812891 13.428958 5.723443
v 0.812891 13.654092 5.766662
v 0.552683 13.365464 6.054194
v 0.552683 13.590597 6.097413
v 0.812794 13.365450 6.054267
v 0.812794 13.590585 6.097486
v 0.346527 13.345888 5.707359
v 0.251495 13.557692 5.747992
v 0.251399 13.494184 6.078816
v 0.346430 13.282380 6.038184
v -0.108726 13.155623 5.670701
v -0.288407 13.328418 5.703819
v -0.288504 13.264910 6.034644
v -0.108823 13.092115 6.001525
v -0.390704 12.866598 5.615134
v -0.648188 12.954782 5.631988
v -0.648283 12.891274 5.962812
v -0.390801 12.803090 5.945959
v -0.752141 12.332902 5.512575
v -1.017395 12.407248 5.526770
v -1.017492 12.343740 5.857594
v -0.752238 12.269394 5.843400
v -0.967737 11.832917 5.416530
v -1.245743 11.863011 5.422226
v -1.245840 11.799503 5.753050
v -0.967834 11.769409 5.747355
v -1.095815 11.475765 5.347930
v -1.375962 11.478779 5.348427
v -1.376060 11.415271 5.679252
v -1.095912 11.412256 5.678755
v -1.309322 10.632898 5.186063
v -1.589471 10.635914 5.186560
v -1.589567 10.572405 5.517385
v -1.309419 10.569391 5.516888
v 0.830895 13.428957 5.723448
v 0.830895 13.654090 5.766667
v 0.570785 13.428971 5.723374
v 0.570785 13.654104 5.766593
v 0.830799 13.365449 6.054273
v 0.830799 13.590583 6.097491
v 0.570687 13.365462 6.054199
v 0.570687 13.590596 6.097418
v 1.037150 13.345853 5.707555
v 1.132179 13.557647 5.748240
v 1.132083 13.494138 6.079065
v 1.037053 13.282345 6.038380
v 1.492403 13.155540 5.671154
v 1.672085 13.328316 5.704374
v 1.671988 13.264807 6.035199
v 1.492306 13.092031 6.001979
v 1.774384 12.866485 5.615747
v 2.031865 12.954642 5.632746
v 2.031769 12.891134 5.963571
v 1.774287 12.802977 5.946572
v 2.135822 12.332752 5.513392
v 2.401076 12.407070 5.527737
v 2.400979 12.343561 5.858562
v 2.135726 12.269243 5.844217
v 2.351419 11.832745 5.417470
v 2.629426 11.862809 5.423323
v 2.629329 11.799301 5.754148
v 2.351323 11.769236 5.748294
v 2.479499 11.475578 5.348942
v 2.759648 11.478563 5.349598
v 2.759551 11.415055 5.680422
v 2.479403 11.412069 5.679767
v 2.693011 10.632690 5.187197
v 2.973159 10.635675 5.187852
v 2.973062 10.572167 5.518676
v 2.692914 10.569181 5.518021
v 2.864960 22.398785 3.541161
v 2.901168 12.951858 3.494480
v 2.865147 22.398785 2.893102
v 2.901329 12.951857 2.939804
v 3.367044 22.398781 3.541306
v 3.330904 12.951859 3.494605
v 3.367232 22.398785 2.893247
v 3.331065 12.951859 2.939928
v 2.921021 17.441006 3.468858
v 2.921167 17.441006 2.965438
v 3.311192 17.441008 2.965551
v 3.311047 17.441006 3.468970
v 2.921023 16.512394 3.468858
v 2.921169 16.512394 2.965438
v 3.311194 16.512396 2.965551
v 3.311049 16.512394 3.468970
v 2.921165 18.363628 2.965438
v 3.311190 18.363628 2.965551
v 3.311045 18.363628 3.468970
v 2.921019 18.363628 3.468858
v -1.429788 22.336304 3.541159
v -1.465955 13.062174 3.494478
v -1.429976 22.336304 2.893100
v -1.466114 13.062174 2.939802
v -1.931873 22.336304 3.541304
v -1.895692 13.062174 3.494603
v -1.932060 22.336304 2.893245
v -1.895851 13.062174 2.939926
v -1.485827 17.469212 3.468856
v -1.485973 17.469212 2.965436
v -1.875998 17.469212 2.965549
v -1.875853 17.469212 3.468968
v -1.485826 16.557585 3.468856
v -1.485971 16.557587 2.965436
v -1.875997 16.557585 2.965549
v -1.875851 16.557587 3.468968
v -1.485975 18.374958 2.965436
v -1.876000 18.374958 2.965549
v -1.875854 18.374956 3.468968
v -1.485829 18.374958 3.468855
v 0.510612 10.665470 1.309660
v 0.534936 13.889930 0.658558
v 0.848440 10.665453 1.309565
v 0.824084 13.889915 0.658476
v 0.510486 10.582987 0.879991
v 0.534827 13.819331 0.290802
v 0.848314 10.582970 0.879895
v 0.823977 13.819316 0.290721
v 0.548293 12.351589 0.936250
v 0.810721 12.351576 0.936176
v 0.810625 12.287502 0.602404
v 0.548197 12.287516 0.602479
v 0.548293 12.669130 0.875292
v 0.810721 12.669118 0.875218
v 0.810624 12.605043 0.541446
v 0.548196 12.605058 0.541520
v 0.810722 12.036083 0.996741
v 0.810625 11.972009 0.662969
v 0.548197 11.972023 0.663043
v 0.548294 12.036097 0.996815
v 0.552780 13.428971 0.680906
v 0.552779 13.654104 0.637687
v 0.812892 13.428957 0.680832
v 0.812891 13.654092 0.637614
v 0.552684 13.365463 0.350081
v 0.552684 13.590596 0.306863
v 0.812795 13.365450 0.350008
v 0.812795 13.590584 0.306790
v 0.346527 13.345888 0.696916
v 0.251496 13.557691 0.656284
v 0.251400 13.494184 0.325459
v 0.346430 13.282379 0.366091
v -0.108725 13.155623 0.733574
v -0.288407 13.328417 0.700456
v -0.288504 13.264908 0.369631
v -0.108822 13.092114 0.402749
v -0.390704 12.866597 0.789141
v -0.648187 12.954782 0.772288
v -0.648283 12.891273 0.441463
v -0.390801 12.803089 0.458316
v -0.752140 12.332902 0.891700
v -1.017395 12.407248 0.877506
v -1.017491 12.343740 0.546681
v -0.752237 12.269394 0.560876
v -0.967736 11.832916 0.987745
v -1.245742 11.863010 0.982049
v -1.245839 11.799502 0.651224
v -0.967834 11.769409 0.656920
v -1.095814 11.475763 1.056345
v -1.375961 11.478779 1.055848
v -1.376059 11.415270 0.725024
v -1.095911 11.412256 0.725520
v -1.309321 10.632898 1.218212
v -1.589470 10.635913 1.217715
v -1.589566 10.572405 0.886890
v -1.309418 10.569389 0.887387
v 0.830896 13.428957 0.680827
v 0.830895 13.654090 0.637608
v 0.570786 13.428970 0.680901
v 0.570785 13.654104 0.637682
v 0.830800 13.365449 0.350003
v 0.830800 13.590582 0.306784
v 0.570688 13.365461 0.350076
v 0.570688 13.590596 0.306858
v 1.037150 13.345852 0.696720
v 1.132180 13.557646 0.656034
v 1.132084 13.494138 0.325210
v 1.037053 13.282344 0.365896
v 1.492404 13.155540 0.733121
v 1.672085 13.328315 0.699901
v 1.671988 13.264807 0.369076
v 1.492307 13.092031 0.402297
v 1.774384 12.866484 0.788528
v 2.031866 12.954641 0.771529
v 2.031769 12.891133 0.440705
v 1.774287 12.802976 0.457704
v 2.135823 12.332751 0.890883
v 2.401076 12.407069 0.876539
v 2.400980 12.343561 0.545714
v 2.135726 12.269243 0.560058
v 2.351420 11.832745 0.986806
v 2.629426 11.862809 0.980953
v 2.629330 11.799301 0.650128
v 2.351324 11.769236 0.655981
v 2.479500 11.475578 1.055334
v 2.759647 11.478563 1.054678
v 2.759551 11.415054 0.723854
v 2.479403 11.412069 0.724509
v 2.693011 10.632689 1.217080
v 2.973159 10.635675 1.216424
v 2.973062 10.572166 0.885600
v 2.692914 10.569181 0.886255
v 6.921802 2.398569 8.025152
v 6.962627 7.295769 7.982298
v 6.921802 2.398569 7.430356
v 6.962627 7.295769 7.473210
v 7.488600 2.398570 8.025152
v 7.447752 7.295770 7.982298
v 7.488600 2.398570 7.430356
v 7.447752 7.295770 7.473210
v 6.985048 4.847169 7.958776
v 6.985048 4.847169 7.496732
v 7.425343 4.847170 7.496732
v 7.425343 4.847170 7.958776
v 6.985047 5.308888 7.958776
v 6.985047 5.308888 7.496732
v 7.425342 5.308889 7.496732
v 7.425342 5.308889 7.958776
v 6.985049 4.388429 7.496732
v 7.425344 4.388430 7.496732
v 7.425344 4.388430 7.958776
v 6.985049 4.388429 7.958776
v -3.436670 2.398546 8.025151
v -3.395844 7.295746 7.982297
v -3.436670 2.398546 7.430356
v -3.395844 7.295746 7.473209
v -2.869871 2.398547 8.025151
v -2.910719 7.295747 7.982297
v -2.869871 2.398547 7.430356
v -2.910719 7.295747 7.473209
v -3.373425 4.847146 7.958776
v -3.373424 4.847146 7.496731
v -2.933127 4.847147 7.496731
v -2.933128 4.847147 7.958776
v -3.373425 5.308865 7.958776
v -3.373425 5.308865 7.496731
v -2.933129 5.308866 7.496731
v -2.933129 5.308866 7.958776
v -3.373423 4.388406 7.496731
v -2.933126 4.388407 7.496731
v -2.933126 4.388407 7.958776
v -3.373423 4.388406 7.958776
v 6.959908 2.398569 -1.781115
v 7.000732 7.295769 -1.738262
v 6.959908 2.398569 -1.186319
v 7.000732 7.295769 -1.229172
v 7.526705 2.398570 -1.781115
v 7.485858 7.295770 -1.738261
v 7.526705 2.398570 -1.186318
v 7.485858 7.295770 -1.229172
v 7.023153 4.847169 -1.714738
v 7.023153 4.847169 -1.252695
v 7.463449 4.847170 -1.252695
v 7.463449 4.847170 -1.714738
v 7.023152 5.308888 -1.714739
v 7.023152 5.308888 -1.252695
v 7.463448 5.308889 -1.252695
v 7.463448 5.308889 -1.714738
v 7.023154 4.388429 -1.252695
v 7.463449 4.388430 -1.252695
v 7.463449 4.388430 -1.714738
v 7.023154 4.388429 -1.714738
v -3.398569 2.398546 -1.781116
v -3.357743 7.295746 -1.738262
v -3.398569 2.398545 -1.186319
v -3.357743 7.295746 -1.229173
v -2.831771 2.398547 -1.781116
v -2.872618 7.295747 -1.738262
v -2.831771 2.398546 -1.186319
v -2.872618 7.295747 -1.229173
v -3.335322 4.847146 -1.714739
v -3.335322 4.847146 -1.252696
v -2.895027 4.847147 -1.252696
v -2.895027 4.847147 -1.714739
v -3.335323 5.308865 -1.714739
v -3.335324 5.308865 -1.252696
v -2.895029 5.308866 -1.252696
v -2.895028 5.308866 -1.714739
v -3.335321 4.388405 -1.252696
v -2.895026 4.388406 -1.252696
v -2.895026 4.388407 -1.714739
v -3.335321 4.388405 -1.714739
v -3.666183 0.493201 7.152306
v -3.666189 3.230515 7.152305
v 1.943289 0.493214 7.135903
v 1.943282 3.230527 7.135902
v -3.662811 0.493201 8.305138
v -3.662818 3.230515 8.305138
v 1.946660 0.493214 8.288735
v 1.946653 3.230527 8.288735
v -3.666185 1.861858 7.152306
v 1.943286 1.861871 7.135903
v 1.946657 1.828144 8.288735
v -3.662815 1.975441 8.305138
v -0.861446 0.493207 7.144104
v -0.861453 3.230521 7.144104
v -0.858076 0.493208 8.296936
v -0.858082 3.230521 8.296936
v -0.804740 1.861865 8.296780
v -0.861449 1.861864 7.144104
v -2.263814 0.493204 7.148205
v -2.260449 3.230518 8.301037
v -2.263821 3.230518 7.148204
v -2.260443 0.493204 8.301037
v -2.263817 1.861861 7.148205
v 0.540915 3.230524 7.140003
v 0.544292 0.493211 8.292836
v 0.540918 1.861867 7.140003
v 0.540921 0.493211 7.140004
v 0.544286 3.230524 8.292835
v 0.544289 1.963312 8.292836
v -3.666187 2.546186 7.152306
v 1.943284 2.546199 7.135903
v 1.946655 2.636284 8.288735
v -3.662816 2.546186 8.305138
v -0.861451 2.546192 7.144104
v -2.263819 2.546189 7.148205
v -2.260448 2.648374 8.301037
v 0.540916 2.546196 7.140004
v 1.943287 1.177542 7.135902
v 1.946658 1.177542 8.288734
v -3.662813 1.120844 8.305138
v -3.666184 1.177530 7.152306
v -0.861448 1.177536 7.144104
v -0.943374 1.177536 8.297186
v -2.263816 1.177533 7.148205
v -2.260445 1.177533 8.301037
v 0.544291 1.020032 8.292836
v 0.540919 1.177539 7.140003
v -0.621077 1.143413 8.296244
v -0.570436 1.743248 8.296095
v -0.718075 1.365290 8.296528
v 0.363422 1.295659 8.293365
v 0.395629 1.632947 8.293270
v 0.153963 1.807384 8.293978
v -2.061474 2.633876 8.300455
v -2.853523 1.909895 8.302771
v -2.260448 2.534799 8.301037
v -1.330206 1.861863 8.298317
v -2.260445 1.397074 8.301037
v -1.615238 1.436289 8.299150
v -1.399620 1.698602 8.298519
v -1.221180 2.116773 8.297998
v -1.307797 2.354116 8.298252
v -2.794885 1.494577 8.302600
v -2.530507 2.400064 8.301826
v -2.756096 2.212340 8.302486
v -0.457878 2.546193 8.295766
v 0.544287 2.816701 8.292836
v 0.544288 2.398967 8.292836
v 0.602168 2.549914 8.292667
v 0.672649 2.733453 8.292460
v -0.530915 2.385070 8.295979
v -0.308965 2.287683 8.295330
v 0.156480 2.308369 8.293970
v -0.373263 2.731712 8.295519
v 0.440660 2.883252 8.293139
v -0.078792 2.882537 8.294658
v -0.681004 2.546193 8.296419
v -1.449528 2.589287 8.298666
v -0.840273 2.317732 8.296885
v -1.639574 3.230519 8.299221
v -0.858081 3.078756 8.296936
v -0.525187 2.769247 8.295963
v -0.446807 2.965669 8.295733
v -0.698641 3.094707 8.296470
v -1.869339 2.785791 8.299893
v -1.246304 3.038783 8.298071
v -2.260448 3.094324 8.301037
v -2.260448 2.787303 8.301037
v -2.454710 2.634218 8.301605
v -3.554885 2.554051 8.304823
v -3.410334 2.249961 8.304399
v -3.110374 2.211383 8.303522
v -2.749431 2.448593 8.302467
v -3.389235 3.018077 8.304338
v -3.509226 2.783220 8.304688
v -2.843876 3.046233 8.302743
v -3.140533 3.101083 8.303611
v -1.993691 2.785573 8.300257
v -2.017788 3.074844 8.300327
v -2.260444 1.020116 8.301037
v -2.260444 0.705484 8.301037
v -2.760320 1.157326 8.302499
v -3.328183 1.134371 8.304159
v -2.578881 1.010833 8.301969
v -2.407064 0.621595 8.301466
v -3.267298 0.796463 8.303982
v -2.103140 1.023747 8.300577
v -1.991696 0.859248 8.300251
v -3.059725 1.398176 8.303374
v -3.369781 1.364716 8.304281
v 1.539892 1.131855 8.289925
v 1.023670 1.073875 8.291434
v 0.874103 0.684779 8.291872
v 1.401404 0.676892 8.290330
v 1.609755 0.933085 8.289721
v 1.118793 1.320176 8.291156
v 1.495294 1.257987 8.290055
v 1.708151 1.851133 8.289433
v 0.956073 1.923622 8.291632
v 1.113593 2.310745 8.291172
v 1.655389 2.164738 8.289587
v 1.790542 2.283440 8.289192
v 1.662475 2.438921 8.289566
v 0.914315 1.820114 8.291754
v 1.321335 1.458726 8.290564
v -1.206805 1.532493 8.297956
v -1.403893 1.415882 8.298532
v -1.257857 1.288571 8.298105
v -1.029570 1.427759 8.297438
v -1.221843 0.940186 8.298000
v -1.579735 0.993815 8.299047
v -1.707440 0.760279 8.299419
v -1.523979 0.693947 8.298883
v -1.160143 0.673444 8.297819
v -1.330153 1.861863 8.316162
v -2.260394 1.861861 8.318883
v -2.260396 2.534799 8.318884
v -0.858029 3.078756 8.314782
v -0.858028 2.546193 8.314783
v 0.544339 2.816701 8.310682
v 0.544340 2.546196 8.310682
v 0.602220 2.549914 8.310513
v -0.680951 2.546193 8.314264
v -0.570383 1.743248 8.313942
v -0.718022 1.365290 8.314373
v -0.621024 1.143413 8.314089
v 0.363474 1.295658 8.311211
v 0.395680 1.632947 8.311117
v 0.154015 1.807384 8.311823
v -2.853472 1.909895 8.320618
v -2.260393 1.397073 8.318883
v -1.615187 1.436289 8.316997
v -1.399569 1.698602 8.316366
v -2.061421 2.633876 8.318301
v -1.221128 2.116773 8.315844
v -1.307746 2.354116 8.316097
v -2.794832 1.494577 8.320446
v -2.530456 2.400064 8.319673
v -2.756042 2.212340 8.320333
v -0.457826 2.546193 8.313612
v 0.544340 2.398967 8.310682
v 0.672702 2.733453 8.310307
v -0.530864 2.385070 8.313826
v -0.308912 2.287684 8.313177
v 0.156531 2.308369 8.311815
v -0.373212 2.731712 8.313364
v 0.440713 2.883252 8.310985
v -0.078739 2.882537 8.312504
v -1.449475 2.589287 8.316511
v -0.840221 2.317732 8.314730
v -0.525135 2.769247 8.313808
v -0.446754 2.965669 8.313580
v -0.698588 3.094708 8.314316
v -1.639522 3.230519 8.317068
v -1.869287 2.785791 8.317739
v -1.246252 3.038783 8.315918
v -2.260397 3.094324 8.318883
v -2.260397 2.787303 8.318884
v -2.454657 2.634218 8.319451
v -3.554832 2.554051 8.322668
v -3.410281 2.249961 8.322246
v -3.110322 2.211382 8.321368
v -2.749379 2.448593 8.320312
v -3.389183 3.018077 8.322184
v -3.509173 2.783220 8.322535
v -2.843824 3.046233 8.320589
v -3.140481 3.101083 8.321457
v -1.993640 2.785573 8.318103
v -2.017735 3.074844 8.318174
v -2.260392 1.020116 8.318883
v -2.260392 0.705485 8.318884
v -2.760267 1.157326 8.320345
v -3.328131 1.134371 8.322005
v -2.578829 1.010833 8.319815
v -2.407012 0.621596 8.319311
v -3.267245 0.796463 8.321827
v -2.103088 1.023747 8.318422
v -1.991644 0.859247 8.318098
v -3.059672 1.398176 8.321220
v -3.369729 1.364717 8.322127
v 1.539945 1.131855 8.307771
v 1.023722 1.073874 8.309280
v 0.874155 0.684779 8.309718
v 1.401457 0.676892 8.308176
v 1.609807 0.933085 8.307567
v 1.118845 1.320176 8.309002
v 1.495347 1.257987 8.307901
v 1.708202 1.851133 8.307280
v 0.956125 1.923622 8.309479
v 1.113646 2.310745 8.309017
v 1.655441 2.164738 8.307433
v 1.790594 2.283441 8.307037
v 1.662527 2.438921 8.307412
v 0.914368 1.820114 8.309601
v 1.321387 1.458726 8.308411
v -1.206752 1.532493 8.315802
v -1.403841 1.415882 8.316379
v -1.257805 1.288571 8.315951
v -1.029518 1.427759 8.315284
v -1.221791 0.940186 8.315845
v -1.579683 0.993815 8.316893
v -1.707389 0.760279 8.317266
v -1.523927 0.693947 8.316730
v -1.160091 0.673444 8.315666
v 1.943289 0.493214 7.135903
v 1.943282 3.230527 7.135902
v 7.552761 0.493226 7.119500
v 7.552754 3.230540 7.119500
v 1.946660 0.493214 8.288735
v 1.946653 3.230527 8.288735
v 7.556130 0.493227 8.272333
v 7.556125 3.230540 8.272333
v 1.943286 1.861871 7.135903
v 7.552758 1.861883 7.119500
v 7.556128 1.828157 8.272333
v 1.946656 1.975453 8.288735
v 4.748025 0.493220 7.127702
v 4.748019 3.230533 7.127702
v 4.751396 0.493220 8.280534
v 4.751390 3.230533 8.280534
v 4.804731 1.861877 8.280378
v 4.748022 1.861877 7.127702
v 3.345657 0.493217 7.131803
v 3.349022 3.230530 8.284635
v 3.345651 3.230530 7.131803
v 3.349028 0.493217 8.284635
v 3.345654 1.861873 7.131803
v 6.150387 3.230536 7.123601
v 6.153764 0.493223 8.276433
v 6.150390 1.861880 7.123601
v 6.150393 0.493223 7.123601
v 6.153758 3.230536 8.276433
v 6.153760 1.963324 8.276434
v 1.943284 2.546199 7.135903
v 7.552756 2.546211 7.119500
v 7.556126 2.636296 8.272333
v 1.946655 2.546199 8.288735
v 4.748020 2.546205 7.127702
v 3.345652 2.546202 7.131802
v 3.349023 2.648386 8.284636
v 6.150388 2.546208 7.123601
v 7.552759 1.177555 7.119501
v 7.556129 1.177555 8.272333
v 1.946658 1.120856 8.288735
v 1.943287 1.177542 7.135902
v 4.748024 1.177548 7.127702
v 4.666098 1.177548 8.280784
v 3.345655 1.177545 7.131803
v 3.349026 1.177545 8.284634
v 6.153762 1.020045 8.276434
v 6.150392 1.177552 7.123601
v 4.988395 1.143426 8.279841
v 5.039036 1.743261 8.279693
v 4.891396 1.365303 8.280125
v 5.972894 1.295671 8.276962
v 6.005100 1.632960 8.276869
v 5.763433 1.807397 8.277575
v 3.547997 2.633888 8.284053
v 2.755948 1.909908 8.286369
v 3.349023 2.534811 8.284635
v 4.279265 1.861876 8.281915
v 3.349026 1.397086 8.284635
v 3.994232 1.436302 8.282748
v 4.209851 1.698615 8.282118
v 4.388291 2.116785 8.281595
v 4.301674 2.354129 8.281849
v 2.814588 1.494590 8.286198
v 3.078964 2.400077 8.285423
v 2.853375 2.212353 8.286083
v 5.151593 2.546206 8.279364
v 6.153759 2.816713 8.276433
v 6.153759 2.398980 8.276433
v 6.211639 2.549927 8.276264
v 6.282122 2.733465 8.276058
v 5.078556 2.385083 8.279577
v 5.300507 2.287696 8.278929
v 5.765951 2.308381 8.277567
v 5.236207 2.731725 8.279116
v 6.050131 2.883264 8.276736
v 5.530680 2.882550 8.278255
v 4.928469 2.546206 8.280016
v 4.159944 2.589300 8.282263
v 4.769198 2.317745 8.280481
v 3.969898 3.230532 8.282820
v 4.751390 3.078769 8.280534
v 5.084285 2.769259 8.279561
v 5.162665 2.965681 8.279331
v 4.910830 3.094720 8.280067
v 3.740132 2.785803 8.283491
v 4.363167 3.038796 8.281670
v 3.349022 3.094336 8.284635
v 3.349023 2.787315 8.284635
v 3.154761 2.634231 8.285203
v 2.054586 2.554064 8.288420
v 2.199139 2.249973 8.287996
v 2.499097 2.211395 8.287120
v 2.860040 2.448605 8.286064
v 2.220237 3.018090 8.287935
v 2.100245 2.783232 8.288286
v 2.765594 3.046246 8.286341
v 2.468938 3.101096 8.287209
v 3.615780 2.785585 8.283854
v 3.591683 3.074856 8.283925
v 3.349027 1.020128 8.284635
v 3.349028 0.705497 8.284635
v 2.849151 1.157338 8.286097
v 2.281288 1.134383 8.287756
v 3.030590 1.010845 8.285566
v 3.202408 0.621608 8.285063
v 2.342174 0.796476 8.287579
v 3.506331 1.023760 8.284175
v 3.617775 0.859260 8.283849
v 2.549747 1.398189 8.286972
v 2.239691 1.364729 8.287878
v 7.149364 1.131868 8.273521
v 6.633142 1.073887 8.275032
v 6.483574 0.684792 8.275469
v 7.010876 0.676904 8.273928
v 7.219225 0.933097 8.273317
v 6.728264 1.320188 8.274754
v 7.104766 1.258000 8.273653
v 7.317621 1.851146 8.273030
v 6.565545 1.923634 8.275229
v 6.723064 2.310757 8.274769
v 7.264860 2.164750 8.273185
v 7.400012 2.283453 8.272789
v 7.271947 2.438933 8.273164
v 6.523785 1.820127 8.275351
v 6.930806 1.458739 8.274160
v 4.402668 1.532505 8.281553
v 4.205578 1.415894 8.282130
v 4.351614 1.288583 8.281703
v 4.579901 1.427771 8.281036
v 4.387627 0.940198 8.281597
v 4.029736 0.993828 8.282644
v 3.902030 0.760292 8.283017
v 4.085492 0.693959 8.282481
v 4.449328 0.673456 8.281417
v 4.279317 1.861876 8.299761
v 3.349077 1.861874 8.302481
v 3.349075 2.534811 8.302481
v 4.751442 3.078769 8.298380
v 4.751443 2.546205 8.298380
v 6.153811 2.816713 8.294279
v 6.153811 2.546208 8.294279
v 6.211691 2.549926 8.294110
v 4.928521 2.546206 8.297863
v 5.039088 1.743261 8.297539
v 4.891448 1.365303 8.297970
v 4.988447 1.143425 8.297688
v 5.972946 1.295671 8.294808
v 6.005152 1.632960 8.294714
v 5.763486 1.807397 8.295421
v 2.756000 1.909908 8.304214
v 3.349078 1.397086 8.302481
v 3.994284 1.436301 8.300594
v 4.209903 1.698615 8.299963
v 3.548049 2.633888 8.301899
v 4.388343 2.116785 8.299442
v 4.301726 2.354129 8.299695
v 2.814640 1.494590 8.304044
v 3.079016 2.400077 8.303270
v 2.853427 2.212353 8.303930
v 5.151645 2.546206 8.297210
v 6.153812 2.398980 8.294279
v 6.282174 2.733466 8.293904
v 5.078608 2.385083 8.297423
v 5.300559 2.287696 8.296774
v 5.766003 2.308381 8.295413
v 5.236260 2.731724 8.296963
v 6.050184 2.883264 8.294582
v 5.530732 2.882550 8.296101
v 4.159996 2.589300 8.300110
v 4.769250 2.317745 8.298328
v 5.084337 2.769259 8.297407
v 5.162717 2.965681 8.297177
v 4.910882 3.094720 8.297915
v 3.969950 3.230532 8.300665
v 3.740184 2.785803 8.301337
v 4.363219 3.038796 8.299515
v 3.349074 3.094336 8.302481
v 3.349075 2.787315 8.302481
v 3.154813 2.634231 8.303049
v 2.054638 2.554064 8.306266
v 2.199190 2.249974 8.305843
v 2.499148 2.211395 8.304966
v 2.860092 2.448605 8.303911
v 2.220288 3.018090 8.305782
v 2.100297 2.783232 8.306132
v 2.765647 3.046246 8.304187
v 2.468990 3.101096 8.305054
v 3.615832 2.785585 8.301701
v 3.591736 3.074856 8.301771
v 3.349079 1.020129 8.302481
v 3.349080 0.705497 8.302481
v 2.849204 1.157338 8.303943
v 2.281341 1.134383 8.305603
v 3.030642 1.010846 8.303411
v 3.202459 0.621608 8.302910
v 2.342226 0.796476 8.305425
v 3.506383 1.023760 8.302021
v 3.617827 0.859260 8.301695
v 2.549799 1.398189 8.304818
v 2.239742 1.364729 8.305725
v 7.149416 1.131868 8.291368
v 6.633195 1.073887 8.292877
v 6.483626 0.684792 8.293315
v 7.010928 0.676904 8.291773
v 7.219278 0.933097 8.291164
v 6.728316 1.320188 8.292600
v 7.104818 1.258000 8.291498
v 7.317674 1.851145 8.290876
v 6.565598 1.923634 8.293076
v 6.723117 2.310757 8.292615
v 7.264913 2.164750 8.291031
v 7.400064 2.283453 8.290636
v 7.271999 2.438933 8.291010
v 6.523837 1.820127 8.293198
v 6.930858 1.458738 8.292007
v 4.402719 1.532505 8.299400
v 4.205630 1.415894 8.299976
v 4.351666 1.288583 8.299549
v 4.579953 1.427771 8.298882
v 4.387679 0.940198 8.299444
v 4.029788 0.993828 8.300490
v 3.902082 0.760292 8.300863
v 4.085544 0.693959 8.300327
v 4.449380 0.673456 8.299263
v -3.666182 0.493201 -0.986339
v -3.666188 3.230514 -0.986339
v 1.943290 0.493214 -0.969935
v 1.943283 3.230527 -0.969935
v -3.662810 0.493201 -2.139171
v -3.662816 3.230514 -2.139172
v 1.946661 0.493213 -2.122767
v 1.946655 3.230527 -2.122767
v -3.666184 1.861857 -0.986339
v 1.943287 1.861870 -0.969935
v 1.946658 1.828144 -2.122767
v -3.662813 1.975440 -2.139171
v -0.861445 0.493207 -0.978137
v -0.861452 3.230520 -0.978137
v -0.858075 0.493207 -2.130970
v -0.858080 3.230521 -2.130970
v -0.804739 1.861864 -2.130814
v -0.861448 1.861864 -0.978137
v -2.263813 0.493204 -0.982238
v -2.260448 3.230517 -2.135071
v -2.263820 3.230517 -0.982238
v -2.260442 0.493204 -2.135070
v -2.263816 1.861861 -0.982238
v 0.540915 3.230524 -0.974036
v 0.544293 0.493210 -2.126868
v 0.540919 1.861867 -0.974036
v 0.540922 0.493211 -0.974036
v 0.544288 3.230524 -2.126869
v 0.544291 1.963311 -2.126868
v -3.666186 2.546186 -0.986339
v 1.943285 2.546198 -0.969935
v 1.946656 2.636284 -2.122768
v -3.662815 2.546186 -2.139171
v -0.861450 2.546192 -0.978137
v -2.263818 2.546189 -0.982238
v -2.260447 2.648373 -2.135070
v 0.540917 2.546195 -0.974036
v 1.943288 1.177542 -0.969935
v 1.946659 1.177542 -2.122767
v -3.662811 1.120843 -2.139171
v -3.666183 1.177529 -0.986339
v -0.861447 1.177536 -0.978137
v -0.943373 1.177535 -2.131219
v -2.263815 1.177532 -0.982238
v -2.260444 1.177532 -2.135071
v 0.544292 1.020032 -2.126868
v 0.540920 1.177539 -0.974036
v -0.621075 1.143413 -2.130277
v -0.570435 1.743248 -2.130129
v -0.718074 1.365290 -2.130560
v 0.363423 1.295658 -2.127398
v 0.395630 1.632947 -2.127304
v 0.153964 1.807384 -2.128010
v -2.061473 2.633876 -2.134489
v -2.853521 1.909895 -2.136805
v -2.260447 2.534799 -2.135070
v -1.330205 1.861863 -2.132350
v -2.260444 1.397073 -2.135070
v -1.615237 1.436289 -2.133184
v -1.399619 1.698602 -2.132553
v -1.221179 2.116772 -2.132031
v -1.307796 2.354116 -2.132285
v -2.794883 1.494577 -2.136633
v -2.530505 2.400064 -2.135860
v -2.756095 2.212340 -2.136520
v -0.457877 2.546193 -2.129799
v 0.544289 2.816700 -2.126868
v 0.544290 2.398967 -2.126869
v 0.602169 2.549913 -2.126699
v 0.672651 2.733453 -2.126493
v -0.530913 2.385070 -2.130013
v -0.308964 2.287683 -2.129364
v 0.156482 2.308369 -2.128003
v -0.373261 2.731712 -2.129552
v 0.440661 2.883251 -2.127172
v -0.078791 2.882537 -2.128691
v -0.681003 2.546193 -2.130452
v -1.449527 2.589287 -2.132699
v -0.840271 2.317732 -2.130918
v -1.639572 3.230519 -2.133255
v -0.858080 3.078756 -2.130970
v -0.525185 2.769246 -2.129996
v -0.446806 2.965668 -2.129767
v -0.698640 3.094707 -2.130504
v -1.869337 2.785790 -2.133927
v -1.246303 3.038783 -2.132105
v -2.260448 3.094323 -2.135071
v -2.260447 2.787302 -2.135070
v -2.454709 2.634218 -2.135639
v -3.554884 2.554051 -2.138855
v -3.410333 2.249961 -2.138433
v -3.110373 2.211382 -2.137556
v -2.749430 2.448592 -2.136501
v -3.389235 3.018077 -2.138371
v -3.509224 2.783219 -2.138722
v -2.843875 3.046233 -2.136776
v -3.140532 3.101083 -2.137644
v -1.993690 2.785572 -2.134290
v -2.017787 3.074843 -2.134361
v -2.260443 1.020116 -2.135071
v -2.260442 0.705484 -2.135071
v -2.760319 1.157325 -2.136532
v -3.328181 1.134370 -2.138193
v -2.578880 1.010832 -2.136002
v -2.407063 0.621595 -2.135499
v -3.267297 0.796463 -2.138015
v -2.103139 1.023747 -2.134611
v -1.991695 0.859247 -2.134285
v -3.059724 1.398176 -2.137407
v -3.369780 1.364716 -2.138314
v 1.539894 1.131855 -2.123957
v 1.023672 1.073875 -2.125466
v 0.874104 0.684779 -2.125904
v 1.401406 0.676891 -2.124362
v 1.609756 0.933084 -2.123753
v 1.118794 1.320175 -2.125189
v 1.495295 1.257987 -2.124087
v 1.708152 1.851132 -2.123465
v 0.956075 1.923621 -2.125664
v 1.113595 2.310744 -2.125203
v 1.655390 2.164737 -2.123619
v 1.790543 2.283440 -2.123224
v 1.662476 2.438921 -2.123598
v 0.914316 1.820114 -2.125787
v 1.321336 1.458726 -2.124597
v -1.206803 1.532493 -2.131989
v -1.403893 1.415881 -2.132566
v -1.257856 1.288570 -2.132139
v -1.029569 1.427758 -2.131472
v -1.221842 0.940186 -2.132033
v -1.579734 0.993815 -2.133080
v -1.707439 0.760279 -2.133453
v -1.523977 0.693947 -2.132917
v -1.160141 0.673443 -2.131853
v -1.330153 1.861863 -2.150197
v -2.260393 1.861861 -2.152917
v -2.260395 2.534799 -2.152916
v -0.858028 3.078756 -2.148816
v -0.858027 2.546192 -2.148816
v 0.544341 2.816700 -2.144714
v 0.544341 2.546196 -2.144714
v 0.602221 2.549914 -2.144545
v -0.680950 2.546193 -2.148298
v -0.570382 1.743248 -2.147975
v -0.718021 1.365290 -2.148407
v -0.621022 1.143413 -2.148123
v 0.363476 1.295658 -2.145244
v 0.395681 1.632947 -2.145150
v 0.154016 1.807384 -2.145857
v -2.853470 1.909895 -2.154651
v -2.260392 1.397073 -2.152917
v -1.615186 1.436289 -2.151030
v -1.399568 1.698602 -2.150400
v -2.061420 2.633875 -2.152335
v -1.221128 2.116772 -2.149877
v -1.307744 2.354116 -2.150131
v -2.794830 1.494577 -2.154480
v -2.530454 2.400064 -2.153707
v -2.756042 2.212340 -2.154366
v -0.457825 2.546193 -2.147646
v 0.544342 2.398967 -2.144714
v 0.672704 2.733453 -2.144339
v -0.530862 2.385070 -2.147859
v -0.308911 2.287683 -2.147210
v 0.156533 2.308369 -2.145849
v -0.373210 2.731712 -2.147398
v 0.440714 2.883251 -2.145018
v -0.078738 2.882537 -2.146537
v -1.449474 2.589287 -2.150546
v -0.840219 2.317732 -2.148764
v -0.525133 2.769247 -2.147842
v -0.446754 2.965668 -2.147613
v -0.698587 3.094707 -2.148350
v -1.639520 3.230519 -2.151101
v -1.869285 2.785790 -2.151773
v -1.246251 3.038783 -2.149951
v -2.260396 3.094323 -2.152916
v -2.260395 2.787302 -2.152916
v -2.454656 2.634218 -2.153485
v -3.554832 2.554050 -2.156702
v -3.410280 2.249961 -2.156280
v -3.110321 2.211382 -2.155402
v -2.749378 2.448592 -2.154346
v -3.389182 3.018077 -2.156217
v -3.509171 2.783219 -2.156569
v -2.843823 3.046233 -2.154623
v -3.140480 3.101083 -2.155491
v -1.993638 2.785573 -2.152137
v -2.017735 3.074843 -2.152207
v -2.260391 1.020116 -2.152917
v -2.260390 0.705484 -2.152917
v -2.760266 1.157326 -2.154378
v -3.328129 1.134371 -2.156039
v -2.578828 1.010833 -2.153848
v -2.407010 0.621596 -2.153346
v -3.267244 0.796463 -2.155861
v -2.103087 1.023747 -2.152456
v -1.991643 0.859247 -2.152131
v -3.059671 1.398176 -2.155254
v -3.369728 1.364716 -2.156161
v 1.539947 1.131855 -2.141803
v 1.023724 1.073874 -2.143313
v 0.874157 0.684779 -2.143750
v 1.401459 0.676891 -2.142208
v 1.609808 0.933084 -2.141599
v 1.118846 1.320175 -2.143034
v 1.495348 1.257987 -2.141933
v 1.708203 1.851133 -2.141311
v 0.956127 1.923621 -2.143510
v 1.113647 2.310744 -2.143050
v 1.655442 2.164737 -2.141466
v 1.790595 2.283440 -2.141070
v 1.662528 2.438920 -2.141445
v 0.914369 1.820114 -2.143632
v 1.321388 1.458726 -2.142442
v -1.206750 1.532492 -2.149836
v -1.403840 1.415881 -2.150412
v -1.257804 1.288570 -2.149985
v -1.029517 1.427758 -2.149317
v -1.221790 0.940186 -2.149880
v -1.579682 0.993815 -2.150926
v -1.707388 0.760279 -2.151300
v -1.523925 0.693946 -2.150764
v -1.160089 0.673443 -2.149699
v 1.943290 0.493214 -0.969935
v 1.943283 3.230527 -0.969935
v 7.552760 0.493226 -0.953532
v 7.552754 3.230539 -0.953532
v 1.946661 0.493213 -2.122767
v 1.946655 3.230527 -2.122767
v 7.556132 0.493226 -2.106364
v 7.556126 3.230539 -2.106364
v 1.943287 1.861870 -0.969935
v 7.552757 1.861883 -0.953531
v 7.556129 1.828157 -2.106364
v 1.946658 1.975453 -2.122767
v 4.748026 0.493220 -0.961734
v 4.748020 3.230533 -0.961734
v 4.751397 0.493220 -2.114566
v 4.751390 3.230533 -2.114565
v 4.804732 1.861876 -2.114410
v 4.748023 1.861876 -0.961734
v 3.345658 0.493217 -0.965835
v 3.349022 3.230530 -2.118666
v 3.345652 3.230530 -0.965835
v 3.349029 0.493217 -2.118667
v 3.345654 1.861873 -0.965835
v 6.150388 3.230536 -0.957633
v 6.153764 0.493223 -2.110465
v 6.150391 1.861880 -0.957633
v 6.150394 0.493223 -0.957633
v 6.153758 3.230536 -2.110465
v 6.153761 1.963324 -2.110465
v 1.943285 2.546198 -0.969935
v 7.552755 2.546211 -0.953532
v 7.556128 2.636296 -2.106364
v 1.946656 2.546199 -2.122768
v 4.748021 2.546205 -0.961734
v 3.345653 2.546202 -0.965835
v 3.349024 2.648386 -2.118667
v 6.150389 2.546208 -0.957633
v 7.552759 1.177554 -0.953532
v 7.556131 1.177554 -2.106364
v 1.946660 1.120856 -2.122767
v 1.943288 1.177542 -0.969935
v 4.748024 1.177548 -0.961734
v 4.666099 1.177548 -2.114816
v 3.345656 1.177545 -0.965835
v 3.349027 1.177545 -2.118667
v 6.153763 1.020044 -2.110465
v 6.150393 1.177552 -0.957633
v 4.988395 1.143425 -2.113873
v 5.039037 1.743260 -2.113725
v 4.891397 1.365302 -2.114157
v 5.972894 1.295671 -2.110994
v 6.005101 1.632959 -2.110900
v 5.763434 1.807396 -2.111607
v 3.547998 2.633888 -2.118085
v 2.755948 1.909907 -2.120401
v 3.349024 2.534811 -2.118666
v 4.279266 1.861876 -2.115947
v 3.349027 1.397085 -2.118667
v 3.994233 1.436301 -2.116780
v 4.209852 1.698615 -2.116149
v 4.388291 2.116785 -2.115627
v 4.301674 2.354128 -2.115880
v 2.814588 1.494590 -2.120230
v 3.078965 2.400076 -2.119456
v 2.853376 2.212352 -2.120116
v 5.151594 2.546206 -2.113396
v 6.153759 2.816713 -2.110465
v 6.153760 2.398979 -2.110465
v 6.211640 2.549926 -2.110296
v 6.282122 2.733465 -2.110090
v 5.078557 2.385082 -2.113609
v 5.300508 2.287696 -2.112960
v 5.765952 2.308381 -2.111599
v 5.236208 2.731724 -2.113148
v 6.050132 2.883264 -2.110768
v 5.530681 2.882550 -2.112288
v 4.928469 2.546205 -2.114048
v 4.159944 2.589299 -2.116295
v 4.769199 2.317745 -2.114514
v 3.969899 3.230531 -2.116851
v 4.751391 3.078768 -2.114566
v 5.084285 2.769259 -2.113593
v 5.162665 2.965681 -2.113363
v 4.910830 3.094720 -2.114100
v 3.740132 2.785803 -2.117523
v 4.363168 3.038795 -2.115701
v 3.349023 3.094336 -2.118667
v 3.349023 2.787315 -2.118667
v 3.154762 2.634231 -2.119235
v 2.054587 2.554063 -2.122452
v 2.199140 2.249973 -2.122030
v 2.499098 2.211395 -2.121152
v 2.860041 2.448605 -2.120097
v 2.220238 3.018090 -2.121967
v 2.100247 2.783232 -2.122318
v 2.765595 3.046245 -2.120373
v 2.468939 3.101095 -2.121241
v 3.615781 2.785585 -2.117887
v 3.591684 3.074856 -2.117957
v 3.349028 1.020128 -2.118667
v 3.349028 0.705497 -2.118667
v 2.849152 1.157338 -2.120129
v 2.281290 1.134383 -2.121789
v 3.030591 1.010845 -2.119598
v 3.202409 0.621608 -2.119096
v 2.342175 0.796476 -2.121611
v 3.506332 1.023760 -2.118207
v 3.617775 0.859260 -2.117881
v 2.549747 1.398188 -2.121004
v 2.239692 1.364729 -2.121911
v 7.149365 1.131868 -2.107554
v 6.633144 1.073887 -2.109063
v 6.483575 0.684792 -2.109500
v 7.010877 0.676904 -2.107959
v 7.219227 0.933097 -2.107349
v 6.728266 1.320188 -2.108785
v 7.104767 1.258000 -2.107684
v 7.317622 1.851145 -2.107061
v 6.565547 1.923634 -2.109261
v 6.723066 2.310757 -2.108800
v 7.264862 2.164750 -2.107215
v 7.400013 2.283453 -2.106820
v 7.271948 2.438933 -2.107195
v 6.523787 1.820127 -2.109383
v 6.930807 1.458738 -2.108193
v 4.402668 1.532505 -2.115586
v 4.205579 1.415894 -2.116162
v 4.351615 1.288583 -2.115736
v 4.579902 1.427771 -2.115067
v 4.387628 0.940198 -2.115630
v 4.029737 0.993828 -2.116676
v 3.902031 0.760292 -2.117049
v 4.085493 0.693959 -2.116513
v 4.449329 0.673456 -2.115449
v 4.279318 1.861876 -2.133792
v 3.349078 1.861873 -2.136513
v 3.349076 2.534811 -2.136513
v 4.751443 3.078768 -2.132412
v 4.751444 2.546205 -2.132412
v 6.153811 2.816713 -2.128311
v 6.153812 2.546208 -2.128311
v 6.211692 2.549926 -2.128142
v 4.928521 2.546205 -2.131895
v 5.039089 1.743261 -2.131571
v 4.891449 1.365302 -2.132002
v 4.988448 1.143425 -2.131719
v 5.972946 1.295671 -2.128840
v 6.005153 1.632960 -2.128747
v 5.763487 1.807396 -2.129453
v 2.756001 1.909907 -2.138247
v 3.349079 1.397086 -2.136513
v 3.994285 1.436301 -2.134626
v 4.209904 1.698614 -2.133996
v 3.548050 2.633888 -2.135931
v 4.388343 2.116785 -2.133474
v 4.301726 2.354128 -2.133727
v 2.814641 1.494590 -2.138076
v 3.079017 2.400076 -2.137303
v 2.853428 2.212353 -2.137962
v 5.151646 2.546206 -2.131242
v 6.153812 2.398979 -2.128311
v 6.282174 2.733465 -2.127936
v 5.078609 2.385082 -2.131455
v 5.300560 2.287696 -2.130807
v 5.766004 2.308381 -2.129446
v 5.236260 2.731724 -2.130994
v 6.050185 2.883264 -2.128614
v 5.530733 2.882549 -2.130133
v 4.159996 2.589300 -2.134141
v 4.769251 2.317744 -2.132360
v 5.084337 2.769259 -2.131439
v 5.162717 2.965681 -2.131210
v 4.910883 3.094720 -2.131946
v 3.969951 3.230531 -2.134697
v 3.740184 2.785803 -2.135369
v 4.363220 3.038795 -2.133547
v 3.349075 3.094336 -2.136513
v 3.349075 2.787315 -2.136513
v 3.154814 2.634231 -2.137081
v 2.054639 2.554063 -2.140298
v 2.199191 2.249973 -2.139876
v 2.499149 2.211395 -2.138998
v 2.860093 2.448605 -2.137943
v 2.220289 3.018090 -2.139813
v 2.100299 2.783232 -2.140164
v 2.765648 3.046245 -2.138219
v 2.468991 3.101095 -2.139087
v 3.615833 2.785585 -2.135733
v 3.591737 3.074856 -2.135804
v 3.349080 1.020128 -2.136512
v 3.349080 0.705497 -2.136513
v 2.849205 1.157338 -2.137975
v 2.281343 1.134383 -2.139636
v 3.030643 1.010845 -2.137444
v 3.202460 0.621608 -2.136941
v 2.342227 0.796475 -2.139458
v 3.506384 1.023759 -2.136053
v 3.617827 0.859260 -2.135727
v 2.549800 1.398189 -2.138850
v 2.239743 1.364728 -2.139757
v 7.149417 1.131868 -2.125400
v 6.633196 1.073887 -2.126910
v 6.483627 0.684792 -2.127347
v 7.010929 0.676903 -2.125804
v 7.219278 0.933097 -2.125196
v 6.728317 1.320188 -2.126631
v 7.104819 1.257999 -2.125531
v 7.317674 1.851145 -2.124907
v 6.565598 1.923634 -2.127107
v 6.723118 2.310757 -2.126647
v 7.264914 2.164750 -2.125062
v 7.400065 2.283453 -2.124667
v 7.272000 2.438933 -2.125041
v 6.523838 1.820127 -2.127230
v 6.930859 1.458738 -2.126039
v 4.402720 1.532505 -2.133431
v 4.205631 1.415894 -2.134008
v 4.351667 1.288583 -2.133581
v 4.579954 1.427771 -2.132914
v 4.387680 0.940198 -2.133476
v 4.029789 0.993827 -2.134522
v 3.902083 0.760292 -2.134896
v 4.085545 0.693959 -2.134359
v 4.449381 0.673456 -2.133295
v 6.792337 3.386761 8.680814
v 6.651960 3.077445 8.827688
v 6.792337 3.386761 7.486967
v 6.651960 3.077445 7.340093
v 7.933384 3.386764 8.680815
v 8.073763 3.077448 8.827688
v 7.933384 3.386764 7.486967
v 8.073763 3.077448 7.340093
v 6.765409 0.253889 8.708997
v 6.651966 0.503852 8.827688
v 6.651966 0.503852 7.340093
v 6.765409 0.253888 7.458784
v 8.073769 0.503855 8.827688
v 7.960327 0.253891 8.708998
v 8.073769 0.503855 7.340093
v 7.960328 0.253891 7.458784
v 8.073763 2.827415 8.578976
v 8.073764 2.519812 8.645763
v 8.073765 2.302290 8.332024
v 8.073763 2.822848 8.224588
v 8.073765 2.036223 7.653927
v 8.073766 1.827171 7.978506
v 8.073767 1.284604 7.714533
v 8.073767 1.466376 7.512786
v 8.073764 2.647149 7.796052
v 8.073765 2.283398 7.918834
v 8.073765 2.156090 7.546324
v 8.073764 2.536365 7.513162
v 8.073768 0.884453 8.827689
v 8.073767 1.450507 8.390850
v 8.073769 0.673062 8.435102
v 8.073769 0.750199 8.052111
v 8.073767 1.148912 8.089586
v 8.073767 1.278565 7.955749
v 7.270278 2.300296 8.827688
v 6.973770 2.088569 8.827688
v 6.990259 1.719291 8.827688
v 7.275768 1.763500 8.827688
v 7.524283 2.095126 8.827688
v 7.796329 2.581471 8.827688
v 7.115700 2.928755 8.827688
v 7.010246 2.647246 8.827688
v 7.450791 2.678582 8.827688
v 7.679567 2.920620 8.827688
v 7.624213 1.370279 8.827688
v 7.167855 1.360812 8.827688
v 7.134946 0.946996 8.827688
v 7.577467 0.925789 8.827688
v 7.704281 1.128764 8.827688
v 7.854473 1.150614 8.827688
v 7.860799 1.550014 8.827688
v 7.268962 2.131762 7.340093
v 7.584225 1.880926 7.340093
v 7.112990 1.506768 7.340093
v 6.953714 1.811575 7.340093
v 7.821368 2.460549 7.340093
v 7.990337 2.873539 7.340093
v 7.256247 2.632604 7.340093
v 7.358876 2.890819 7.340093
v 7.670384 2.798629 7.340093
v 7.518361 1.170407 7.340093
v 7.660057 1.409744 7.340093
v 7.867910 1.206249 7.340093
v 7.771981 0.721081 7.340093
v 6.957268 0.731354 7.340093
v 7.141703 1.049560 7.340093
v 8.126123 2.827415 8.578976
v 8.126124 2.519813 8.645763
v 8.126125 2.302291 8.332024
v 8.126123 2.822848 8.224588
v 8.126125 2.036223 7.653927
v 8.126126 1.827171 7.978506
v 8.126127 1.284604 7.714533
v 8.126127 1.466376 7.512786
v 8.126124 2.647149 7.796052
v 8.126125 2.283398 7.918834
v 8.126125 2.156090 7.546324
v 8.126124 2.536366 7.513162
v 8.126127 1.450507 8.390850
v 8.126127 0.884453 8.827689
v 8.126128 0.673062 8.435102
v 8.126128 0.750199 8.052111
v 8.126127 1.148912 8.089586
v 8.126127 1.278565 7.955749
v 7.268962 2.131762 7.313094
v 7.584225 1.880926 7.313095
v 7.112990 1.506768 7.313094
v 6.953714 1.811575 7.313094
v 7.821368 2.460549 7.313094
v 7.990337 2.873539 7.313094
v 7.256247 2.632604 7.313094
v 7.358876 2.890819 7.313094
v 7.670384 2.798629 7.313094
v 7.518361 1.170407 7.313094
v 7.660057 1.409744 7.313094
v 7.867910 1.206249 7.313094
v 7.771982 0.721081 7.313095
v 6.957268 0.731353 7.313094
v 7.141703 1.049560 7.313095
v 7.270278 2.300296 8.871878
v 6.973770 2.088569 8.871878
v 6.990259 1.719291 8.871878
v 7.275768 1.763499 8.871879
v 7.524283 2.095126 8.871878
v 7.115700 2.928755 8.871878
v 7.010246 2.647246 8.871878
v 7.450791 2.678582 8.871879
v 7.796329 2.581471 8.871878
v 7.679567 2.920620 8.871879
v 7.624213 1.370279 8.871878
v 7.167855 1.360812 8.871878
v 7.134946 0.946996 8.871878
v 7.577467 0.925789 8.871878
v 7.704281 1.128764 8.871879
v 7.854473 1.150614 8.871878
v 7.860799 1.550014 8.871879
v 8.073764 2.696402 8.210615
v 8.126124 2.639674 7.798574
v 7.288664 2.116087 7.313094
v 8.073765 2.319771 8.565590
v 8.126123 2.893418 8.406964
v 8.073763 2.892724 8.405170
v 8.126125 2.313642 8.556749
v -3.876959 3.386738 8.680813
v -4.017336 3.077421 8.827688
v -3.876959 3.386737 7.486966
v -4.017336 3.077421 7.340092
v -2.735912 3.386740 8.680814
v -2.595533 3.077425 8.827688
v -2.735912 3.386740 7.486966
v -2.595533 3.077424 7.340092
v -3.903890 0.253864 8.708996
v -4.017330 0.503828 8.827688
v -4.017330 0.503828 7.340092
v -3.903890 0.253865 7.458783
v -2.595528 0.503831 8.827688
v -2.708970 0.253867 8.708996
v -2.595528 0.503831 7.340092
v -2.708970 0.253867 7.458783
v -2.595533 2.827391 8.578976
v -2.595532 2.519789 8.645761
v -2.595532 2.302267 8.332024
v -2.595533 2.822824 8.224586
v -2.595531 2.036200 7.653926
v -2.595531 1.827147 7.978506
v -2.595530 1.284580 7.714532
v -2.595530 1.466352 7.512786
v -2.595532 2.647125 7.796051
v -2.595531 2.283374 7.918834
v -2.595531 2.156066 7.546323
v -2.595532 2.536341 7.513161
v -2.595529 0.884429 8.827688
v -2.595530 1.450483 8.390849
v -2.595529 0.673038 8.435102
v -2.595529 0.750175 8.052111
v -2.595530 1.148888 8.089585
v -2.595530 1.278541 7.955748
v -3.399019 2.300272 8.827688
v -3.695527 2.088545 8.827688
v -3.679038 1.719268 8.827688
v -3.393529 1.763476 8.827688
v -3.145014 2.095102 8.827688
v -2.872968 2.581447 8.827688
v -3.553596 2.928731 8.827688
v -3.659050 2.647223 8.827688
v -3.218505 2.678558 8.827687
v -2.989730 2.920596 8.827687
v -3.045083 1.370255 8.827688
v -3.501442 1.360788 8.827688
v -3.534350 0.946973 8.827688
v -3.091829 0.925765 8.827688
v -2.965016 1.128740 8.827687
v -2.814825 1.150590 8.827688
v -2.808497 1.549990 8.827688
v -3.400334 2.131738 7.340092
v -3.085072 1.880902 7.340092
v -3.556306 1.506744 7.340092
v -3.715583 1.811552 7.340092
v -2.847929 2.460525 7.340092
v -2.678960 2.873516 7.340092
v -3.413050 2.632580 7.340092
v -3.310421 2.890795 7.340092
v -2.998914 2.798605 7.340092
v -3.150937 1.170383 7.340092
v -3.009240 1.409720 7.340092
v -2.801387 1.206225 7.340092
v -2.897315 0.721057 7.340092
v -3.712029 0.731329 7.340092
v -3.527593 1.049536 7.340092
v -2.543174 2.827392 8.578976
v -2.543173 2.519789 8.645761
v -2.543173 2.302267 8.332024
v -2.543174 2.822824 8.224586
v -2.543172 2.036200 7.653926
v -2.543171 1.827147 7.978506
v -2.543170 1.284580 7.714532
v -2.543170 1.466352 7.512786
v -2.543173 2.647125 7.796051
v -2.543172 2.283374 7.918834
v -2.543172 2.156066 7.546323
v -2.543173 2.536341 7.513161
v -2.543170 1.450483 8.390849
v -2.543169 0.884429 8.827688
v -2.543169 0.673038 8.435102
v -2.543169 0.750176 8.052111
v -2.543170 1.148888 8.089585
v -2.543170 1.278541 7.955748
v -3.400334 2.131738 7.313093
v -3.085072 1.880902 7.313094
v -3.556306 1.506744 7.313094
v -3.715583 1.811551 7.313094
v -2.847929 2.460525 7.313094
v -2.678960 2.873515 7.313094
v -3.413050 2.632580 7.313093
v -3.310421 2.890795 7.313094
v -2.998914 2.798605 7.313094
v -3.150937 1.170383 7.313094
v -3.009240 1.409720 7.313093
v -2.801387 1.206226 7.313094
v -2.897315 0.721057 7.313094
v -3.712029 0.731329 7.313094
v -3.527593 1.049536 7.313094
v -3.399019 2.300272 8.871878
v -3.695527 2.088545 8.871878
v -3.679038 1.719268 8.871878
v -3.393529 1.763476 8.871878
v -3.145014 2.095102 8.871878
v -3.553596 2.928731 8.871878
v -3.659050 2.647223 8.871878
v -3.218505 2.678558 8.871878
v -2.872968 2.581447 8.871878
v -2.989730 2.920596 8.871878
v -3.045083 1.370255 8.871878
v -3.501442 1.360788 8.871878
v -3.534350 0.946973 8.871878
v -3.091829 0.925765 8.871878
v -2.965016 1.128740 8.871878
v -2.814825 1.150590 8.871878
v -2.808497 1.549990 8.871878
v -2.595532 2.696378 8.210615
v -2.543173 2.639650 7.798574
v -3.380632 2.116063 7.313094
v -2.595532 2.319747 8.565589
v -2.543174 2.893394 8.406963
v -2.595533 2.892700 8.405169
v -2.543173 2.313618 8.556749
v 6.792340 3.386761 -2.218559
v 6.651963 3.077445 -2.365432
v 6.792340 3.386761 -1.024711
v 6.651962 3.077445 -0.877837
v 7.933387 3.386764 -2.218558
v 8.073766 3.077448 -2.365432
v 7.933387 3.386764 -1.024710
v 8.073765 3.077448 -0.877837
v 6.765411 0.253888 -2.246741
v 6.651968 0.503851 -2.365433
v 6.651968 0.503852 -0.877837
v 6.765410 0.253888 -0.996528
v 8.073771 0.503855 -2.365432
v 7.960330 0.253891 -2.246741
v 8.073771 0.503855 -0.877837
v 7.960330 0.253891 -0.996528
v 8.073766 2.827415 -2.116720
v 8.073767 2.519812 -2.183506
v 8.073767 2.302290 -1.869768
v 8.073766 2.822848 -1.762331
v 8.073768 2.036223 -1.191671
v 8.073768 1.827170 -1.516250
v 8.073769 1.284604 -1.252276
v 8.073769 1.466376 -1.050530
v 8.073766 2.647148 -1.333796
v 8.073767 2.283397 -1.456578
v 8.073767 2.156089 -1.084067
v 8.073767 2.536365 -1.050906
v 8.073771 0.884453 -2.365432
v 8.073769 1.450506 -1.928594
v 8.073771 0.673062 -1.972846
v 8.073771 0.750199 -1.589854
v 8.073770 1.148911 -1.627330
v 8.073769 1.278564 -1.493493
v 7.270280 2.300296 -2.365432
v 6.973772 2.088568 -2.365433
v 6.990262 1.719291 -2.365433
v 7.275771 1.763499 -2.365432
v 7.524286 2.095125 -2.365433
v 7.796331 2.581470 -2.365432
v 7.115703 2.928755 -2.365433
v 7.010249 2.647246 -2.365433
v 7.450794 2.678582 -2.365432
v 7.679570 2.920619 -2.365432
v 7.624216 1.370278 -2.365432
v 7.167857 1.360811 -2.365433
v 7.134948 0.946996 -2.365433
v 7.577470 0.925789 -2.365432
v 7.704283 1.128763 -2.365432
v 7.854475 1.150614 -2.365432
v 7.860802 1.550013 -2.365432
v 7.268965 2.131762 -0.877836
v 7.584227 1.880926 -0.877836
v 7.112993 1.506768 -0.877837
v 6.953717 1.811575 -0.877837
v 7.821370 2.460548 -0.877836
v 7.990339 2.873539 -0.877837
v 7.256249 2.632604 -0.877837
v 7.358878 2.890818 -0.877836
v 7.670386 2.798629 -0.877836
v 7.518363 1.170407 -0.877836
v 7.660059 1.409744 -0.877836
v 7.867913 1.206249 -0.877836
v 7.771984 0.721081 -0.877836
v 6.957270 0.731353 -0.877837
v 7.141706 1.049560 -0.877837
v 8.126126 2.827415 -2.116720
v 8.126127 2.519812 -2.183506
v 8.126127 2.302290 -1.869768
v 8.126126 2.822848 -1.762331
v 8.126127 2.036223 -1.191671
v 8.126128 1.827170 -1.516250
v 8.126129 1.284604 -1.252276
v 8.126129 1.466376 -1.050530
v 8.126126 2.647149 -1.333796
v 8.126127 2.283397 -1.456578
v 8.126127 2.156089 -1.084067
v 8.126126 2.536365 -1.050906
v 8.126129 1.450506 -1.928594
v 8.126131 0.884453 -2.365432
v 8.126131 0.673062 -1.972846
v 8.126131 0.750199 -1.589854
v 8.126129 1.148911 -1.627330
v 8.126129 1.278565 -1.493493
v 7.268965 2.131762 -0.850838
v 7.584227 1.880926 -0.850838
v 7.112993 1.506768 -0.850839
v 6.953717 1.811575 -0.850839
v 7.821370 2.460548 -0.850838
v 7.990339 2.873539 -0.850839
v 7.256249 2.632604 -0.850838
v 7.358878 2.890819 -0.850838
v 7.670386 2.798629 -0.850838
v 7.518363 1.170407 -0.850838
v 7.660059 1.409744 -0.850838
v 7.867913 1.206249 -0.850838
v 7.771984 0.721081 -0.850838
v 6.957270 0.731353 -0.850839
v 7.141706 1.049560 -0.850839
v 7.270280 2.300296 -2.409622
v 6.973772 2.088568 -2.409623
v 6.990262 1.719291 -2.409622
v 7.275771 1.763499 -2.409622
v 7.524286 2.095125 -2.409622
v 7.115703 2.928755 -2.409623
v 7.010249 2.647246 -2.409622
v 7.450794 2.678582 -2.409622
v 7.796331 2.581470 -2.409622
v 7.679570 2.920619 -2.409622
v 7.624216 1.370278 -2.409622
v 7.167857 1.360811 -2.409622
v 7.134948 0.946996 -2.409623
v 7.577470 0.925789 -2.409622
v 7.704283 1.128763 -2.409622
v 7.854475 1.150614 -2.409622
v 7.860802 1.550013 -2.409621
v 8.073766 2.696402 -1.748359
v 8.126126 2.639673 -1.336318
v 7.288666 2.116086 -0.850839
v 8.073767 2.319771 -2.103334
v 8.126125 2.893417 -1.944708
v 8.073766 2.892724 -1.942914
v 8.126127 2.313642 -2.094493
v -3.876958 3.386737 -2.218559
v -4.017335 3.077421 -2.365433
v -3.876958 3.386737 -1.024711
v -4.017335 3.077421 -0.877837
v -2.735911 3.386740 -2.218559
v -2.595532 3.077424 -2.365433
v -2.735911 3.386740 -1.024711
v -2.595532 3.077424 -0.877837
v -3.903888 0.253864 -2.246742
v -4.017329 0.503828 -2.365433
v -4.017329 0.503827 -0.877838
v -3.903889 0.253864 -0.996529
v -2.595527 0.503831 -2.365433
v -2.708968 0.253867 -2.246742
v -2.595527 0.503830 -0.877838
v -2.708969 0.253867 -0.996529
v -2.595532 2.827391 -2.116721
v -2.595531 2.519788 -2.183507
v -2.595531 2.302266 -1.869769
v -2.595532 2.822824 -1.762332
v -2.595531 2.036199 -1.191672
v -2.595530 1.827146 -1.516251
v -2.595529 1.284580 -1.252277
v -2.595529 1.466352 -1.050531
v -2.595531 2.647125 -1.333796
v -2.595531 2.283374 -1.456579
v -2.595531 2.156065 -1.084068
v -2.595531 2.536341 -1.050907
v -2.595528 0.884429 -2.365433
v -2.595529 1.450482 -1.928595
v -2.595527 0.673038 -1.972847
v -2.595528 0.750175 -1.589855
v -2.595529 1.148888 -1.627331
v -2.595529 1.278541 -1.493494
v -3.399017 2.300272 -2.365433
v -3.695526 2.088544 -2.365433
v -3.679037 1.719267 -2.365433
v -3.393528 1.763475 -2.365433
v -3.145013 2.095101 -2.365434
v -2.872967 2.581447 -2.365433
v -3.553596 2.928731 -2.365433
v -3.659049 2.647222 -2.365434
v -3.218504 2.678558 -2.365433
v -2.989729 2.920596 -2.365433
v -3.045082 1.370254 -2.365433
v -3.501441 1.360787 -2.365433
v -3.534349 0.946972 -2.365433
v -3.091828 0.925765 -2.365433
v -2.965014 1.128740 -2.365433
v -2.814823 1.150590 -2.365433
v -2.808496 1.549989 -2.365433
v -3.400333 2.131738 -0.877837
v -3.085071 1.880902 -0.877837
v -3.556306 1.506744 -0.877837
v -3.715582 1.811551 -0.877837
v -2.847928 2.460525 -0.877837
v -2.678959 2.873515 -0.877838
v -3.413049 2.632580 -0.877838
v -3.310420 2.890794 -0.877837
v -2.998913 2.798605 -0.877837
v -3.150936 1.170383 -0.877837
v -3.009239 1.409720 -0.877837
v -2.801386 1.206225 -0.877837
v -2.897314 0.721057 -0.877837
v -3.712029 0.731329 -0.877837
v -3.527593 1.049536 -0.877838
v -2.543173 2.827391 -2.116721
v -2.543172 2.519788 -2.183507
v -2.543171 2.302266 -1.869769
v -2.543173 2.822824 -1.762332
v -2.543171 2.036199 -1.191672
v -2.543170 1.827146 -1.516251
v -2.543169 1.284580 -1.252277
v -2.543169 1.466352 -1.050531
v -2.543172 2.647125 -1.333796
v -2.543171 2.283374 -1.456579
v -2.543171 2.156065 -1.084068
v -2.543172 2.536341 -1.050907
v -2.543169 1.450483 -1.928595
v -2.543168 0.884429 -2.365433
v -2.543167 0.673038 -1.972847
v -2.543168 0.750175 -1.589855
v -2.543169 1.148888 -1.627331
v -2.543169 1.278541 -1.493494
v -3.400333 2.131738 -0.850839
v -3.085071 1.880902 -0.850839
v -3.556306 1.506744 -0.850839
v -3.715582 1.811551 -0.850839
v -2.847928 2.460525 -0.850839
v -2.678959 2.873515 -0.850840
v -3.413049 2.632580 -0.850839
v -3.310420 2.890795 -0.850839
v -2.998913 2.798605 -0.850839
v -3.150936 1.170383 -0.850839
v -3.009239 1.409720 -0.850839
v -2.801386 1.206225 -0.850839
v -2.897314 0.721056 -0.850839
v -3.712029 0.731329 -0.850840
v -3.527593 1.049536 -0.850840
v -3.399017 2.300272 -2.409623
v -3.695526 2.088544 -2.409623
v -3.679037 1.719267 -2.409623
v -3.393528 1.763475 -2.409623
v -3.145013 2.095101 -2.409623
v -3.553596 2.928731 -2.409623
v -3.659049 2.647222 -2.409623
v -3.218504 2.678558 -2.409623
v -2.872967 2.581447 -2.409623
v -2.989729 2.920596 -2.409623
v -3.045082 1.370254 -2.409623
v -3.501441 1.360787 -2.409623
v -3.534349 0.946972 -2.409623
v -3.091828 0.925765 -2.409623
v -2.965014 1.128740 -2.409623
v -2.814823 1.150590 -2.409623
v -2.808496 1.549989 -2.409622
v -2.595531 2.696378 -1.748360
v -2.543172 2.639649 -1.336319
v -3.380631 2.116063 -0.850840
v -2.595531 2.319747 -2.103335
v -2.543173 2.893394 -1.944709
v -2.595532 2.892700 -1.942915
v -2.543171 2.313618 -2.094494
v 6.970437 3.253008 5.511595
v 6.851123 2.956986 5.636432
v 6.970438 3.253008 4.496874
v 6.851123 2.956986 4.372037
v 7.940280 3.253010 5.511595
v 8.059596 2.956989 5.636432
v 7.940280 3.253010 4.496874
v 8.059596 2.956989 4.372037
v 6.947550 0.254789 5.535549
v 6.851128 0.494009 5.636432
v 6.851129 0.494009 4.372037
v 6.947550 0.254789 4.472920
v 8.059601 0.494012 5.636432
v 7.963181 0.254792 5.535549
v 8.059602 0.494012 4.372037
v 7.963181 0.254791 4.472920
v 8.059596 2.717702 5.425037
v 8.059597 2.423321 5.481803
v 8.059597 2.215148 5.215138
v 8.059597 2.713332 5.123821
v 8.059598 1.960517 4.638784
v 8.059599 1.760450 4.914663
v 8.059600 1.241203 4.690296
v 8.059599 1.415162 4.518820
v 8.059597 2.545184 4.759583
v 8.059598 2.197067 4.863944
v 8.059598 2.075231 4.547325
v 8.059597 2.439162 4.519139
v 8.059601 0.858251 5.636432
v 8.059599 1.399975 5.265138
v 8.059601 0.655946 5.302751
v 8.059601 0.729768 4.977223
v 8.059600 1.111343 5.009076
v 8.059600 1.235424 4.895320
v 7.376667 2.213240 5.636432
v 7.124647 2.010613 5.636432
v 7.138663 1.657207 5.636432
v 7.381333 1.699515 5.636432
v 7.592561 2.016888 5.636432
v 7.823789 2.482329 5.636432
v 7.245282 2.814687 5.636432
v 7.155651 2.545278 5.636432
v 7.530097 2.575267 5.636432
v 7.724546 2.806901 5.636432
v 7.677498 1.323195 5.636432
v 7.289612 1.314136 5.636432
v 7.261641 0.918107 5.636432
v 7.637766 0.897811 5.636432
v 7.745552 1.092061 5.636432
v 7.873209 1.112972 5.636432
v 7.878586 1.495205 5.636432
v 7.375549 2.051950 4.372037
v 7.643509 1.811895 4.372037
v 7.242980 1.453819 4.372037
v 7.107602 1.745525 4.372037
v 7.845071 2.366605 4.372037
v 7.988687 2.761844 4.372037
v 7.364741 2.531265 4.372037
v 7.451972 2.778381 4.372037
v 7.716741 2.690154 4.372037
v 7.587528 1.131915 4.372037
v 7.707963 1.360965 4.372037
v 7.884630 1.166216 4.372037
v 7.803095 0.701901 4.372037
v 7.110622 0.711732 4.372037
v 7.267384 1.016262 4.372037
v 8.104100 2.717702 5.425037
v 8.104101 2.423321 5.481803
v 8.104101 2.215148 5.215138
v 8.104100 2.713332 5.123821
v 8.104102 1.960517 4.638784
v 8.104103 1.760450 4.914663
v 8.104104 1.241203 4.690296
v 8.104103 1.415162 4.518820
v 8.104101 2.545184 4.759583
v 8.104101 2.197067 4.863944
v 8.104102 2.075231 4.547325
v 8.104101 2.439162 4.519139
v 8.104103 1.399975 5.265138
v 8.104104 0.858251 5.636432
v 8.104105 0.655946 5.302751
v 8.104105 0.729768 4.977223
v 8.104104 1.111343 5.009076
v 8.104104 1.235424 4.895320
v 7.375549 2.051950 4.349090
v 7.643509 1.811895 4.349090
v 7.242980 1.453819 4.349090
v 7.107602 1.745525 4.349090
v 7.845071 2.366605 4.349090
v 7.988688 2.761844 4.349090
v 7.364741 2.531264 4.349090
v 7.451972 2.778381 4.349090
v 7.716741 2.690154 4.349090
v 7.587528 1.131915 4.349090
v 7.707963 1.360965 4.349090
v 7.884630 1.166216 4.349090
v 7.803095 0.701901 4.349090
v 7.110622 0.711732 4.349090
v 7.267384 1.016262 4.349090
v 7.376667 2.213240 5.673991
v 7.124647 2.010613 5.673991
v 7.138663 1.657207 5.673991
v 7.381333 1.699515 5.673991
v 7.592561 2.016888 5.673991
v 7.245282 2.814687 5.673991
v 7.155651 2.545278 5.673991
v 7.530097 2.575267 5.673991
v 7.823789 2.482329 5.673991
v 7.724546 2.806901 5.673991
v 7.677498 1.323195 5.673991
v 7.289612 1.314136 5.673991
v 7.261641 0.918107 5.673991
v 7.637766 0.897811 5.673991
v 7.745552 1.092061 5.673991
v 7.873209 1.112973 5.673991
v 7.878586 1.495205 5.673991
v 8.059597 2.592320 5.111945
v 8.104101 2.538030 4.761728
v 7.392294 2.036948 4.349090
v 8.059597 2.231878 5.413659
v 8.104100 2.780868 5.278833
v 8.059596 2.780204 5.277309
v 8.104101 2.226012 5.406146
v 10.602353 2.957137 5.511598
v 10.483039 2.694231 5.636434
v 10.602353 2.957137 4.496876
v 10.483039 2.694231 4.372040
v 11.572196 2.957139 5.511598
v 11.691511 2.694234 5.636435
v 11.572196 2.957139 4.496876
v 11.691511 2.694234 4.372040
v 10.579465 0.294325 5.535552
v 10.483044 0.506783 5.636435
v 10.483044 0.506783 4.372040
v 10.579465 0.294325 4.472922
v 11.691517 0.506786 5.636435
v 11.595097 0.294327 5.535552
v 11.691517 0.506786 4.372040
v 11.595097 0.294327 4.472922
v 11.691512 2.481716 5.425039
v 11.691513 2.220266 5.481805
v 11.691513 2.035382 5.215140
v 11.691512 2.477834 5.123824
v 11.691514 1.809236 4.638786
v 11.691514 1.631550 4.914665
v 11.691515 1.170391 4.690298
v 11.691515 1.324889 4.518822
v 11.691512 2.328497 4.759586
v 11.691513 2.019324 4.863946
v 11.691513 1.911117 4.547327
v 11.691513 2.234335 4.519141
v 11.691516 0.830279 5.636435
v 11.691515 1.311401 5.265140
v 11.691516 0.650605 5.302752
v 11.691516 0.716169 4.977226
v 11.691515 1.055058 5.009078
v 11.691515 1.165257 4.895322
v 11.008583 2.033687 5.636434
v 10.756563 1.853727 5.636435
v 10.770578 1.539857 5.636434
v 11.013249 1.577432 5.636435
v 11.224477 1.859300 5.636435
v 11.455705 2.272674 5.636435
v 10.877198 2.567851 5.636435
v 10.787567 2.328580 5.636435
v 11.162012 2.355214 5.636434
v 11.356462 2.560936 5.636434
v 11.309413 1.243210 5.636434
v 10.921527 1.235164 5.636435
v 10.893556 0.883438 5.636434
v 11.269681 0.865413 5.636434
v 11.377467 1.037932 5.636435
v 11.505124 1.056505 5.636435
v 11.510502 1.395977 5.636435
v 11.007464 1.890440 4.372040
v 11.275425 1.677240 4.372040
v 10.874895 1.359221 4.372040
v 10.739517 1.618294 4.372040
v 11.476987 2.169895 4.372040
v 11.620604 2.520920 4.372040
v 10.996657 2.316134 4.372040
v 11.083887 2.535606 4.372040
v 11.348657 2.457249 4.372040
v 11.219443 1.073328 4.372040
v 11.339878 1.276755 4.372040
v 11.516545 1.103792 4.372040
v 11.435010 0.691419 4.372040
v 10.742537 0.700150 4.372040
v 10.899300 0.970613 4.372040
v 11.736016 2.481716 5.425039
v 11.736016 2.220266 5.481805
v 11.736017 2.035382 5.215140
v 11.736016 2.477834 5.123824
v 11.736017 1.809236 4.638786
v 11.736018 1.631550 4.914665
v 11.736019 1.170391 4.690298
v 11.736019 1.324889 4.518822
v 11.736016 2.328497 4.759586
v 11.736017 2.019324 4.863946
v 11.736017 1.911117 4.547327
v 11.736016 2.234336 4.519141
v 11.736019 1.311401 5.265140
v 11.736020 0.830279 5.636435
v 11.736020 0.650606 5.302752
v 11.736020 0.716169 4.977226
v 11.736019 1.055058 5.009078
v 11.736019 1.165258 4.895322
v 11.007464 1.890440 4.349092
v 11.275425 1.677239 4.349092
v 10.874895 1.359221 4.349092
v 10.739517 1.618294 4.349092
v 11.476987 2.169895 4.349092
v 11.620604 2.520920 4.349092
v 10.996657 2.316134 4.349092
v 11.083887 2.535606 4.349092
v 11.348657 2.457249 4.349092
v 11.219443 1.073328 4.349092
v 11.339878 1.276754 4.349092
v 11.516545 1.103792 4.349092
v 11.435010 0.691419 4.349092
v 10.742537 0.700150 4.349092
v 10.899300 0.970613 4.349092
v 11.008583 2.033687 5.673994
v 10.756563 1.853727 5.673994
v 10.770578 1.539857 5.673994
v 11.013249 1.577432 5.673994
v 11.224477 1.859300 5.673994
v 10.877198 2.567851 5.673994
v 10.787567 2.328580 5.673994
v 11.162012 2.355214 5.673994
v 11.455705 2.272674 5.673994
v 11.356462 2.560936 5.673994
v 11.309413 1.243210 5.673994
v 10.921528 1.235164 5.673994
v 10.893556 0.883438 5.673994
v 11.269681 0.865413 5.673994
v 11.377467 1.037933 5.673994
v 11.505124 1.056505 5.673994
v 11.510502 1.395978 5.673994
v 11.691512 2.370360 5.111948
v 11.736016 2.322143 4.761731
v 11.024210 1.877116 4.349092
v 11.691513 2.050240 5.413661
v 11.736016 2.537816 5.278836
v 11.691512 2.537226 5.277312
v 11.736017 2.045030 5.406148
v 6.970438 3.253007 0.636102
v 6.851123 2.956986 0.511265
v 6.970438 3.253007 1.650823
v 6.851123 2.956986 1.775660
v 7.940280 3.253010 0.636102
v 8.059596 2.956989 0.511265
v 7.940280 3.253010 1.650823
v 8.059596 2.956989 1.775660
v 6.947550 0.254788 0.612148
v 6.851129 0.494009 0.511265
v 6.851129 0.494009 1.775660
v 6.947550 0.254789 1.674777
v 8.059602 0.494011 0.511265
v 7.963181 0.254791 0.612148
v 8.059602 0.494011 1.775660
v 7.963181 0.254791 1.674777
v 8.059597 2.717702 0.722660
v 8.059597 2.423321 0.665895
v 8.059598 2.215148 0.932559
v 8.059597 2.713332 1.023876
v 8.059599 1.960517 1.508914
v 8.059599 1.760449 1.233035
v 8.059600 1.241203 1.457402
v 8.059600 1.415162 1.628877
v 8.059597 2.545184 1.388114
v 8.059598 2.197067 1.283753
v 8.059598 2.075231 1.600372
v 8.059597 2.439162 1.628558
v 8.059601 0.858251 0.511265
v 8.059600 1.399975 0.882560
v 8.059601 0.655946 0.844947
v 8.059601 0.729768 1.170474
v 8.059601 1.111343 1.138621
v 8.059601 1.235423 1.252378
v 7.376667 2.213240 0.511265
v 7.124648 2.010612 0.511265
v 7.138663 1.657207 0.511265
v 7.381334 1.699515 0.511265
v 7.592561 2.016887 0.511265
v 7.823789 2.482329 0.511265
v 7.245283 2.814687 0.511265
v 7.155651 2.545277 0.511265
v 7.530097 2.575266 0.511265
v 7.724546 2.806901 0.511265
v 7.677498 1.323195 0.511265
v 7.289612 1.314135 0.511265
v 7.261641 0.918106 0.511265
v 7.637766 0.897810 0.511265
v 7.745552 1.092061 0.511265
v 7.873209 1.112972 0.511265
v 7.878586 1.495205 0.511265
v 7.375549 2.051949 1.775660
v 7.643510 1.811894 1.775660
v 7.242980 1.453819 1.775660
v 7.107602 1.745525 1.775660
v 7.845072 2.366604 1.775660
v 7.988688 2.761844 1.775660
v 7.364741 2.531264 1.775660
v 7.451972 2.778381 1.775660
v 7.716741 2.690154 1.775660
v 7.587528 1.131914 1.775660
v 7.707963 1.360965 1.775660
v 7.884631 1.166216 1.775660
v 7.803095 0.701901 1.775660
v 7.110622 0.711732 1.775660
v 7.267385 1.016262 1.775660
v 8.104101 2.717702 0.722660
v 8.104101 2.423321 0.665895
v 8.104101 2.215148 0.932559
v 8.104101 2.713332 1.023876
v 8.104103 1.960517 1.508914
v 8.104103 1.760449 1.233035
v 8.104104 1.241203 1.457402
v 8.104104 1.415162 1.628877
v 8.104101 2.545184 1.388114
v 8.104102 2.197067 1.283753
v 8.104102 2.075231 1.600372
v 8.104101 2.439162 1.628558
v 8.104103 1.399975 0.882560
v 8.104105 0.858251 0.511265
v 8.104105 0.655946 0.844947
v 8.104105 0.729768 1.170474
v 8.104104 1.111343 1.138621
v 8.104104 1.235423 1.252378
v 7.375549 2.051949 1.798607
v 7.643510 1.811894 1.798607
v 7.242980 1.453819 1.798607
v 7.107602 1.745525 1.798607
v 7.845071 2.366604 1.798607
v 7.988688 2.761844 1.798607
v 7.364741 2.531264 1.798607
v 7.451972 2.778381 1.798607
v 7.716741 2.690154 1.798607
v 7.587528 1.131915 1.798607
v 7.707963 1.360965 1.798607
v 7.884631 1.166216 1.798607
v 7.803095 0.701901 1.798607
v 7.110622 0.711732 1.798607
v 7.267385 1.016262 1.798607
v 7.376667 2.213239 0.473706
v 7.124648 2.010612 0.473706
v 7.138663 1.657207 0.473706
v 7.381334 1.699515 0.473706
v 7.592561 2.016887 0.473706
v 7.245283 2.814687 0.473706
v 7.155651 2.545278 0.473706
v 7.530097 2.575266 0.473706
v 7.823789 2.482329 0.473706
v 7.724546 2.806901 0.473706
v 7.677498 1.323195 0.473706
v 7.289612 1.314135 0.473706
v 7.261641 0.918106 0.473706
v 7.637766 0.897810 0.473706
v 7.745552 1.092061 0.473706
v 7.873209 1.112972 0.473706
v 7.878586 1.495205 0.473706
v 8.059597 2.592320 1.035752
v 8.104101 2.538030 1.385969
v 7.392295 2.036948 1.798607
v 8.059598 2.231877 0.734038
v 8.104100 2.780868 0.868864
v 8.059597 2.780204 0.870388
v 8.104101 2.226012 0.741552
v 10.602354 2.957137 0.636104
v 10.483039 2.694231 0.511267
v 10.602354 2.957137 1.650825
v 10.483039 2.694231 1.775662
v 11.572196 2.957139 0.636104
v 11.691512 2.694233 0.511267
v 11.572196 2.957139 1.650825
v 11.691512 2.694234 1.775662
v 10.579465 0.294325 0.612150
v 10.483044 0.506783 0.511268
v 10.483044 0.506783 1.775662
v 10.579465 0.294325 1.674779
v 11.691517 0.506786 0.511268
v 11.595097 0.294327 0.612150
v 11.691517 0.506786 1.775662
v 11.595097 0.294328 1.674779
v 11.691512 2.481716 0.722662
v 11.691513 2.220266 0.665897
v 11.691513 2.035381 0.932562
v 11.691512 2.477834 1.023878
v 11.691514 1.809235 1.508916
v 11.691514 1.631549 1.233037
v 11.691515 1.170391 1.457403
v 11.691515 1.324889 1.628880
v 11.691513 2.328497 1.388116
v 11.691513 2.019324 1.283756
v 11.691514 1.911117 1.600374
v 11.691513 2.234336 1.628561
v 11.691516 0.830278 0.511267
v 11.691515 1.311401 0.882562
v 11.691517 0.650605 0.844949
v 11.691517 0.716168 1.170476
v 11.691516 1.055058 1.138624
v 11.691515 1.165257 1.252380
v 11.008583 2.033687 0.511267
v 10.756563 1.853727 0.511267
v 10.770578 1.539857 0.511267
v 11.013249 1.577432 0.511267
v 11.224477 1.859300 0.511267
v 11.455705 2.272673 0.511267
v 10.877198 2.567851 0.511267
v 10.787567 2.328580 0.511267
v 11.162012 2.355214 0.511267
v 11.356462 2.560936 0.511267
v 11.309414 1.243210 0.511267
v 10.921528 1.235163 0.511268
v 10.893557 0.883438 0.511267
v 11.269682 0.865412 0.511267
v 11.377467 1.037932 0.511267
v 11.505124 1.056505 0.511268
v 11.510502 1.395977 0.511267
v 11.007464 1.890439 1.775662
v 11.275425 1.677239 1.775662
v 10.874895 1.359221 1.775662
v 10.739517 1.618294 1.775662
v 11.476987 2.169895 1.775662
v 11.620604 2.520919 1.775662
v 10.996657 2.316134 1.775662
v 11.083887 2.535606 1.775662
v 11.348657 2.457249 1.775662
v 11.219443 1.073328 1.775662
v 11.339878 1.276754 1.775662
v 11.516546 1.103792 1.775662
v 11.435010 0.691419 1.775662
v 10.742537 0.700150 1.775662
v 10.899300 0.970613 1.775662
v 11.736016 2.481716 0.722662
v 11.736017 2.220266 0.665897
v 11.736017 2.035382 0.932562
v 11.736016 2.477834 1.023878
v 11.736018 1.809235 1.508916
v 11.736018 1.631549 1.233037
v 11.736019 1.170391 1.457403
v 11.736019 1.324889 1.628880
v 11.736017 2.328497 1.388116
v 11.736017 2.019324 1.283756
v 11.736017 1.911117 1.600374
v 11.736017 2.234336 1.628561
v 11.736019 1.311401 0.882562
v 11.736020 0.830278 0.511267
v 11.736021 0.650605 0.844949
v 11.736020 0.716168 1.170476
v 11.736019 1.055058 1.138624
v 11.736019 1.165257 1.252380
v 11.007464 1.890440 1.798609
v 11.275425 1.677239 1.798609
v 10.874895 1.359221 1.798609
v 10.739517 1.618294 1.798609
v 11.476987 2.169895 1.798609
v 11.620604 2.520919 1.798609
v 10.996657 2.316134 1.798609
v 11.083887 2.535606 1.798609
v 11.348657 2.457249 1.798609
v 11.219443 1.073328 1.798609
v 11.339878 1.276754 1.798609
v 11.516546 1.103792 1.798609
v 11.435010 0.691419 1.798609
v 10.742537 0.700150 1.798609
v 10.899300 0.970613 1.798609
v 11.008583 2.033687 0.473708
v 10.756563 1.853727 0.473708
v 10.770578 1.539856 0.473708
v 11.013249 1.577431 0.473708
v 11.224477 1.859300 0.473708
v 10.877198 2.567851 0.473708
v 10.787567 2.328580 0.473708
v 11.162012 2.355214 0.473708
v 11.455705 2.272673 0.473708
v 11.356462 2.560936 0.473708
v 11.309414 1.243210 0.473708
v 10.921528 1.235163 0.473708
v 10.893557 0.883438 0.473708
v 11.269682 0.865412 0.473708
v 11.377467 1.037932 0.473708
v 11.505124 1.056504 0.473708
v 11.510502 1.395977 0.473708
v 11.691513 2.370360 1.035754
v 11.736017 2.322143 1.385971
v 11.024210 1.877116 1.798609
v 11.691513 2.050239 0.734040
v 11.736016 2.537815 0.868866
v 11.691512 2.537225 0.870390
v 11.736017 2.045030 0.741554
v -1.022496 12.897932 3.462328
v -1.022481 5.817837 10.142066
v -1.022480 5.474961 9.882098
v -1.022497 13.073236 3.719960
v 1.956609 12.894576 3.561688
v 1.956623 5.842607 10.236227
v 1.956624 5.499732 9.976258
v 1.956608 13.069881 3.819321
v 0.467072 5.540687 9.878784
v 0.467055 13.073239 3.719961
v 0.467056 12.897936 3.462328
v 0.467071 5.883563 10.138752
v -1.022488 8.869280 6.500596
v -1.022488 8.754026 6.348024
v 1.956617 8.767932 6.445101
v 1.956617 8.883184 6.597673
v 0.467065 8.869283 6.500596
v 0.467065 8.754030 6.348024
v -1.022492 10.998224 5.092961
v -1.022492 10.887580 4.899155
v 1.956613 10.884225 4.998517
v 1.956613 10.994868 5.192321
v 0.467060 10.998227 5.092961
v 0.467060 10.887583 4.899156
v -1.033633 7.431448 8.124338
v -1.022484 7.049374 7.997360
v 1.956621 7.074142 8.091521
v 1.936339 7.511611 8.263352
v 0.456091 7.283841 8.182535
v 0.467068 7.049376 7.997360
v -1.022493 11.401953 5.198694
v -1.022492 11.080492 4.761279
v 1.956613 11.077138 4.860639
v 1.956612 11.398595 5.298055
v 0.467059 11.401956 5.198695
v 0.467060 11.080496 4.761279
v -1.022489 9.448771 6.704705
v -1.022488 9.062651 6.203460
v 1.956617 9.059296 6.302821
v 1.956616 9.445415 6.804065
v 0.467064 9.448774 6.704705
v 0.467065 9.062654 6.203460
v -1.033634 7.760746 8.339296
v -1.022484 7.132831 7.936626
v 1.956621 7.146737 8.033705
v 1.936338 7.830047 8.481229
v 0.456090 7.613139 8.397493
v 0.467068 7.132834 7.936626
v -1.022482 6.076097 10.100395
v -1.022480 5.567157 9.771730
v 1.956623 5.591927 9.865891
v 1.956622 6.100867 10.194555
v 0.467070 6.141823 10.097079
v 0.467072 5.567160 9.771730
v 2.113900 5.517725 9.973748
v 2.065526 13.086048 3.823207
v 2.068976 12.911154 3.565631
v 2.109123 5.860021 10.233794
v 2.089461 8.900564 6.597919
v 2.091440 8.785564 6.445345
v 2.080208 10.901058 5.002055
v 2.077827 11.011410 5.195816
v 2.078918 7.529059 8.261349
v 2.102671 7.091998 8.089458
v 2.073029 11.414686 5.301536
v 2.079131 11.093946 4.864216
v 2.090404 9.076360 6.305992
v 2.083229 9.461642 6.807126
v 2.101781 7.164539 8.033546
v 2.073923 7.846947 8.481104
v 2.106351 6.118041 10.192187
v 2.113243 5.609910 9.863405
v -4.001602 12.894563 3.561687
v -4.001589 5.842593 10.236226
v -4.001588 5.499719 9.976257
v -4.001603 13.069867 3.819320
v -2.520358 5.578155 9.837233
v -2.512050 13.073233 3.719960
v -2.512049 12.897929 3.462327
v -2.451889 5.863312 10.146271
v -4.001594 8.767920 6.445101
v -4.001594 8.883171 6.597672
v -2.512040 8.869276 6.500596
v -2.512040 8.754024 6.348024
v -4.001598 10.884212 4.998515
v -4.001598 10.994855 5.192320
v -2.512045 10.998220 5.092961
v -2.512045 10.887577 4.899155
v -4.001590 7.074130 8.091519
v -3.981309 7.511599 8.263351
v -2.512036 7.305804 8.162881
v -2.512036 7.049370 7.997360
v -4.001598 11.077126 4.860637
v -4.001599 11.398582 5.298054
v -2.512046 11.401949 5.198694
v -2.512045 11.080489 4.761279
v -4.001594 9.059283 6.302820
v -4.001595 9.445402 6.804065
v -2.512041 9.448767 6.704705
v -2.512040 9.062647 6.203460
v -4.001590 7.146723 8.033705
v -3.981310 7.830033 8.481228
v -2.512037 7.635102 8.377840
v -2.512036 7.132828 7.936626
v -4.001589 5.591913 9.865890
v -4.001588 6.100854 10.194554
v -2.401768 6.114693 10.141214
v -2.512033 5.567153 9.771730
v -4.158864 5.517711 9.973747
v -4.110519 13.086035 3.823206
v -4.113968 12.911139 3.565630
v -4.154087 5.860007 10.233793
v -4.134438 8.900551 6.597918
v -4.136415 8.785551 6.445343
v -4.125195 10.901045 5.002054
v -4.122813 11.011396 5.195814
v -4.123888 7.529045 8.261349
v -4.147639 7.091984 8.089457
v -4.118014 11.414673 5.301535
v -4.124116 11.093932 4.864215
v -4.135380 9.076345 6.305991
v -4.128206 9.461628 6.807126
v -4.146749 7.164526 8.033546
v -4.118896 7.846933 8.481104
v -4.151316 6.118027 10.192186
v -4.158207 5.609896 9.863405
v -1.125604 5.474961 9.882098
v -1.125620 13.073236 3.719960
v -1.125619 12.897932 3.462328
v -1.125605 5.817837 10.142066
v -1.125610 8.869280 6.500596
v -1.125610 8.754026 6.348024
v -1.125615 10.887580 4.899155
v -1.111613 11.095695 5.087802
v -1.125607 7.305807 8.162882
v -1.125607 7.049373 7.997360
v -1.111614 11.499425 5.193536
v -1.125615 11.080492 4.761279
v -1.125610 9.062651 6.203460
v -1.125611 9.448771 6.704705
v -1.125607 7.132831 7.936626
v -1.125607 7.635105 8.377840
v -1.125606 6.076097 10.100395
v -1.125604 5.567157 9.771730
v -2.579329 12.897776 3.466815
v -2.595055 5.817876 10.192109
v -2.595054 5.474998 9.932140
v -2.579329 13.073082 3.724448
v -2.579320 8.754650 6.352408
v -2.600183 8.933956 6.444619
v -2.579325 10.998067 5.097447
v -2.579325 10.887425 4.903644
v -2.579316 7.050488 8.001613
v -2.578400 7.315099 8.167418
v -2.579325 11.080339 4.765765
v -2.579326 11.401796 5.203183
v -2.600184 9.512669 6.648832
v -2.579320 9.062497 6.207948
v -2.578401 7.643907 8.382510
v -2.579316 7.133455 7.941010
v -2.579312 5.568272 9.775983
v -2.595056 6.076136 10.150437
v 0.562920 12.897718 3.468722
v 0.562934 5.819435 10.148127
v 0.562935 5.476560 9.888157
v 0.562919 13.073025 3.726355
v 0.562927 8.754925 6.354271
v 0.562927 8.870177 6.506843
v 0.536922 11.065660 5.084000
v 0.562922 10.887368 4.905551
v 0.562931 7.050971 8.003420
v 0.551354 7.298499 8.187737
v 0.562922 11.080280 4.767673
v 0.536922 11.469386 5.189735
v 0.562926 9.448558 6.711101
v 0.562927 9.062438 6.209855
v 0.551353 7.627098 8.402883
v 0.562931 7.133729 7.942874
v 0.562935 5.568755 9.777790
v 0.562933 6.077695 10.106455
v 0.565629 22.706310 3.012821
v 0.565651 12.332994 7.740932
v 0.565651 12.051188 7.323146
v 0.565628 22.803246 3.364674
v 3.722932 22.665035 3.121691
v 3.722955 12.324858 7.854671
v 3.722955 12.043053 7.436884
v 3.722932 22.761967 3.473544
v 2.144302 12.125299 7.344316
v 2.144279 22.803249 3.364674
v 2.144280 22.706314 3.012821
v 2.144302 12.407104 7.762104
v 0.565640 17.092045 4.857852
v 0.565640 17.021961 4.645160
v 3.722945 17.000679 4.758023
v 3.722945 17.070763 4.970717
v 2.144292 17.092049 4.857853
v 2.144292 17.021965 4.645160
v 0.565635 19.984083 4.102260
v 0.565635 19.934696 3.845602
v 3.722939 19.893417 3.954473
v 3.722939 19.942806 4.211130
v 2.144286 19.984087 4.102261
v 2.144286 19.934700 3.845602
v 0.553830 14.884412 6.114249
v 0.565646 14.508882 5.829065
v 3.722950 14.500745 5.942803
v 3.701455 14.920723 6.298648
v 2.132663 14.698790 6.122962
v 2.144298 14.508885 5.829065
v 0.565634 20.391649 4.372081
v 0.565634 20.200661 3.765690
v 3.722938 20.159380 3.874560
v 3.722938 20.350367 4.480950
v 2.144285 20.391653 4.372081
v 2.144285 20.200665 3.765690
v 0.565639 17.657253 5.303164
v 0.565639 17.418716 4.601575
v 3.722944 17.377439 4.710445
v 3.722944 17.615974 5.412033
v 2.144290 17.657257 5.303164
v 2.144291 17.418720 4.601575
v 0.553829 15.168181 6.477011
v 0.565645 14.624353 5.793290
v 3.722950 14.603070 5.906155
v 3.701455 15.191348 6.660536
v 2.132663 14.982559 6.485724
v 2.144297 14.624356 5.793291
v 0.565650 12.635029 7.792367
v 0.565651 12.195108 7.235655
v 3.722955 12.186972 7.349392
v 3.722954 12.626891 7.906104
v 2.144301 12.709139 7.813536
v 2.144302 12.195112 7.235655
v 3.889639 12.063948 7.440903
v 3.838365 22.778423 3.483963
v 3.842021 22.681915 3.132328
v 3.884577 12.345081 7.858556
v 3.863734 17.089935 4.977558
v 3.865832 17.020134 4.764959
v 3.853927 19.910740 3.964759
v 3.851405 19.959820 4.221257
v 3.852561 14.940822 6.303022
v 3.877736 14.521317 5.947266
v 3.846317 20.366888 4.490891
v 3.852785 20.176661 3.884879
v 3.864733 17.395157 4.720410
v 3.857130 17.632805 5.421560
v 3.876792 14.622864 5.912710
v 3.847269 15.210130 6.666787
v 3.881639 12.646824 7.909971
v 3.888944 12.207846 7.353436
v -2.591676 22.665020 3.121690
v -2.591656 12.324844 7.854670
v -2.591656 12.043038 7.436883
v -2.591677 22.761955 3.473543
v -1.021825 12.182539 7.312422
v -1.013024 22.803246 3.364674
v -1.013023 22.706306 3.012821
v -0.949259 12.381813 7.762785
v -2.591663 17.000664 4.758023
v -2.591663 17.070747 4.970716
v -1.013011 17.092041 4.857852
v -1.013011 17.021957 4.645160
v -2.591670 19.893404 3.954472
v -2.591670 19.942791 4.211129
v -1.013018 19.984079 4.102260
v -1.013018 19.934692 3.845602
v -2.591658 14.500731 5.942801
v -2.570165 14.920709 6.298647
v -1.013006 14.730565 6.109480
v -1.013005 14.508878 5.829064
v -2.591670 20.159369 3.874558
v -2.591671 20.350353 4.480950
v -1.013019 20.391645 4.372081
v -1.013019 20.200657 3.765690
v -2.591664 17.377426 4.710445
v -2.591665 17.615961 5.412033
v -1.013013 17.657249 5.303164
v -1.013012 17.418713 4.601574
v -2.591659 14.603056 5.906155
v -2.570166 15.191334 6.660535
v -1.013007 15.014335 6.472241
v -1.013006 14.624350 5.793290
v -2.591656 12.186957 7.349391
v -2.591654 12.626878 7.906102
v -0.896139 12.662381 7.852206
v -1.013000 12.195105 7.235655
v -2.758339 12.063932 7.440902
v -2.707109 22.778408 3.483962
v -2.710764 22.681900 3.132327
v -2.753276 12.345067 7.858556
v -2.732453 17.089920 4.977557
v -2.734550 17.020119 4.764957
v -2.722659 19.910725 3.964758
v -2.720137 19.959805 4.221255
v -2.721271 14.940806 6.303021
v -2.746443 14.521302 5.947264
v -2.715051 20.366873 4.490891
v -2.721519 20.176647 3.884878
v -2.733453 17.395142 4.720410
v -2.725851 17.632790 5.421559
v -2.745502 14.622849 5.912709
v -2.715980 15.210114 6.666786
v -2.750339 12.646810 7.909970
v -2.757641 12.207830 7.353435
v 0.456359 12.051188 7.323146
v 0.456336 22.803246 3.364674
v 0.456337 22.706310 3.012821
v 0.456359 12.332994 7.740932
v 0.456349 17.092045 4.857852
v 0.456349 17.021961 4.645160
v 0.456343 19.934696 3.845602
v 0.471184 20.094082 4.133388
v 0.456354 14.730568 6.109480
v 0.456355 14.508882 5.829065
v 0.471183 20.501644 4.403209
v 0.456342 20.200661 3.765690
v 0.456348 17.418716 4.601575
v 0.456347 17.657253 5.303164
v 0.456354 14.624352 5.793290
v 0.456353 15.014338 6.472242
v 0.456358 12.635029 7.792367
v 0.456359 12.195108 7.235655
v -1.084328 22.704445 3.017737
v -1.100987 12.314121 7.796422
v -1.100987 12.032313 7.378633
v -1.084329 22.801380 3.369591
v -1.084315 17.020996 4.650257
v -1.106427 17.184898 4.820252
v -1.084322 19.982214 4.107176
v -1.084322 19.932831 3.850520
v -1.084311 14.508510 5.834202
v -1.083340 14.739154 6.118024
v -1.084323 20.198792 3.770606
v -1.084323 20.389778 4.376998
v -1.106428 17.749207 5.265384
v -1.084316 17.416851 4.606493
v -1.083341 15.022330 6.480747
v -1.084311 14.623387 5.798388
v -1.084306 12.194736 7.240792
v -1.100988 12.616156 7.847855
v 2.245878 22.703655 3.019827
v 2.245900 12.332476 7.748253
v 2.245900 12.050669 7.330466
v 2.245877 22.800594 3.371681
v 2.245890 17.020596 4.652422
v 2.245890 17.090679 4.865116
v 2.218327 20.062225 4.117817
v 2.245883 19.932045 3.852610
v 2.245895 14.508362 5.836385
v 2.233624 14.713072 6.134269
v 2.245882 20.198008 3.772697
v 2.218326 20.469784 4.387639
v 2.245888 17.654602 5.310171
v 2.245889 17.416065 4.608582
v 2.233624 14.995996 6.496973
v 2.245894 14.622986 5.800553
v 2.245900 12.194589 7.242975
v 2.245899 12.634508 7.799686
v 9.293394 11.339901 3.079942
v 9.293406 6.234426 6.140244
v 9.293406 6.063760 5.939969
v 9.293394 11.410789 3.256828
v 11.203135 11.324856 3.138846
v 11.203147 6.236862 6.199734
v 11.203148 6.066196 5.999458
v 11.203135 11.395744 3.315732
v 10.248277 6.103451 5.946616
v 10.248265 11.410791 3.256828
v 10.248265 11.339903 3.079942
v 10.248276 6.274118 6.146892
v 9.293401 8.534922 4.365824
v 9.293401 8.486111 4.259571
v 11.203142 8.481674 4.319376
v 11.203142 8.530485 4.425630
v 10.248271 8.534924 4.365824
v 10.248271 8.486113 4.259571
v 9.293397 9.991234 3.804523
v 9.293398 9.950588 3.674246
v 11.203138 9.935543 3.733150
v 11.203138 9.976189 3.863426
v 10.248268 9.991236 3.804523
v 10.248268 9.950590 3.674246
v 9.286256 7.463025 5.146913
v 9.293404 7.251490 5.020923
v 11.203145 7.253925 5.080413
v 11.190144 7.492658 5.240463
v 10.241237 7.367225 5.162297
v 10.248274 7.251492 5.020923
v 9.293397 10.218491 3.920666
v 9.293397 10.083906 3.617217
v 11.203138 10.068861 3.676121
v 11.203138 10.203444 3.979569
v 10.248267 10.218493 3.920666
v 10.248268 10.083908 3.617217
v 9.293400 8.854243 4.563794
v 9.293400 8.689417 4.213735
v 11.203141 8.674372 4.272639
v 11.203141 8.839199 4.622697
v 10.248270 8.854246 4.563794
v 10.248271 8.689419 4.213736
v 9.286256 7.631490 5.318523
v 9.293403 7.309308 4.995603
v 11.203145 7.304872 5.055409
v 11.190143 7.654252 5.412390
v 10.241236 7.535690 5.333908
v 10.248274 7.309310 4.995604
v 9.293406 6.394147 6.149253
v 9.293406 6.133312 5.886151
v 11.203147 6.135747 5.945640
v 11.203147 6.396583 6.208743
v 10.248276 6.433839 6.155900
v 10.248277 6.133314 5.886151
v 11.303968 6.077272 6.000320
v 11.272957 11.404890 3.320174
v 11.275168 11.334240 3.143377
v 11.300906 6.247583 6.200566
v 11.288301 8.540833 4.428058
v 11.289569 8.492174 4.321836
v 11.282370 9.945133 3.737473
v 11.280844 9.985610 3.867685
v 11.281542 7.503342 5.241556
v 11.296769 7.264860 5.081524
v 11.277766 10.212599 3.983760
v 11.281678 10.078430 3.680464
v 11.288904 8.684148 4.276772
v 11.284306 8.848488 4.626655
v 11.296199 7.315526 5.057652
v 11.278341 7.664362 5.414534
v 11.299129 6.407151 6.209583
v 11.303548 6.146814 5.946516
v 7.383653 11.324847 3.138846
v 7.383663 6.236854 6.199733
v 7.383663 6.066187 5.999458
v 7.383653 11.395735 3.315732
v 8.333198 6.131283 5.926717
v 8.338524 11.410787 3.256828
v 8.338524 11.339899 3.079942
v 8.377090 6.261035 6.148725
v 7.383659 8.481667 4.319376
v 7.383659 8.530478 4.425629
v 8.338530 8.534920 4.365824
v 8.338530 8.486109 4.259571
v 7.383656 9.935535 3.733149
v 7.383656 9.976181 3.863425
v 8.338527 9.991232 3.804522
v 8.338527 9.950586 3.674246
v 7.383661 7.253917 5.080412
v 7.396662 7.492649 5.240462
v 8.338532 7.382922 5.153442
v 8.338532 7.251488 5.020923
v 7.383656 10.068853 3.676120
v 7.383655 10.203436 3.979568
v 8.338526 10.218489 3.920665
v 8.338526 10.083904 3.617217
v 7.383658 8.674363 4.272639
v 7.383658 8.839190 4.622697
v 8.338529 8.854241 4.563794
v 8.338530 8.689415 4.213735
v 7.383661 7.304863 5.055408
v 7.396662 7.654243 5.412389
v 8.338531 7.551388 5.325052
v 8.338532 7.309306 4.995603
v 7.383663 6.135739 5.945640
v 7.383663 6.396574 6.208742
v 8.409221 6.411841 6.178700
v 8.338534 6.133310 5.886151
v 7.282842 6.077263 6.000320
v 7.313831 11.404881 3.320174
v 7.311620 11.334230 3.143377
v 7.285904 6.247574 6.200566
v 7.298500 8.540825 4.428057
v 7.297232 8.492165 4.321835
v 7.304425 9.945124 3.737472
v 7.305951 9.985601 3.867684
v 7.305264 7.503333 5.241555
v 7.290038 7.264851 5.081523
v 7.309027 10.212589 3.983759
v 7.305116 10.078423 3.680463
v 7.297895 8.684139 4.276772
v 7.302494 8.848480 4.626655
v 7.290607 7.315517 5.057651
v 7.308464 7.664353 5.414533
v 7.287681 6.407142 6.209582
v 7.283264 6.146806 5.946516
v 9.227300 6.063760 5.939969
v 9.227287 11.410789 3.256828
v 9.227288 11.339901 3.079942
v 9.227299 6.234426 6.140244
v 9.227294 8.534922 4.365824
v 9.227294 8.486111 4.259571
v 9.227291 9.950588 3.674246
v 9.236267 10.050129 3.814235
v 9.227297 7.382924 5.153442
v 9.227297 7.251490 5.020923
v 9.236266 10.277386 3.930378
v 9.227291 10.083906 3.617217
v 9.227294 8.689417 4.213735
v 9.227293 8.854243 4.563794
v 9.227297 7.309308 4.995603
v 9.227296 7.551390 5.325052
v 9.227299 6.394147 6.149253
v 9.227299 6.133312 5.886151
v 8.295394 11.339218 3.082602
v 8.285315 6.227881 6.170139
v 8.285315 6.057214 5.969863
v 8.295394 11.410109 3.259489
v 8.295401 8.485909 4.262271
v 8.282026 8.580898 4.340880
v 8.295397 9.990551 3.807182
v 8.295397 9.949907 3.676907
v 8.295403 7.251597 5.023610
v 8.295990 7.387878 5.157372
v 8.295397 10.083225 3.619877
v 8.295397 10.217808 3.923326
v 8.282025 8.899741 4.538810
v 8.295400 8.688736 4.216396
v 8.295990 7.556033 5.328998
v 8.295403 7.309105 4.998304
v 8.295405 6.133420 5.888838
v 8.285315 6.387602 6.179148
v 10.309717 11.338934 3.083734
v 10.309729 6.234586 6.144073
v 10.309729 6.063919 5.943797
v 10.309717 11.409824 3.260619
v 10.309724 8.485827 4.263419
v 10.309724 8.534638 4.369673
v 10.293053 10.032688 3.808021
v 10.309721 9.949622 3.678037
v 10.309727 7.251648 5.024752
v 10.302304 7.375297 5.167327
v 10.309720 10.082941 3.621008
v 10.293052 10.259943 3.924165
v 10.309723 8.853277 4.567585
v 10.309723 8.688452 4.217526
v 10.302304 7.543320 5.338958
v 10.309727 7.309025 4.999452
v 10.309729 6.133471 5.889980
v 10.309729 6.394306 6.153082
v 9.293394 11.339901 3.330311
v 9.293406 6.234427 0.270009
v 9.293406 6.063760 0.470284
v 9.293394 11.410789 3.153425
v 11.203135 11.324856 3.271408
v 11.203148 6.236863 0.210520
v 11.203148 6.066196 0.410796
v 11.203135 11.395743 3.094522
v 10.248277 6.103451 0.463637
v 10.248264 11.410790 3.153426
v 10.248265 11.339903 3.330311
v 10.248277 6.274118 0.263362
v 9.293401 8.534922 2.044429
v 9.293401 8.486111 2.150683
v 11.203142 8.481674 2.090878
v 11.203142 8.530485 1.984623
v 10.248271 8.534924 2.044429
v 10.248271 8.486113 2.150683
v 9.293397 9.991234 2.605731
v 9.293397 9.950588 2.736008
v 11.203139 9.935543 2.677104
v 11.203138 9.976189 2.546828
v 10.248268 9.991236 2.605731
v 10.248268 9.950590 2.736008
v 9.286257 7.463025 1.263341
v 9.293404 7.251490 1.389330
v 11.203145 7.253925 1.329841
v 11.190144 7.492658 1.169791
v 10.241237 7.367225 1.247956
v 10.248274 7.251492 1.389330
v 9.293397 10.218491 2.489588
v 9.293397 10.083906 2.793036
v 11.203138 10.068861 2.734133
v 11.203138 10.203444 2.430685
v 10.248267 10.218493 2.489588
v 10.248268 10.083908 2.793036
v 9.293400 8.854244 1.846460
v 9.293400 8.689417 2.196518
v 11.203142 8.674372 2.137614
v 11.203141 8.839199 1.787556
v 10.248271 8.854246 1.846460
v 10.248271 8.689419 2.196518
v 9.286256 7.631490 1.091731
v 9.293404 7.309308 1.414650
v 11.203145 7.304872 1.354845
v 11.190144 7.654252 0.997864
v 10.241237 7.535690 1.076346
v 10.248274 7.309310 1.414650
v 9.293406 6.394148 0.260999
v 9.293406 6.133312 0.524102
v 11.203148 6.135747 0.464614
v 11.203147 6.396583 0.201511
v 10.248276 6.433839 0.254354
v 10.248277 6.133314 0.524102
v 11.303968 6.077272 0.409933
v 11.272957 11.404890 3.090079
v 11.275168 11.334238 3.266877
v 11.300907 6.247583 0.209687
v 11.288301 8.540833 1.982196
v 11.289570 8.492174 2.088418
v 11.282370 9.945133 2.672781
v 11.280844 9.985610 2.542569
v 11.281543 7.503342 1.168698
v 11.296769 7.264860 1.328730
v 11.277766 10.212598 2.426494
v 11.281678 10.078430 2.729790
v 11.288905 8.684148 2.133481
v 11.284306 8.848488 1.783599
v 11.296199 7.315526 1.352602
v 11.278341 7.664362 0.995720
v 11.299129 6.407151 0.200670
v 11.303548 6.146815 0.463737
v 7.383653 11.324846 3.271407
v 7.383663 6.236854 0.210520
v 7.383663 6.066187 0.410795
v 7.383653 11.395735 3.094522
v 8.333199 6.131283 0.483536
v 8.338524 11.410786 3.153425
v 8.338524 11.339898 3.330311
v 8.377090 6.261036 0.261528
v 7.383659 8.481667 2.090878
v 7.383659 8.530478 1.984624
v 8.338530 8.534920 2.044429
v 8.338530 8.486109 2.150683
v 7.383656 9.935534 2.677104
v 7.383656 9.976181 2.546828
v 8.338527 9.991232 2.605731
v 8.338527 9.950586 2.736008
v 7.383662 7.253917 1.329841
v 7.396663 7.492649 1.169791
v 8.338532 7.382922 1.256811
v 8.338532 7.251488 1.389330
v 7.383656 10.068852 2.734133
v 7.383656 10.203436 2.430685
v 8.338526 10.218489 2.489588
v 8.338527 10.083904 2.793036
v 7.383658 8.674364 2.137614
v 7.383658 8.839190 1.787556
v 8.338530 8.854241 1.846459
v 8.338530 8.689415 2.196518
v 7.383662 7.304863 1.354844
v 7.396662 7.654243 0.997864
v 8.338531 7.551388 1.085201
v 8.338532 7.309306 1.414650
v 7.383663 6.135739 0.464613
v 7.383664 6.396575 0.201511
v 8.409221 6.411841 0.231553
v 8.338535 6.133310 0.524102
v 7.282843 6.077263 0.409932
v 7.313832 11.404881 3.090079
v 7.311621 11.334229 3.266877
v 7.285905 6.247574 0.209687
v 7.298500 8.540825 1.982196
v 7.297232 8.492166 2.088418
v 7.304425 9.945124 2.672781
v 7.305951 9.985601 2.542569
v 7.305264 7.503333 1.168698
v 7.290038 7.264852 1.328730
v 7.309027 10.212589 2.426494
v 7.305116 10.078422 2.729790
v 7.297896 8.684139 2.133481
v 7.302494 8.848479 1.783598
v 7.290608 7.315517 1.352602
v 7.308464 7.664354 0.995720
v 7.287682 6.407142 0.200670
v 7.283264 6.146806 0.463737
v 9.227300 6.063760 0.470284
v 9.227287 11.410789 3.153425
v 9.227288 11.339901 3.330311
v 9.227300 6.234427 0.270009
v 9.227294 8.534922 2.044429
v 9.227294 8.486111 2.150683
v 9.227291 9.950588 2.736008
v 9.236267 10.050129 2.596018
v 9.227297 7.382924 1.256811
v 9.227297 7.251490 1.389330
v 9.236266 10.277386 2.479876
v 9.227290 10.083906 2.793036
v 9.227294 8.689417 2.196518
v 9.227293 8.854243 1.846460
v 9.227297 7.309308 1.414650
v 9.227297 7.551390 1.085201
v 9.227299 6.394148 0.260999
v 9.227300 6.133312 0.524102
v 8.295394 11.339218 3.327651
v 8.285316 6.227881 0.240114
v 8.285316 6.057214 0.440390
v 8.295394 11.410107 3.150765
v 8.295401 8.485908 2.147982
v 8.282026 8.580898 2.069372
v 8.295397 9.990551 2.603071
v 8.295397 9.949907 2.733347
v 8.295403 7.251597 1.386643
v 8.295990 7.387878 1.252881
v 8.295397 10.083225 2.790376
v 8.295397 10.217808 2.486927
v 8.282025 8.899740 1.871443
v 8.295401 8.688736 2.193857
v 8.295990 7.556033 1.081256
v 8.295403 7.309106 1.411949
v 8.295405 6.133420 0.521415
v 8.285315 6.387602 0.231105
v 10.309717 11.338934 3.326520
v 10.309730 6.234587 0.266181
v 10.309730 6.063920 0.466456
v 10.309717 11.409822 3.149635
v 10.309724 8.485827 2.146835
v 10.309724 8.534638 2.040581
v 10.293053 10.032688 2.602232
v 10.309721 9.949622 2.732216
v 10.309727 7.251648 1.385502
v 10.302305 7.375297 1.242926
v 10.309720 10.082941 2.789245
v 10.293052 10.259943 2.486089
v 10.309723 8.853277 1.842669
v 10.309724 8.688451 2.192727
v 10.302304 7.543320 1.071296
v 10.309727 7.309025 1.410801
v 10.309730 6.133471 0.520273
v 10.309729 6.394307 0.257172
v 4.627391 11.387945 6.351412
v 7.255858 7.133393 6.351412
v 7.056723 7.059174 6.351412
v 4.798981 11.397715 6.351412
v 4.682455 11.364194 3.923239
v 7.312417 7.121722 3.923240
v 7.113281 7.047503 3.923240
v 4.854044 11.373962 3.923239
v 7.065160 7.085408 5.137326
v 4.798981 11.397715 5.137325
v 4.627391 11.387945 5.137325
v 7.264297 7.159627 5.137326
v 5.696377 9.139349 6.351412
v 5.592970 9.129128 6.351412
v 5.649458 9.112585 3.923239
v 5.752866 9.122805 3.923239
v 5.696377 9.139349 5.137326
v 5.592970 9.129128 5.137326
v 5.242213 10.282900 6.351412
v 5.116458 10.283784 6.351412
v 5.171522 10.260032 3.923239
v 5.297276 10.259148 3.923239
v 5.242213 10.282900 5.137325
v 5.116458 10.283784 5.137325
v 6.379668 8.214958 6.360498
v 6.248798 8.095492 6.351412
v 6.305357 8.083820 3.923239
v 6.469995 8.214632 3.939770
v 6.389114 8.144571 5.146274
v 6.248798 8.095492 5.137326
v 5.364587 10.415562 6.351412
v 5.069528 10.389738 6.351412
v 5.124592 10.365988 3.923239
v 5.419651 10.391809 3.923240
v 5.364587 10.415562 5.137325
v 5.069528 10.389738 5.137325
v 5.901313 9.317938 6.351412
v 5.560417 9.281463 6.351412
v 5.615481 9.257710 3.923239
v 5.956376 9.294187 3.923240
v 5.901313 9.317938 5.137326
v 5.560418 9.281463 5.137326
v 6.551497 8.294082 6.360498
v 6.227889 8.141576 6.351412
v 6.284377 8.125032 3.923240
v 6.641754 8.288884 3.939770
v 6.560943 8.223696 5.146274
v 6.227889 8.141576 5.137326
v 7.272986 7.242952 6.351412
v 7.009412 7.119860 6.351412
v 7.065969 7.108188 3.923240
v 7.329543 7.231280 3.923240
v 7.281423 7.269186 5.137326
v 7.009412 7.119860 5.137326
v 7.114694 7.055047 3.795049
v 4.858749 11.379354 3.834465
v 4.687256 11.369730 3.831653
v 7.313783 7.129024 3.798942
v 5.755724 9.129488 3.814963
v 5.652356 9.119368 3.813350
v 5.176137 10.265759 3.822500
v 5.301822 10.264772 3.824440
v 6.471606 8.221850 3.823560
v 6.306999 8.091210 3.804200
v 5.424118 10.397263 3.828352
v 5.129225 10.371696 3.823379
v 5.619927 9.263611 3.814195
v 5.960629 9.299787 3.820042
v 6.287077 8.131971 3.804924
v 6.644331 8.295465 3.827630
v 7.330908 7.238474 3.801201
v 7.067395 7.115723 3.795584
v 4.682455 11.364195 8.779583
v 7.312417 7.121722 8.779586
v 7.113280 7.047503 8.779585
v 4.854044 11.373962 8.779583
v 7.047781 7.109326 7.572284
v 4.798981 11.397715 7.565498
v 4.627391 11.387946 7.565497
v 7.265332 7.150078 7.516475
v 5.649457 9.112585 8.779583
v 5.752865 9.122806 8.779583
v 5.696377 9.139349 7.565498
v 5.592970 9.129128 7.565498
v 5.171521 10.260033 8.779583
v 5.297275 10.259148 8.779584
v 5.242213 10.282900 7.565497
v 5.116458 10.283783 7.565497
v 6.305356 8.083821 8.779583
v 6.469995 8.214632 8.763054
v 6.381558 8.157532 7.565498
v 6.248798 8.095492 7.565498
v 5.124590 10.365988 8.779584
v 5.419650 10.391809 8.779583
v 5.364587 10.415563 7.565497
v 5.069528 10.389739 7.565497
v 5.615480 9.257711 8.779583
v 5.956376 9.294187 8.779583
v 5.901313 9.317938 7.565498
v 5.560417 9.281464 7.565498
v 6.284377 8.125032 8.779584
v 6.641754 8.288885 8.763054
v 6.553386 8.236654 7.565498
v 6.227888 8.141576 7.565498
v 7.065969 7.108189 8.779585
v 7.329542 7.231280 8.779584
v 7.301867 7.248696 7.475623
v 7.009412 7.119860 7.565497
v 7.114693 7.055047 8.907776
v 4.858749 11.379354 8.868359
v 4.687256 11.369730 8.871170
v 7.313782 7.129024 8.903881
v 5.755723 9.129488 8.887860
v 5.652355 9.119368 8.889473
v 5.176137 10.265759 8.880322
v 5.301820 10.264772 8.878383
v 6.471605 8.221850 8.879264
v 6.306997 8.091210 8.898623
v 5.424117 10.397263 8.874471
v 5.129224 10.371696 8.879444
v 5.619926 9.263611 8.888628
v 5.960629 9.299787 8.882781
v 6.287076 8.131971 8.897899
v 6.644331 8.295465 8.875194
v 7.330908 7.238474 8.901623
v 7.067395 7.115723 8.907240
v 7.056723 7.059175 6.435464
v 4.798981 11.397715 6.435464
v 4.627391 11.387946 6.435464
v 7.255858 7.133393 6.435464
v 5.696377 9.139349 6.435464
v 5.592970 9.129128 6.435464
v 5.116458 10.283784 6.435464
v 5.254590 10.321862 6.424050
v 6.381558 8.157532 6.435464
v 6.248798 8.095492 6.435464
v 5.376965 10.454525 6.424050
v 5.069528 10.389739 6.435463
v 5.560417 9.281463 6.435464
v 5.901313 9.317939 6.435464
v 6.227889 8.141576 6.435464
v 6.553386 8.236654 6.435464
v 7.272986 7.242952 6.435464
v 7.009412 7.119860 6.435464
v 4.629878 11.386873 7.620336
v 7.283863 7.122104 7.633165
v 7.084726 7.047884 7.633165
v 4.801468 11.396642 7.620335
v 5.595521 9.128382 7.620336
v 5.675187 9.177076 7.637341
v 5.244699 10.281828 7.620335
v 5.118946 10.282711 7.620336
v 6.251353 8.094965 7.620336
v 6.385552 8.160110 7.619588
v 5.072015 10.388667 7.620336
v 5.367074 10.414490 7.620336
v 5.880060 9.355340 7.637341
v 5.562905 9.280391 7.620336
v 6.557378 8.239014 7.619589
v 6.230439 8.140829 7.620336
v 7.011966 7.119333 7.620336
v 7.300990 7.231662 7.633165
v 4.630936 11.386417 5.059191
v 7.259499 7.132643 5.059191
v 7.060363 7.058424 5.059191
v 4.802525 11.396187 5.059191
v 5.596605 9.128064 5.059191
v 5.700012 9.138284 5.059191
v 5.247759 10.311073 5.080383
v 5.120003 10.282255 5.059191
v 6.252439 8.094742 5.059191
v 6.394319 8.149080 5.068627
v 5.073072 10.388210 5.059191
v 5.370134 10.443733 5.080383
v 5.904857 9.316410 5.059191
v 5.563962 9.279934 5.059191
v 6.566143 8.227890 5.068627
v 6.231524 8.140511 5.059191
v 7.013052 7.119109 5.059191
v 7.276626 7.242201 5.059191
v 4.506082 11.387946 6.351412
v 1.877633 7.133382 6.351411
v 2.076769 7.059164 6.351411
v 4.334492 11.397715 6.351412
v 4.451019 11.364193 3.923240
v 1.821076 7.121710 3.923239
v 2.020212 7.047492 3.923239
v 4.279429 11.373961 3.923239
v 2.068332 7.085397 5.137325
v 4.334492 11.397713 5.137325
v 4.506082 11.387947 5.137326
v 1.869196 7.159616 5.137325
v 3.437106 9.139343 6.351412
v 3.540513 9.129124 6.351412
v 3.484025 9.112581 3.923239
v 3.380618 9.122801 3.923239
v 3.437106 9.139343 5.137325
v 3.540513 9.129125 5.137325
v 3.891265 10.282898 6.351412
v 4.017020 10.283782 6.351412
v 3.961957 10.260029 3.923239
v 3.836203 10.259146 3.923239
v 3.891265 10.282898 5.137326
v 4.017020 10.283781 5.137325
v 2.753819 8.214951 6.360498
v 2.884689 8.095486 6.351412
v 2.828132 8.083813 3.923239
v 2.663493 8.214624 3.939770
v 2.744374 8.144564 5.146273
v 2.884689 8.095486 5.137325
v 3.768890 10.415560 6.351412
v 4.063949 10.389737 6.351412
v 4.008887 10.365984 3.923239
v 3.713828 10.391806 3.923239
v 3.768890 10.415560 5.137326
v 4.063949 10.389736 5.137325
v 3.232169 9.317932 6.351412
v 3.573065 9.281459 6.351412
v 3.518002 9.257706 3.923239
v 3.177107 9.294180 3.923239
v 3.232169 9.317932 5.137325
v 3.573065 9.281458 5.137325
v 2.581990 8.294073 6.360498
v 2.905599 8.141569 6.351412
v 2.849111 8.125025 3.923239
v 2.491734 8.288876 3.939770
v 2.572545 8.223686 5.146273
v 2.905600 8.141569 5.137325
v 1.860506 7.242940 6.351411
v 2.124080 7.119849 6.351411
v 2.067523 7.108177 3.923239
v 1.803949 7.231268 3.923239
v 1.852069 7.269174 5.137325
v 2.124080 7.119849 5.137325
v 2.018800 7.055036 3.795049
v 4.274724 11.379353 3.834465
v 4.446217 11.369730 3.831653
v 1.819711 7.129012 3.798941
v 3.377760 9.129483 3.814963
v 3.481128 9.119363 3.813350
v 3.957341 10.265757 3.822500
v 3.831657 10.264771 3.824440
v 2.661882 8.221842 3.823559
v 2.826490 8.091203 3.804199
v 3.709361 10.397259 3.828352
v 4.004254 10.371695 3.823379
v 3.513556 9.263607 3.814195
v 3.172854 9.299780 3.820042
v 2.846411 8.131964 3.804924
v 2.489157 8.295456 3.827629
v 1.802585 7.238462 3.801201
v 2.066098 7.115712 3.795584
v 4.451018 11.364194 8.779584
v 1.821075 7.121710 8.779585
v 2.020211 7.047492 8.779585
v 4.279428 11.373961 8.779583
v 2.085711 7.109316 7.572283
v 4.334492 11.397715 7.565498
v 4.506082 11.387945 7.565498
v 1.868159 7.150066 7.516475
v 3.484024 9.112581 8.779583
v 3.380617 9.122801 8.779584
v 3.437106 9.139344 7.565498
v 3.540513 9.129124 7.565497
v 3.961957 10.260029 8.779583
v 3.836202 10.259146 8.779584
v 3.891264 10.282898 7.565497
v 4.017019 10.283782 7.565497
v 2.828131 8.083814 8.779583
v 2.663492 8.214624 8.763054
v 2.751929 8.157524 7.565497
v 2.884689 8.095486 7.565497
v 4.008886 10.365984 8.779584
v 3.713827 10.391807 8.779584
v 3.768890 10.415559 7.565497
v 4.063949 10.389736 7.565497
v 3.518001 9.257706 8.779583
v 3.177106 9.294180 8.779583
v 3.232169 9.317932 7.565497
v 3.573064 9.281458 7.565497
v 2.849110 8.125025 8.779584
v 2.491733 8.288876 8.763054
v 2.580100 8.236647 7.565497
v 2.905598 8.141569 7.565497
v 2.067522 7.108178 8.779585
v 1.803949 7.231269 8.779583
v 1.831624 7.248684 7.475622
v 2.124080 7.119849 7.565497
v 2.018799 7.055036 8.907776
v 4.274724 11.379354 8.868359
v 4.446217 11.369731 8.871170
v 1.819710 7.129012 8.903881
v 3.377759 9.129483 8.887860
v 3.481127 9.119363 8.889473
v 3.957340 10.265757 8.880322
v 3.831656 10.264771 8.878383
v 2.661881 8.221842 8.879264
v 2.826489 8.091204 8.898624
v 3.709360 10.397259 8.874471
v 4.004252 10.371694 8.879444
v 3.513556 9.263606 8.888628
v 3.172853 9.299782 8.882781
v 2.846410 8.131964 8.897899
v 2.489156 8.295457 8.875195
v 1.802584 7.238462 8.901622
v 2.066096 7.115712 8.907240
v 2.076769 7.059163 6.435463
v 4.334492 11.397715 6.435464
v 4.506082 11.387946 6.435464
v 1.877633 7.133382 6.435463
v 3.437106 9.139343 6.435464
v 3.540513 9.129124 6.435464
v 4.017020 10.283781 6.435464
v 3.878888 10.321859 6.424050
v 2.751929 8.157524 6.435463
v 2.884689 8.095486 6.435463
v 3.756512 10.454521 6.424050
v 4.063949 10.389737 6.435464
v 3.573065 9.281459 6.435464
v 3.232169 9.317933 6.435464
v 2.905599 8.141569 6.435464
v 2.580100 8.236647 6.435464
v 1.860506 7.242940 6.435463
v 2.124080 7.119849 6.435463
v 4.503594 11.386873 7.620336
v 1.849628 7.122092 7.633164
v 2.048765 7.047873 7.633164
v 4.332005 11.396642 7.620335
v 3.537961 9.128377 7.620336
v 3.458294 9.177072 7.637340
v 3.888778 10.281824 7.620336
v 4.014532 10.282709 7.620336
v 2.882134 8.094958 7.620336
v 2.747935 8.160103 7.619588
v 4.061462 10.388664 7.620336
v 3.766402 10.414486 7.620336
v 3.253423 9.355335 7.637340
v 3.570577 9.280386 7.620336
v 2.576108 8.239005 7.619588
v 2.903047 8.140821 7.620336
v 2.121526 7.119322 7.620336
v 1.832501 7.231650 7.633164
v 4.502538 11.386416 5.059191
v 1.873994 7.132631 5.059191
v 2.073131 7.058413 5.059191
v 4.330948 11.396187 5.059191
v 3.536878 9.128059 5.059191
v 3.433471 9.138279 5.059191
v 3.885719 10.311070 5.080383
v 4.013476 10.282253 5.059191
v 2.881049 8.094734 5.059191
v 2.739169 8.149073 5.068627
v 4.060405 10.388208 5.059191
v 3.763343 10.443730 5.080383
v 3.228626 9.316404 5.059191
v 3.569521 9.279930 5.059191
v 2.567345 8.227882 5.068627
v 2.901964 8.140504 5.059191
v 2.120440 7.119099 5.059191
v 1.856867 7.242189 5.059191
v 5.185396 12.897945 3.462328
v 5.185411 5.817851 10.142067
v 5.185411 5.474975 9.882099
v 5.185395 13.073250 3.719961
v 8.164501 12.894590 3.561689
v 8.164515 5.842620 10.236227
v 8.164516 5.499745 9.976259
v 8.164500 13.069895 3.819321
v 6.674963 5.540701 9.878784
v 6.674948 13.073254 3.719961
v 6.674948 12.897948 3.462328
v 6.674963 5.883577 10.138753
v 5.185404 8.869293 6.500596
v 5.185404 8.754041 6.348024
v 8.164509 8.767946 6.445102
v 8.164509 8.883199 6.597674
v 6.674956 8.869297 6.500597
v 6.674957 8.754044 6.348025
v 5.185400 10.998237 5.092961
v 5.185400 10.887594 4.899156
v 8.164505 10.884239 4.998517
v 8.164505 10.994882 5.192321
v 6.674953 10.998240 5.092961
v 6.674953 10.887597 4.899156
v 5.174259 7.431461 8.124338
v 5.185408 7.049387 7.997360
v 8.164514 7.074157 8.091521
v 8.144232 7.511625 8.263353
v 6.663982 7.283854 8.182535
v 6.674961 7.049390 7.997360
v 5.185399 11.401966 5.198695
v 5.185400 11.080507 4.761279
v 8.164504 11.077152 4.860640
v 8.164504 11.398609 5.298056
v 6.674952 11.401969 5.198695
v 6.674953 11.080510 4.761279
v 5.185402 9.448785 6.704705
v 5.185403 9.062665 6.203461
v 8.164509 9.059309 6.302822
v 8.164508 9.445430 6.804066
v 6.674955 9.448788 6.704706
v 6.674956 9.062668 6.203461
v 5.174258 7.760760 8.339296
v 5.185408 7.132845 7.936627
v 8.164513 7.146750 8.033705
v 8.144231 7.830060 8.481230
v 6.663981 7.613153 8.397494
v 6.674961 7.132848 7.936627
v 5.185410 6.076111 10.100395
v 5.185411 5.567171 9.771730
v 8.164516 5.591940 9.865891
v 8.164515 6.100881 10.194556
v 6.674962 6.141837 10.097080
v 6.674963 5.567174 9.771730
v 8.321793 5.517738 9.973749
v 8.273417 13.086061 3.823207
v 8.276868 12.911168 3.565632
v 8.317016 5.860034 10.233795
v 8.297353 8.900578 6.597919
v 8.299332 8.785578 6.445345
v 8.288101 10.901072 5.002055
v 8.285721 11.011424 5.195817
v 8.286809 7.529073 8.261349
v 8.310562 7.092011 8.089458
v 8.280920 11.414700 5.301536
v 8.287023 11.093960 4.864217
v 8.298295 9.076374 6.305992
v 8.291121 9.461657 6.807127
v 8.309673 7.164554 8.033547
v 8.281816 7.846960 8.481105
v 8.314243 6.118054 10.192188
v 8.321136 5.609923 9.863405
v 2.206290 12.894577 3.561688
v 2.206303 5.842607 10.236227
v 2.206304 5.499732 9.976257
v 2.206289 13.069881 3.819321
v 3.687533 5.578168 9.837233
v 3.695842 13.073247 3.719961
v 3.695843 12.897942 3.462328
v 3.756004 5.863325 10.146271
v 2.206298 8.767933 6.445101
v 2.206298 8.883185 6.597672
v 3.695851 8.869289 6.500596
v 3.695852 8.754038 6.348024
v 2.206293 10.884226 4.998515
v 2.206293 10.994869 5.192321
v 3.695847 10.998234 5.092961
v 3.695847 10.887590 4.899156
v 2.206302 7.074143 8.091519
v 2.226583 7.511612 8.263352
v 3.695855 7.305818 8.162882
v 3.695855 7.049384 7.997360
v 2.206293 11.077139 4.860638
v 2.206293 11.398596 5.298055
v 3.695846 11.401962 5.198695
v 3.695847 11.080503 4.761279
v 2.206298 9.059297 6.302821
v 2.206297 9.445416 6.804065
v 3.695850 9.448782 6.704705
v 3.695851 9.062662 6.203461
v 2.206302 7.146737 8.033705
v 2.226582 7.830048 8.481229
v 3.695854 7.635116 8.377840
v 3.695855 7.132842 7.936627
v 2.206303 5.591927 9.865891
v 2.206304 6.100868 10.194555
v 3.806124 6.114706 10.141215
v 3.695858 5.567167 9.771730
v 2.049027 5.517725 9.973748
v 2.097372 13.086048 3.823206
v 2.093924 12.911154 3.565631
v 2.053804 5.860021 10.233793
v 2.073454 8.900564 6.597919
v 2.071476 8.785564 6.445344
v 2.082698 10.901058 5.002055
v 2.085078 11.011410 5.195815
v 2.084004 7.529059 8.261349
v 2.060253 7.091998 8.089457
v 2.089877 11.414686 5.301536
v 2.083776 11.093946 4.864216
v 2.072512 9.076360 6.305992
v 2.079685 9.461642 6.807126
v 2.061143 7.164539 8.033546
v 2.088997 7.846947 8.481104
v 2.056576 6.118040 10.192187
v 2.049685 5.609910 9.863405
v 5.082289 5.474975 9.882099
v 5.082273 13.073250 3.719961
v 5.082273 12.897945 3.462328
v 5.082288 5.817851 10.142067
v 5.082281 8.869293 6.500596
v 5.082282 8.754040 6.348024
v 5.082277 10.887593 4.899156
v 5.096279 11.095711 5.087802
v 5.082284 7.305820 8.162882
v 5.082285 7.049387 7.997360
v 5.096278 11.499439 5.193536
v 5.082277 11.080506 4.761279
v 5.082281 9.062665 6.203461
v 5.082280 9.448784 6.704705
v 5.082285 7.132844 7.936627
v 5.082284 7.635119 8.377840
v 5.082288 6.076111 10.100395
v 5.082289 5.567170 9.771730
v 3.628563 12.897789 3.466815
v 3.612838 5.817889 10.192110
v 3.612838 5.475012 9.932141
v 3.628562 13.073094 3.724448
v 3.628572 8.754663 6.352408
v 3.607708 8.933969 6.444619
v 3.628567 10.998080 5.097448
v 3.628567 10.887440 4.903644
v 3.628575 7.050502 8.001613
v 3.629491 7.315113 8.167419
v 3.628567 11.080353 4.765766
v 3.628566 11.401810 5.203183
v 3.607707 9.512682 6.648832
v 3.628571 9.062510 6.207949
v 3.629491 7.643920 8.382511
v 3.628575 7.133469 7.941011
v 3.628579 5.568285 9.775984
v 3.612837 6.076150 10.150438
v 6.770811 12.897732 3.468723
v 6.770826 5.819449 10.148127
v 6.770827 5.476573 9.888157
v 6.770811 13.073039 3.726356
v 6.770820 8.754938 6.354271
v 6.770820 8.870191 6.506844
v 6.744814 11.065673 5.084000
v 6.770815 10.887383 4.905551
v 6.770823 7.050984 8.003421
v 6.759245 7.298512 8.187737
v 6.770815 11.080296 4.767673
v 6.744813 11.469400 5.189735
v 6.770818 9.448571 6.711101
v 6.770819 9.062452 6.209856
v 6.759245 7.627111 8.402883
v 6.770823 7.133742 7.942874
v 6.770827 5.568769 9.777790
v 6.770825 6.077708 10.106455
v -1.022496 12.897932 3.020397
v -1.022479 5.817837 -3.659341
v -1.022479 5.474960 -3.399373
v -1.022496 13.073236 2.762764
v 1.956609 12.894578 2.921037
v 1.956626 5.842606 -3.753501
v 1.956626 5.499731 -3.493533
v 1.956609 13.069880 2.663404
v 0.467073 5.540687 -3.396059
v 0.467056 13.073239 2.762764
v 0.467056 12.897935 3.020397
v 0.467072 5.883563 -3.656027
v -1.022487 8.869279 -0.017871
v -1.022487 8.754026 0.134700
v 1.956618 8.767931 0.037624
v 1.956618 8.883184 -0.114948
v 0.467066 8.869283 -0.017871
v 0.467066 8.754030 0.134700
v -1.022491 10.998222 1.389764
v -1.022491 10.887579 1.583570
v 1.956614 10.884224 1.484209
v 1.956614 10.994868 1.290404
v 0.467061 10.998226 1.389764
v 0.467061 10.887583 1.583570
v -1.033632 7.431447 -1.641613
v -1.022483 7.049373 -1.514635
v 1.956622 7.074142 -1.608795
v 1.936340 7.511611 -1.780627
v 0.456092 7.283840 -1.699811
v 0.467069 7.049376 -1.514635
v -1.022492 11.401952 1.284030
v -1.022492 11.080492 1.721446
v 1.956613 11.077138 1.622086
v 1.956613 11.398595 1.184670
v 0.467060 11.401956 1.284030
v 0.467060 11.080496 1.721446
v -1.022488 9.448771 -0.221981
v -1.022488 9.062651 0.279264
v 1.956617 9.059296 0.179904
v 1.956617 9.445415 -0.321340
v 0.467065 9.448774 -0.221981
v 0.467065 9.062654 0.279264
v -1.033632 7.760746 -1.856573
v -1.022483 7.132831 -1.453902
v 1.956622 7.146736 -1.550980
v 1.936340 7.830047 -1.998504
v 0.456091 7.613139 -1.914769
v 0.467069 7.132834 -1.453902
v -1.022480 6.076097 -3.617671
v -1.022479 5.567156 -3.289005
v 1.956626 5.591926 -3.383164
v 1.956625 6.100866 -3.711830
v 0.467072 6.141823 -3.614355
v 0.467073 5.567160 -3.289005
v 2.113902 5.517724 -3.491022
v 2.065527 13.086048 2.659519
v 2.068976 12.911154 2.917094
v 2.109125 5.860021 -3.751068
v 2.089462 8.900564 -0.115193
v 2.091441 8.785564 0.037380
v 2.080209 10.901058 1.480670
v 2.077828 11.011410 1.286909
v 2.078918 7.529058 -1.778623
v 2.102672 7.091998 -1.606732
v 2.073030 11.414686 1.181190
v 2.079131 11.093946 1.618509
v 2.090404 9.076359 0.176733
v 2.083229 9.461641 -0.324400
v 2.101782 7.164539 -1.550821
v 2.073925 7.846947 -1.998379
v 2.106353 6.118040 -3.709462
v 2.113246 5.609909 -3.380680
v -4.001602 12.894565 2.921036
v -4.001587 5.842593 -3.753502
v -4.001587 5.499718 -3.493533
v -4.001602 13.069867 2.663404
v -2.520357 5.578154 -3.354507
v -2.512049 13.073233 2.762764
v -2.512049 12.897928 3.020396
v -2.451887 5.863311 -3.663547
v -4.001593 8.767919 0.037623
v -4.001593 8.883171 -0.114947
v -2.512039 8.869276 -0.017871
v -2.512039 8.754023 0.134700
v -4.001597 10.884212 1.484209
v -4.001597 10.994855 1.290404
v -2.512044 10.998219 1.389763
v -2.512044 10.887576 1.583569
v -4.001589 7.074129 -1.608795
v -3.981308 7.511598 -1.780628
v -2.512035 7.305803 -1.680157
v -2.512035 7.049370 -1.514636
v -4.001598 11.077125 1.622087
v -4.001598 11.398582 1.184669
v -2.512045 11.401949 1.284030
v -2.512045 11.080489 1.721446
v -4.001594 9.059282 0.179904
v -4.001594 9.445402 -0.321340
v -2.512040 9.448767 -0.221981
v -2.512040 9.062647 0.279264
v -4.001589 7.146723 -1.550980
v -3.981308 7.830033 -1.998504
v -2.512036 7.635102 -1.895116
v -2.512035 7.132828 -1.453902
v -4.001587 5.591913 -3.383165
v -4.001586 6.100853 -3.711829
v -2.401766 6.114692 -3.658490
v -2.512032 5.567153 -3.289005
v -4.158863 5.517711 -3.491023
v -4.110518 13.086035 2.659518
v -4.113970 12.911139 2.917093
v -4.154086 5.860007 -3.751069
v -4.134437 8.900549 -0.115194
v -4.136415 8.785551 0.037381
v -4.125194 10.901044 1.480670
v -4.122812 11.011396 1.286910
v -4.123887 7.529045 -1.778624
v -4.147638 7.091984 -1.606732
v -4.118013 11.414673 1.181189
v -4.124116 11.093932 1.618508
v -4.135380 9.076345 0.176733
v -4.128206 9.461628 -0.324401
v -4.146749 7.164526 -1.550822
v -4.118894 7.846932 -1.998380
v -4.151314 6.118026 -3.709463
v -4.158205 5.609895 -3.380680
v -1.125602 5.474960 -3.399373
v -1.125619 13.073236 2.762764
v -1.125619 12.897932 3.020397
v -1.125602 5.817836 -3.659341
v -1.125609 8.869279 -0.017871
v -1.125609 8.754026 0.134700
v -1.125614 10.887579 1.583570
v -1.111613 11.095695 1.394923
v -1.125606 7.305806 -1.680157
v -1.125606 7.049373 -1.514635
v -1.111614 11.499425 1.289189
v -1.125615 11.080492 1.721446
v -1.125610 9.062651 0.279264
v -1.125610 9.448771 -0.221981
v -1.125606 7.132831 -1.453902
v -1.125607 7.635105 -1.895116
v -1.125603 6.076097 -3.617671
v -1.125602 5.567156 -3.289005
v -2.579329 12.897777 3.015909
v -2.595052 5.817875 -3.709384
v -2.595052 5.474998 -3.449416
v -2.579329 13.073082 2.758276
v -2.579319 8.754650 0.130316
v -2.600183 8.933956 0.038105
v -2.579324 10.998066 1.385276
v -2.579324 10.887426 1.579081
v -2.579315 7.050488 -1.518888
v -2.578399 7.315098 -1.684694
v -2.579325 11.080338 1.716959
v -2.579325 11.401795 1.279541
v -2.600184 9.512668 -0.166108
v -2.579320 9.062496 0.274777
v -2.578400 7.643906 -1.899786
v -2.579315 7.133455 -1.458286
v -2.579311 5.568271 -3.293258
v -2.595053 6.076136 -3.667713
v 0.562919 12.897718 3.014002
v 0.562936 5.819434 -3.665401
v 0.562936 5.476559 -3.405432
v 0.562919 13.073024 2.756370
v 0.562928 8.754925 0.128455
v 0.562928 8.870177 -0.024118
v 0.536922 11.065660 1.398725
v 0.562923 10.887367 1.577174
v 0.562932 7.050970 -1.520695
v 0.551355 7.298498 -1.705011
v 0.562922 11.080280 1.715052
v 0.536922 11.469386 1.292990
v 0.562927 9.448557 -0.228375
v 0.562927 9.062438 0.272870
v 0.551354 7.627098 -1.920157
v 0.562932 7.133729 -1.460149
v 0.562936 5.568754 -3.295065
v 0.562935 6.077694 -3.623729
v 5.185395 12.897945 3.020397
v 5.185411 5.817850 -3.659341
v 5.185412 5.474974 -3.399373
v 5.185395 13.073251 2.762764
v 8.164500 12.894591 2.921038
v 8.164516 5.842620 -3.753500
v 8.164517 5.499744 -3.493532
v 8.164500 13.069895 2.663405
v 6.674965 5.540700 -3.396058
v 6.674948 13.073254 2.762765
v 6.674948 12.897948 3.020397
v 6.674964 5.883576 -3.656027
v 5.185405 8.869293 -0.017870
v 5.185405 8.754040 0.134701
v 8.164510 8.767945 0.037625
v 8.164510 8.883198 -0.114948
v 6.674957 8.869296 -0.017870
v 6.674957 8.754044 0.134701
v 5.185400 10.998236 1.389764
v 5.185400 10.887594 1.583570
v 8.164505 10.884239 1.484209
v 8.164505 10.994882 1.290404
v 6.674952 10.998240 1.389765
v 6.674953 10.887597 1.583570
v 5.174259 7.431461 -1.641613
v 5.185409 7.049387 -1.514635
v 8.164514 7.074156 -1.608795
v 8.144232 7.511625 -1.780627
v 6.663983 7.283854 -1.699810
v 6.674962 7.049390 -1.514635
v 5.185399 11.401965 1.284030
v 5.185400 11.080507 1.721446
v 8.164505 11.077152 1.622087
v 8.164504 11.398608 1.184671
v 6.674952 11.401968 1.284031
v 6.674953 11.080510 1.721447
v 5.185403 9.448784 -0.221981
v 5.185404 9.062664 0.279265
v 8.164509 9.059309 0.179905
v 8.164509 9.445429 -0.321339
v 6.674956 9.448788 -0.221981
v 6.674956 9.062668 0.279265
v 5.174259 7.760760 -1.856572
v 5.185408 7.132844 -1.453901
v 8.164514 7.146749 -1.550979
v 8.144232 7.830060 -1.998503
v 6.663982 7.613153 -1.914769
v 6.674961 7.132848 -1.453901
v 5.185411 6.076111 -3.617670
v 5.185412 5.567170 -3.289005
v 8.164517 5.591939 -3.383164
v 8.164516 6.100880 -3.711829
v 6.674964 6.141837 -3.614354
v 6.674965 5.567173 -3.289005
v 8.321794 5.517738 -3.491022
v 8.273417 13.086062 2.659519
v 8.276868 12.911167 2.917094
v 8.317017 5.860034 -3.751068
v 8.297354 8.900578 -0.115192
v 8.299333 8.785578 0.037381
v 8.288101 10.901072 1.480670
v 8.285721 11.011423 1.286910
v 8.286810 7.529072 -1.778623
v 8.310563 7.092011 -1.606732
v 8.280920 11.414700 1.181190
v 8.287023 11.093960 1.618510
v 8.298295 9.076373 0.176734
v 8.291121 9.461656 -0.324400
v 8.309673 7.164553 -1.550821
v 8.281816 7.846961 -1.998379
v 8.314244 6.118053 -3.709461
v 8.321137 5.609923 -3.380679
v 2.206289 12.894577 2.921037
v 2.206305 5.842607 -3.753501
v 2.206305 5.499732 -3.493533
v 2.206289 13.069880 2.663404
v 3.687534 5.578168 -3.354507
v 3.695842 13.073247 2.762764
v 3.695843 12.897942 3.020397
v 3.756004 5.863325 -3.663546
v 2.206299 8.767933 0.037624
v 2.206299 8.883184 -0.114947
v 3.695852 8.869289 -0.017870
v 3.695852 8.754037 0.134700
v 2.206294 10.884225 1.484209
v 2.206294 10.994869 1.290404
v 3.695847 10.998233 1.389764
v 3.695848 10.887590 1.583570
v 2.206303 7.074143 -1.608795
v 2.226583 7.511611 -1.780627
v 3.695856 7.305817 -1.680156
v 3.695856 7.049383 -1.514635
v 2.206293 11.077139 1.622087
v 2.206294 11.398596 1.184670
v 3.695846 11.401962 1.284030
v 3.695847 11.080503 1.721446
v 2.206298 9.059296 0.179904
v 2.206298 9.445415 -0.321340
v 3.695851 9.448781 -0.221981
v 3.695852 9.062660 0.279265
v 2.206303 7.146736 -1.550980
v 2.226583 7.830047 -1.998504
v 3.695855 7.635116 -1.895115
v 3.695856 7.132841 -1.453901
v 2.206305 5.591927 -3.383164
v 2.206306 6.100867 -3.711829
v 3.806125 6.114706 -3.658489
v 3.695859 5.567166 -3.289005
v 2.049029 5.517724 -3.491023
v 2.097373 13.086048 2.659518
v 2.093924 12.911154 2.917094
v 2.053805 5.860021 -3.751069
v 2.073455 8.900563 -0.115193
v 2.071477 8.785564 0.037381
v 2.082699 10.901058 1.480670
v 2.085079 11.011410 1.286910
v 2.084005 7.529058 -1.778624
v 2.060254 7.091997 -1.606732
v 2.089878 11.414686 1.181189
v 2.083776 11.093946 1.618508
v 2.072512 9.076359 0.176733
v 2.079685 9.461641 -0.324401
v 2.061144 7.164539 -1.550822
v 2.088999 7.846946 -1.998379
v 2.056578 6.118040 -3.709463
v 2.049687 5.609909 -3.380680
v 5.082290 5.474974 -3.399373
v 5.082272 13.073250 2.762764
v 5.082273 12.897944 3.020397
v 5.082289 5.817850 -3.659341
v 5.082282 8.869293 -0.017870
v 5.082282 8.754040 0.134701
v 5.082277 10.887593 1.583570
v 5.096279 11.095710 1.394923
v 5.082285 7.305820 -1.680156
v 5.082286 7.049386 -1.514635
v 5.096278 11.499439 1.289190
v 5.082277 11.080506 1.721446
v 5.082282 9.062664 0.279265
v 5.082281 9.448784 -0.221981
v 5.082285 7.132844 -1.453901
v 5.082284 7.635118 -1.895115
v 5.082288 6.076110 -3.617670
v 5.082289 5.567170 -3.289005
v 3.628563 12.897789 3.015910
v 3.612839 5.817889 -3.709384
v 3.612840 5.475012 -3.449415
v 3.628562 13.073094 2.758277
v 3.628572 8.754663 0.130317
v 3.607709 8.933969 0.038106
v 3.628567 10.998080 1.385277
v 3.628568 10.887439 1.579081
v 3.628576 7.050502 -1.518888
v 3.629492 7.315112 -1.684694
v 3.628567 11.080353 1.716959
v 3.628566 11.401810 1.279542
v 3.607708 9.512681 -0.166107
v 3.628572 9.062510 0.274777
v 3.629491 7.643920 -1.899785
v 3.628575 7.133469 -1.458286
v 3.628580 5.568285 -3.293257
v 3.612838 6.076149 -3.667713
v 6.770811 12.897732 3.014003
v 6.770827 5.819448 -3.665401
v 6.770828 5.476572 -3.405432
v 6.770811 13.073038 2.756370
v 6.770820 8.754938 0.128455
v 6.770820 8.870191 -0.024118
v 6.744814 11.065673 1.398726
v 6.770815 10.887382 1.577175
v 6.770824 7.050983 -1.520695
v 6.759246 7.298512 -1.705011
v 6.770815 11.080295 1.715052
v 6.744813 11.469399 1.292990
v 6.770819 9.448571 -0.228375
v 6.770820 9.062450 0.272870
v 6.759246 7.627111 -1.920157
v 6.770824 7.133742 -1.460149
v 6.770828 5.568768 -3.295065
v 6.770827 6.077708 -3.623729
v 0.565628 22.706310 3.475137
v 0.565652 12.332995 -1.252977
v 0.565652 12.051189 -0.835191
v 0.565627 22.803249 3.123284
v 3.722932 22.665031 3.366268
v 3.722956 12.324860 -1.366714
v 3.722957 12.043053 -0.948929
v 3.722932 22.761967 3.014414
v 2.144303 12.125299 -0.856361
v 2.144279 22.803253 3.123284
v 2.144280 22.706314 3.475137
v 2.144303 12.407105 -1.274148
v 0.565640 17.092045 1.630104
v 0.565640 17.021961 1.842796
v 3.722946 17.000679 1.729933
v 3.722945 17.070763 1.517240
v 2.144292 17.092049 1.630104
v 2.144292 17.021965 1.842796
v 0.565634 19.984083 2.385697
v 0.565634 19.934696 2.642355
v 3.722939 19.893417 2.533484
v 3.722939 19.942802 2.276828
v 2.144285 19.984087 2.385697
v 2.144285 19.934700 2.642355
v 0.553830 14.884412 0.373706
v 0.565646 14.508882 0.658891
v 3.722951 14.500745 0.545153
v 3.701456 14.920724 0.189309
v 2.132664 14.698790 0.364994
v 2.144298 14.508884 0.658891
v 0.565633 20.391647 2.115876
v 0.565634 20.200659 2.722267
v 3.722938 20.159382 2.613398
v 3.722938 20.350365 2.007007
v 2.144285 20.391651 2.115876
v 2.144285 20.200663 2.722268
v 0.565639 17.657253 1.184793
v 0.565639 17.418718 1.886382
v 3.722945 17.377438 1.777511
v 3.722944 17.615974 1.075924
v 2.144291 17.657257 1.184793
v 2.144291 17.418720 1.886382
v 0.553830 15.168180 0.010945
v 0.565646 14.624352 0.694665
v 3.722950 14.603070 0.581802
v 3.701456 15.191349 -0.172580
v 2.132663 14.982560 0.002233
v 2.144298 14.624356 0.694665
v 0.565651 12.635030 -1.304411
v 0.565652 12.195108 -0.747699
v 3.722956 12.186972 -0.861436
v 3.722955 12.626892 -1.418149
v 2.144302 12.709140 -1.325580
v 2.144303 12.195112 -0.747699
v 3.889640 12.063948 -0.952947
v 3.838365 22.778419 3.003996
v 3.842021 22.681919 3.355630
v 3.884578 12.345081 -1.370601
v 3.863735 17.089933 1.510399
v 3.865832 17.020132 1.722998
v 3.853928 19.910740 2.523199
v 3.851405 19.959820 2.266701
v 3.852562 14.940823 0.184935
v 3.877736 14.521317 0.540690
v 3.846317 20.366886 1.997066
v 3.852785 20.176659 2.603079
v 3.864733 17.395157 1.767547
v 3.857130 17.632805 1.066397
v 3.876793 14.622865 0.575247
v 3.847270 15.210130 -0.178830
v 3.881639 12.646825 -1.422016
v 3.888945 12.207846 -0.865479
v -2.591676 22.665016 3.366267
v -2.591655 12.324844 -1.366715
v -2.591655 12.043039 -0.948929
v -2.591677 22.761951 3.014414
v -1.021824 12.182539 -0.824468
v -1.013024 22.803246 3.123284
v -1.013023 22.706306 3.475137
v -0.949257 12.381815 -1.274830
v -2.591663 17.000664 1.729933
v -2.591663 17.070747 1.517240
v -1.013011 17.092041 1.630104
v -1.013011 17.021957 1.842796
v -2.591670 19.893404 2.533485
v -2.591670 19.942791 2.276827
v -1.013018 19.984081 2.385697
v -1.013018 19.934692 2.642355
v -2.591658 14.500731 0.545154
v -2.570165 14.920710 0.189308
v -1.013005 14.730565 0.378475
v -1.013005 14.508878 0.658891
v -2.591670 20.159367 2.613399
v -2.591671 20.350353 2.007007
v -1.013019 20.391644 2.115876
v -1.013018 20.200655 2.722267
v -2.591664 17.377426 1.777511
v -2.591664 17.615961 1.075923
v -1.013012 17.657249 1.184793
v -1.013012 17.418716 1.886381
v -2.591658 14.603056 0.581801
v -2.570165 15.191335 -0.172580
v -1.013006 15.014336 0.015714
v -1.013005 14.624349 0.694665
v -2.591655 12.186958 -0.861437
v -2.591653 12.626879 -1.418147
v -0.896138 12.662382 -1.364251
v -1.013000 12.195105 -0.747700
v -2.758338 12.063932 -0.952948
v -2.707109 22.778404 3.003995
v -2.710765 22.681904 3.355630
v -2.753275 12.345068 -1.370601
v -2.732453 17.089918 1.510398
v -2.734550 17.020119 1.722998
v -2.722659 19.910725 2.523198
v -2.720137 19.959806 2.266701
v -2.721271 14.940807 0.184934
v -2.746443 14.521301 0.540691
v -2.715051 20.366875 1.997066
v -2.721518 20.176647 2.603078
v -2.733453 17.395142 1.767546
v -2.725850 17.632790 1.066396
v -2.745501 14.622849 0.575245
v -2.715979 15.210114 -0.178831
v -2.750338 12.646810 -1.422016
v -2.757640 12.207830 -0.865480
v 0.456361 12.051189 -0.835191
v 0.456336 22.803249 3.123284
v 0.456337 22.706310 3.475137
v 0.456361 12.332994 -1.252978
v 0.456349 17.092045 1.630104
v 0.456349 17.021961 1.842796
v 0.456343 19.934696 2.642355
v 0.471184 20.094082 2.354569
v 0.456355 14.730569 0.378475
v 0.456355 14.508881 0.658891
v 0.471183 20.501648 2.084749
v 0.456343 20.200659 2.722267
v 0.456348 17.418718 1.886382
v 0.456348 17.657253 1.184793
v 0.456355 14.624352 0.694665
v 0.456354 15.014338 0.015714
v 0.456360 12.635030 -1.304412
v 0.456361 12.195108 -0.747700
v -1.084328 22.704441 3.470221
v -1.100986 12.314121 -1.308466
v -1.100986 12.032314 -0.890679
v -1.084329 22.801380 3.118367
v -1.084315 17.020996 1.837699
v -1.106426 17.184898 1.667704
v -1.084322 19.982214 2.380781
v -1.084322 19.932827 2.637437
v -1.084310 14.508511 0.653754
v -1.083339 14.739154 0.369931
v -1.084322 20.198792 2.717351
v -1.084323 20.389778 2.110958
v -1.106427 17.749205 1.222573
v -1.084316 17.416851 1.881464
v -1.083340 15.022330 0.007209
v -1.084310 14.623387 0.689568
v -1.084304 12.194736 -0.752837
v -1.100987 12.616156 -1.359900
v 2.245877 22.703659 3.468131
v 2.245901 12.332477 -1.260297
v 2.245901 12.050671 -0.842510
v 2.245876 22.800594 3.116277
v 2.245890 17.020596 1.835535
v 2.245890 17.090677 1.622841
v 2.218327 20.062223 2.370140
v 2.245883 19.932043 2.635348
v 2.245895 14.508361 0.651571
v 2.233625 14.713073 0.353688
v 2.245883 20.198006 2.715261
v 2.218326 20.469784 2.100319
v 2.245889 17.654600 1.177786
v 2.245889 17.416063 1.879375
v 2.233624 14.995996 -0.009017
v 2.245895 14.622986 0.687403
v 2.245901 12.194590 -0.755020
v 2.245900 12.634509 -1.311730
v -3.177202 11.043002 1.464679
v -3.177195 7.536182 1.464679
v -3.177206 12.609773 2.510564
v -3.177195 7.536182 2.510564
v -2.877379 11.043003 1.464679
v -2.877372 7.536183 1.464679
v -2.877383 12.609774 2.510564
v -2.877372 7.536183 2.510564
v -3.178512 8.174775 -0.575720
v -3.178511 7.477379 -0.575720
v -3.178515 9.567790 0.470165
v -3.178511 7.477379 0.470165
v -2.878689 8.174776 -0.575720
v -2.878688 7.477379 -0.575720
v -2.878693 9.567791 0.470165
v -2.878688 7.477379 0.470165
v -3.178511 7.782366 -1.535342
v -3.178511 7.470639 -1.535342
v -3.178513 8.405025 -0.489457
v -3.178511 7.470639 -0.489457
v -2.878688 7.782367 -1.535342
v -2.878688 7.470640 -1.535342
v -2.878690 8.405025 -0.489457
v -2.878688 7.470640 -0.489457
v -3.177203 11.043003 5.029274
v -3.177196 7.536183 5.029274
v -3.177207 12.609774 3.983389
v -3.177195 7.536182 3.983389
v -2.877380 11.043003 5.029274
v -2.877373 7.536183 5.029274
v -2.877384 12.609774 3.983389
v -2.877372 7.536183 3.983389
v -3.178513 8.174775 7.029691
v -3.178512 7.477379 7.029691
v -3.178516 9.567791 5.983806
v -3.178512 7.477379 5.983806
v -2.878690 8.174776 7.029691
v -2.878689 7.477380 7.029691
v -2.878694 9.567791 5.983806
v -2.878689 7.477380 5.983806
v -3.178513 7.782366 7.989305
v -3.178512 7.470639 7.989305
v -3.178514 8.405025 6.943419
v -3.178512 7.470639 6.943419
v -2.878690 7.782367 7.989305
v -2.878689 7.470640 7.989305
v -2.878691 8.405025 6.943419
v -2.878689 7.470640 6.943419
v 7.317577 11.043026 5.005282
v 7.317585 7.536206 5.005282
v 7.317574 12.609797 3.959397
v 7.317585 7.536206 3.959397
v 7.017755 11.043026 5.005282
v 7.017763 7.536206 5.005282
v 7.017752 12.609796 3.959397
v 7.017763 7.536206 3.959397
v 7.321479 8.174799 7.045675
v 7.321481 7.477402 7.045675
v 7.321476 9.567814 5.999790
v 7.321481 7.477402 5.999791
v 7.021657 8.174798 7.045675
v 7.021658 7.477402 7.045675
v 7.021654 9.567814 5.999790
v 7.021658 7.477402 5.999791
v 7.321480 7.782390 8.005294
v 7.321481 7.470663 8.005294
v 7.321479 8.405048 6.959409
v 7.321481 7.470663 6.959409
v 7.021658 7.782389 8.005294
v 7.021658 7.470662 8.005294
v 7.021656 8.405048 6.959409
v 7.021658 7.470662 6.959409
v 7.317577 11.043026 1.440691
v 7.317585 7.536206 1.440692
v 7.317574 12.609797 2.486577
v 7.317585 7.536206 2.486577
v 7.017755 11.043025 1.440691
v 7.017763 7.536205 1.440692
v 7.017752 12.609796 2.486577
v 7.017763 7.536206 2.486577
v 7.321480 8.174799 -0.559735
v 7.321481 7.477403 -0.559736
v 7.321476 9.567814 0.486149
v 7.321481 7.477402 0.486149
v 7.021657 8.174799 -0.559736
v 7.021659 7.477402 -0.559736
v 7.021654 9.567814 0.486149
v 7.021659 7.477402 0.486149
v 7.321483 7.782389 -1.519353
v 7.321483 7.470662 -1.519352
v 7.321481 8.405047 -0.473467
v 7.321483 7.470662 -0.473467
v 7.021660 7.782389 -1.519353
v 7.021661 7.470661 -1.519353
v 7.021659 8.405046 -0.473468
v 7.021661 7.470662 -0.473468
v 10.590466 9.491284 4.155882
v 10.590471 6.657340 4.155882
v 10.590463 10.757429 3.297422
v 10.590471 6.657340 3.297422
v 10.290643 9.491283 4.155882
v 10.290649 6.657340 4.155882
v 10.290640 10.757428 3.297422
v 10.290649 6.657339 3.297422
v 10.590466 9.491285 2.255044
v 10.590471 6.657341 2.255044
v 10.590463 10.757429 3.113504
v 10.590471 6.657341 3.113505
v 10.290643 9.491284 2.255044
v 10.290649 6.657340 2.255044
v 10.290640 10.757428 3.113504
v 10.290649 6.657340 3.113505
v 10.611289 7.389298 4.923290
v 10.611291 6.691902 4.923290
v 10.611286 8.782314 4.130444
v 10.611291 6.691902 4.130444
v 10.311467 7.389297 4.923290
v 10.311468 6.691901 4.923290
v 10.311463 8.782312 4.130444
v 10.311468 6.691901 4.130444
v 10.611290 6.940601 5.448713
v 10.611291 6.703645 5.448713
v 10.611289 7.413911 4.900727
v 10.611291 6.703645 4.900727
v 10.311468 6.940600 5.448713
v 10.311468 6.703644 5.448713
v 10.311467 7.413910 4.900727
v 10.311468 6.703644 4.900727
v 10.611289 7.389298 1.476789
v 10.611291 6.691902 1.476789
v 10.611286 8.782313 2.269635
v 10.611291 6.691902 2.269635
v 10.311467 7.389297 1.476789
v 10.311469 6.691901 1.476789
v 10.311464 8.782312 2.269635
v 10.311468 6.691901 2.269635
v 10.611290 6.940601 0.951362
v 10.611291 6.703644 0.951362
v 10.611289 7.413911 1.499347
v 10.611291 6.703644 1.499347
v 10.311468 6.940600 0.951362
v 10.311469 6.703644 0.951362
v 10.311467 7.413910 1.499347
v 10.311469 6.703644 1.499347
v 6.047072 8.286966 8.184576
v 6.047074 7.419846 8.184576
v 5.254222 10.018993 8.184575
v 5.254228 7.419845 8.184576
v 6.047072 8.286966 8.484398
v 6.047074 7.419847 8.484398
v 5.254222 10.018994 8.484397
v 5.254228 7.419845 8.484398
v 6.797194 7.697130 8.199881
v 6.797195 7.120754 8.199881
v 5.763541 8.848408 8.199881
v 5.763545 7.120752 8.199881
v 6.797194 7.697129 8.499702
v 6.797195 7.120754 8.499702
v 5.763541 8.848408 8.499702
v 5.763545 7.120752 8.499702
v 3.078833 8.286960 8.184575
v 3.078835 7.419840 8.184575
v 3.871675 10.018991 8.184575
v 3.871681 7.419841 8.184576
v 3.078833 8.286960 8.484398
v 3.078835 7.419840 8.484398
v 3.871675 10.018991 8.484397
v 3.871681 7.419841 8.484398
v 2.328713 7.697120 8.199881
v 2.328714 7.120745 8.199881
v 3.362362 8.848403 8.199881
v 3.362365 7.120747 8.199881
v 2.328713 7.697120 8.499702
v 2.328714 7.120745 8.499702
v 3.362362 8.848403 8.499702
v 3.362365 7.120747 8.499702
v 3.163259 19.345963 4.406166
v 3.163270 14.502554 4.406167
v 3.163254 21.509892 3.360281
v 3.163270 14.502554 3.360281
v 2.863437 19.345961 4.406166
v 2.863448 14.502553 4.406167
v 2.863432 21.509892 3.360281
v 2.863448 14.502553 3.360281
v 3.172929 15.873588 5.363026
v 3.172932 14.542700 5.363026
v 3.172924 18.531969 4.317141
v 3.172933 14.542700 4.317141
v 2.873107 15.873587 5.363026
v 2.873110 14.542700 5.363026
v 2.873101 18.531967 4.317141
v 2.873110 14.542699 4.317141
v 3.155595 14.836471 6.087242
v 3.155596 14.407434 6.087242
v 3.155593 15.693453 5.344098
v 3.155596 14.407433 5.344099
v 2.855772 14.836471 6.087242
v 2.855773 14.407433 6.087242
v 2.855771 15.693453 5.344099
v 2.855773 14.407432 5.344099
v 3.163259 19.345961 2.130044
v 3.163270 14.502554 2.130044
v 3.163254 21.509892 3.175929
v 3.163270 14.502554 3.175929
v 2.863437 19.345963 2.130044
v 2.863448 14.502553 2.130044
v 2.863432 21.509892 3.175928
v 2.863448 14.502554 3.175929
v 3.172930 15.873589 1.173176
v 3.172933 14.542700 1.173176
v 3.172924 18.531971 2.219061
v 3.172933 14.542701 2.219061
v 2.873107 15.873588 1.173176
v 2.873110 14.542699 1.173176
v 2.873101 18.531969 2.219061
v 2.873110 14.542700 2.219061
v 3.155595 14.836471 0.448962
v 3.155596 14.407433 0.448962
v 3.155593 15.693453 1.192106
v 3.155596 14.407433 1.192106
v 2.855773 14.836470 0.448962
v 2.855774 14.407432 0.448962
v 2.855771 15.693452 1.192106
v 2.855774 14.407432 1.192106
v -1.737248 19.345951 4.406166
v -1.737237 14.502542 4.406166
v -1.737253 21.509880 3.360281
v -1.737237 14.502543 3.360281
v -1.437426 19.345951 4.406166
v -1.437414 14.502543 4.406166
v -1.437430 21.509880 3.360281
v -1.437414 14.502544 3.360281
v -1.746899 15.873577 5.363026
v -1.746896 14.542690 5.363026
v -1.746905 18.531960 4.317141
v -1.746896 14.542688 4.317141
v -1.447076 15.873578 5.363026
v -1.447073 14.542690 5.363026
v -1.447083 18.531960 4.317141
v -1.447073 14.542689 4.317141
v -1.729563 14.836460 6.087242
v -1.729562 14.407422 6.087242
v -1.729565 15.693442 5.344098
v -1.729562 14.407421 5.344098
v -1.429741 14.836461 6.087242
v -1.429740 14.407423 6.087242
v -1.429743 15.693442 5.344098
v -1.429740 14.407422 5.344098
v -1.737247 19.345951 2.130043
v -1.737237 14.502542 2.130044
v -1.737253 21.509880 3.175928
v -1.737237 14.502543 3.175929
v -1.437425 19.345951 2.130043
v -1.437414 14.502543 2.130044
v -1.437430 21.509880 3.175928
v -1.437414 14.502543 3.175929
v -1.746899 15.873577 1.173175
v -1.746896 14.542688 1.173176
v -1.746904 18.531960 2.219060
v -1.746896 14.542689 2.219060
v -1.447076 15.873578 1.173175
v -1.447073 14.542689 1.173176
v -1.447082 18.531960 2.219060
v -1.447073 14.542690 2.219060
v -1.729562 14.836459 0.448962
v -1.729561 14.407421 0.448961
v -1.729565 15.693441 1.192105
v -1.729561 14.407421 1.192105
v -1.429740 14.836460 0.448962
v -1.429739 14.407422 0.448961
v -1.429743 15.693442 1.192105
v -1.429739 14.407422 1.192105
v 4.496837 11.968673 9.199841
v 4.496836 12.086558 9.282486
v 4.408154 12.086558 9.199841
v 4.496836 12.322330 9.282486
v 4.496835 12.440216 9.199841
v 4.408154 12.322330 9.199841
v 4.496837 11.968673 9.034549
v 4.408154 12.086559 9.034549
v 4.496836 12.086559 8.951902
v 4.496836 12.440218 9.034548
v 4.496836 12.322330 8.951902
v 4.408154 12.322330 9.034548
v 4.674200 11.968674 9.199841
v 4.762882 12.086559 9.199841
v 4.674200 12.086559 9.282486
v 4.674199 12.440217 9.199841
v 4.674199 12.322331 9.282486
v 4.762881 12.322332 9.199841
v 4.674200 11.968673 9.034549
v 4.674200 12.086559 8.951902
v 4.762882 12.086559 9.034549
v 4.674199 12.440218 9.034548
v 4.762881 12.322331 9.034548
v 4.674199 12.322331 8.951902
v 4.505059 11.914419 9.042212
v 4.505059 11.914421 9.192178
v 4.665978 11.914420 9.042212
v 4.665978 11.914421 9.192178
v 4.354228 11.638785 8.901646
v 4.354228 11.638786 9.332744
v 4.816810 11.638786 8.901646
v 4.816810 11.638787 9.332744
v 4.354228 11.525614 8.901646
v 4.354228 11.525614 9.332743
v 4.816811 11.525614 8.901646
v 4.816811 11.525615 9.332743
v 4.496835 12.530270 9.199841
v 4.496835 12.530270 9.034549
v 4.674199 12.530271 9.034549
v 4.674199 12.530270 9.199841
v 4.477618 12.633101 9.217751
v 4.477618 12.633101 9.016640
v 4.693416 12.633101 9.016640
v 4.693416 12.633101 9.217751
v 4.569035 15.019294 9.132549
v 4.569035 15.019294 9.101839
v 4.601988 15.019294 9.101839
v 4.601988 15.019294 9.132549
v 3.418303 23.240601 3.296325
v 3.418302 23.348358 3.379049
v 3.343457 23.348358 3.296325
v 3.418302 23.563873 3.379049
v 3.418301 23.671631 3.296326
v 3.343457 23.563873 3.296325
v 3.418303 23.240601 3.130878
v 3.343457 23.348362 3.130878
v 3.418302 23.348358 3.048154
v 3.418301 23.671631 3.130878
v 3.418302 23.563873 3.048155
v 3.343457 23.563873 3.130878
v 3.567992 23.240601 3.296325
v 3.642837 23.348358 3.296325
v 3.567992 23.348358 3.379049
v 3.567991 23.671631 3.296326
v 3.567991 23.563873 3.379049
v 3.642836 23.563873 3.296325
v 3.567992 23.240601 3.130878
v 3.567992 23.348362 3.048154
v 3.642837 23.348362 3.130878
v 3.567991 23.671631 3.130878
v 3.642836 23.563873 3.130878
v 3.567991 23.563873 3.048155
v 3.425241 23.191010 3.138548
v 3.425241 23.191010 3.288656
v 3.561053 23.191010 3.138548
v 3.561053 23.191010 3.288656
v 3.297945 22.939060 2.997850
v 3.297945 22.939056 3.429353
v 3.688351 22.939060 2.997850
v 3.688351 22.939060 3.429353
v 3.297945 22.835609 2.997850
v 3.297945 22.835609 3.429353
v 3.688352 22.835609 2.997850
v 3.688351 22.835609 3.429353
v 3.418301 23.753948 3.296325
v 3.418301 23.753948 3.130878
v 3.567991 23.753948 3.130878
v 3.567991 23.753948 3.296325
v 3.402082 23.847942 3.314251
v 3.402082 23.847942 3.112952
v 3.584210 23.847942 3.112952
v 3.584210 23.847942 3.314251
v 3.479236 26.029118 3.228971
v 3.479236 26.029118 3.198233
v 3.507046 26.029121 3.198233
v 3.507046 26.029118 3.228971
v -2.378246 23.240589 3.296325
v -2.378246 23.348347 3.379049
v -2.453091 23.348343 3.296325
v -2.378247 23.563862 3.379049
v -2.378247 23.671619 3.296325
v -2.453092 23.563862 3.296325
v -2.378246 23.240589 3.130878
v -2.453091 23.348347 3.130878
v -2.378246 23.348347 3.048154
v -2.378247 23.671619 3.130878
v -2.378246 23.563862 3.048154
v -2.453091 23.563862 3.130878
v -2.228557 23.240589 3.296325
v -2.153711 23.348347 3.296325
v -2.228557 23.348347 3.379049
v -2.228558 23.671619 3.296325
v -2.228558 23.563862 3.379049
v -2.153712 23.563862 3.296325
v -2.228557 23.240589 3.130878
v -2.228557 23.348347 3.048154
v -2.153711 23.348347 3.130878
v -2.228558 23.671619 3.130878
v -2.153711 23.563862 3.130878
v -2.228557 23.563862 3.048154
v -2.371306 23.190994 3.138547
v -2.371306 23.190994 3.288655
v -2.235496 23.190998 3.138547
v -2.235496 23.190998 3.288655
v -2.498604 22.939045 2.997850
v -2.498604 22.939045 3.429353
v -2.108197 22.939045 2.997850
v -2.108197 22.939045 3.429353
v -2.498604 22.835594 2.997849
v -2.498604 22.835598 3.429353
v -2.108197 22.835594 2.997849
v -2.108197 22.835598 3.429353
v -2.378247 23.753933 3.296325
v -2.378247 23.753933 3.130878
v -2.228558 23.753933 3.130878
v -2.228558 23.753933 3.296325
v -2.394466 23.847931 3.314251
v -2.394466 23.847927 3.112952
v -2.212338 23.847927 3.112952
v -2.212338 23.847931 3.314251
v -2.317312 26.029106 3.228970
v -2.317312 26.029106 3.198232
v -2.289501 26.029106 3.198232
v -2.289501 26.029106 3.228971
v 7.147005 7.479489 7.433698
v 7.147017 2.556848 7.433699
v 1.970451 7.479476 7.433698
v 1.970464 2.556835 7.433698
v 7.147005 7.479489 7.829944
v 7.147017 2.556848 7.829944
v 1.970451 7.479477 7.829943
v 1.970464 2.556835 7.829943
v 1.970451 7.479476 7.433698
v 1.970464 2.556835 7.433698
v -3.206101 7.479465 7.433697
v -3.206090 2.556823 7.433697
v 1.970451 7.479477 7.829943
v 1.970464 2.556835 7.829943
v -3.206101 7.479465 7.829942
v -3.206090 2.556823 7.829942
v 7.147007 7.479488 -1.062033
v 7.147019 2.556848 -1.062033
v 1.970454 7.479476 -1.062032
v 1.970467 2.556835 -1.062033
v 7.147007 7.479489 -1.458279
v 7.147019 2.556847 -1.458279
v 1.970454 7.479476 -1.458279
v 1.970467 2.556835 -1.458278
v 1.970454 7.479476 -1.062032
v 1.970467 2.556835 -1.062033
v -3.206099 7.479464 -1.062033
v -3.206087 2.556822 -1.062034
v 1.970454 7.479476 -1.458279
v 1.970467 2.556835 -1.458278
v -3.206099 7.479464 -1.458279
v -3.206087 2.556822 -1.458279
v -3.231363 7.479465 2.675989
v -3.231352 2.556824 2.675988
v -3.231364 7.479465 7.852542
v -3.231354 2.556824 7.852541
v -2.835118 7.479466 2.675989
v -2.835108 2.556825 2.675988
v -2.835120 7.479465 7.852542
v -2.835109 2.556825 7.852541
v 6.981544 7.479488 2.675990
v 6.981555 2.556847 2.675989
v 6.981544 7.479488 7.852542
v 6.981554 2.556846 7.852542
v 7.377789 7.479489 2.675990
v 7.377800 2.556848 2.675989
v 7.377789 7.479488 7.852542
v 7.377800 2.556847 7.852542
v 10.585723 8.166143 4.208427
v 10.620865 9.203398 3.146043
v 10.585724 8.019323 4.062167
v 10.620865 9.077734 3.020858
v 11.073503 8.166145 4.208427
v 11.038358 9.203400 3.146043
v 11.073503 8.019324 4.062168
v 11.038358 9.077736 3.020858
v 10.640156 8.673676 3.666182
v 10.640156 8.559624 3.552566
v 11.019069 8.559625 3.552566
v 11.019069 8.673676 3.666182
v 10.640156 8.772469 3.567012
v 10.640156 8.658417 3.453395
v 11.019069 8.658417 3.453395
v 11.019069 8.772469 3.567012
v 10.640156 8.461470 3.651096
v 11.019069 8.461471 3.651097
v 11.019069 8.575522 3.764713
v 10.640156 8.575521 3.764713
v 3.508705 8.875708 8.430439
v 4.571087 9.912965 8.465582
v 3.654965 8.728888 8.430439
v 4.696271 9.787300 8.465582
v 3.508705 8.875708 8.918219
v 4.571087 9.912965 8.883076
v 3.654965 8.728888 8.918219
v 4.696271 9.787300 8.883075
v 4.050949 9.383242 8.484872
v 4.164566 9.269190 8.484873
v 4.164566 9.269190 8.863785
v 4.050949 9.383242 8.863785
v 4.150119 9.482033 8.484873
v 4.263736 9.367982 8.484872
v 4.263736 9.367982 8.863785
v 4.150119 9.482034 8.863785
v 4.066035 9.171035 8.484872
v 4.066035 9.171035 8.863785
v 3.952419 9.285087 8.863785
v 3.952419 9.285087 8.484873
v 4.452674 8.049459 8.454077
v 4.479304 9.655367 8.476182
v 4.611089 8.047957 8.454076
v 4.614892 9.654083 8.476182
v 4.452674 8.049459 8.760900
v 4.479304 9.655367 8.738793
v 4.611089 8.047957 8.760900
v 4.614892 9.654083 8.738793
v 4.478338 8.892134 8.488316
v 4.601397 8.890968 8.488316
v 4.601397 8.890968 8.726660
v 4.478338 8.892134 8.726660
v 4.479834 9.050001 8.488316
v 4.602892 9.048836 8.488316
v 4.602892 9.048836 8.726660
v 4.479833 9.050001 8.726660
v 4.599910 8.734118 8.488316
v 4.599910 8.734118 8.726660
v 4.476851 8.735285 8.726660
v 4.476851 8.735285 8.488316
v 5.338611 8.812344 8.528425
v 3.732521 8.823753 8.550531
v 5.338610 8.970764 8.528425
v 3.732520 8.959347 8.550531
v 5.338611 8.812343 8.835249
v 3.732521 8.823753 8.813143
v 5.338610 8.970764 8.835249
v 3.732520 8.959347 8.813143
v 4.495729 8.830019 8.562664
v 4.495729 8.953084 8.562664
v 4.495729 8.953083 8.801008
v 4.495729 8.830020 8.801008
v 4.337854 8.830019 8.562664
v 4.337854 8.953083 8.562664
v 4.337854 8.953083 8.801008
v 4.337854 8.830019 8.801008
v 4.652586 8.953085 8.562664
v 4.652586 8.953084 8.801008
v 4.652586 8.830020 8.801008
v 4.652586 8.830020 8.562664
v 10.609361 7.339891 3.264460
v 10.631463 8.945801 3.237826
v 10.609361 7.338390 3.106045
v 10.631463 8.944515 3.102238
v 10.916183 7.339892 3.264460
v 10.894074 8.945801 3.237826
v 10.916183 7.338391 3.106045
v 10.894074 8.944516 3.102238
v 10.643599 8.182568 3.238794
v 10.643599 8.181400 3.115736
v 10.881942 8.181401 3.115736
v 10.881942 8.182568 3.238794
v 10.643598 8.340435 3.237298
v 10.643598 8.339269 3.114239
v 10.881942 8.339270 3.114239
v 10.881942 8.340435 3.237298
v 10.643599 8.024551 3.117222
v 10.881943 8.024551 3.117222
v 10.881943 8.025718 3.240280
v 10.643599 8.025717 3.240280
v 10.683709 8.102775 2.378517
v 10.705814 8.114189 3.984607
v 10.683708 8.261196 2.378517
v 10.705814 8.249783 3.984607
v 10.990532 8.102776 2.378518
v 10.968427 8.114189 3.984607
v 10.990532 8.261197 2.378518
v 10.968426 8.249784 3.984607
v 10.717949 8.120454 3.221398
v 10.717948 8.243518 3.221399
v 10.956292 8.243519 3.221399
v 10.956292 8.120454 3.221398
v 10.717949 8.120454 3.379274
v 10.717948 8.243518 3.379274
v 10.956292 8.243518 3.379274
v 10.956292 8.120455 3.379274
v 10.717948 8.243517 3.064542
v 10.956292 8.243518 3.064542
v 10.956292 8.120455 3.064542
v 10.717949 8.120454 3.064542
v 5.376314 8.883883 8.525642
v 4.573958 8.085919 8.525642
v 4.546566 9.718196 8.525642
v 3.744211 8.920233 8.525642
v 5.376314 8.883883 8.586226
v 4.573958 8.085919 8.586226
v 4.546566 9.718196 8.586226
v 3.744211 8.920233 8.586226
v 10.680931 8.174314 2.340818
v 10.680933 7.376352 3.143174
v 10.680929 9.008629 3.170564
v 10.680931 8.210669 3.972920
v 10.741513 8.174314 2.340818
v 10.741515 7.376352 3.143174
v 10.741511 9.008629 3.170564
v 10.741513 8.210669 3.972920
v -3.139733 8.671434 3.153834
v -3.139734 9.093819 3.153834
v -3.139733 8.671435 3.413261
v -3.139734 9.093842 3.413262
v -3.807877 8.671433 3.153834
v -3.807878 9.093817 3.153834
v -3.807877 8.671434 3.413262
v -3.807878 9.093840 3.413262
v -3.139733 8.625365 2.923673
v -3.139734 8.989092 2.853342
v -3.807878 8.989090 2.853342
v -3.807877 8.625364 2.923672
v -3.139732 8.401789 2.566697
v -3.139733 8.617889 2.288576
v -3.807877 8.617887 2.288576
v -3.807876 8.401787 2.566697
v -3.139731 7.863252 2.205537
v -3.139731 7.984222 1.956024
v -3.807875 7.984221 1.956024
v -3.807875 7.863250 2.205537
v -3.139729 7.188926 2.037304
v -3.139729 7.211341 1.765091
v -3.807874 7.211339 1.765091
v -3.807873 7.188924 2.037304
v -3.139729 6.625783 1.983509
v -3.139729 6.588986 1.686773
v -3.807873 6.588984 1.686773
v -3.807873 6.625782 1.983509
v -3.139728 6.171817 1.934397
v -3.139728 6.102566 1.640990
v -3.807872 6.102565 1.640990
v -3.807872 6.171815 1.934397
v -3.139725 5.123538 1.901190
v -3.139725 5.054287 1.607782
v -3.807869 5.054286 1.607782
v -3.807869 5.123536 1.901190
v -2.997248 3.730843 1.929958
v -2.997248 3.776570 1.550669
v -3.950342 3.776568 1.550669
v -3.950340 3.730841 1.929958
v -3.139733 8.671435 3.414715
v -3.139734 9.093819 3.414715
v -3.139733 8.671434 3.155288
v -3.139734 9.093842 3.155288
v -3.807877 8.671434 3.414715
v -3.807878 9.093817 3.414715
v -3.807877 8.671433 3.155288
v -3.807878 9.093840 3.155288
v -3.139733 8.625365 3.644877
v -3.139734 8.989092 3.715207
v -3.807878 8.989090 3.715207
v -3.807877 8.625364 3.644877
v -3.139733 8.401789 4.001853
v -3.139733 8.617889 4.279973
v -3.807877 8.617887 4.279973
v -3.807877 8.401787 4.001853
v -3.139731 7.863252 4.363013
v -3.139732 7.984222 4.612526
v -3.807876 7.984221 4.612526
v -3.807875 7.863250 4.363013
v -3.139730 7.188926 4.531245
v -3.139730 7.211341 4.803459
v -3.807874 7.211340 4.803459
v -3.807874 7.188924 4.531245
v -3.139729 6.625784 4.585041
v -3.139729 6.588986 4.881777
v -3.807872 6.588985 4.881777
v -3.807872 6.625782 4.585041
v -3.139728 6.171817 4.634152
v -3.139728 6.102566 4.927560
v -3.807871 6.102565 4.927559
v -3.807871 6.171815 4.634152
v -3.139726 5.123538 4.667360
v -3.139726 5.054287 4.960768
v -3.807869 5.054286 4.960768
v -3.807869 5.123536 4.667360
v -2.997248 3.730844 4.638592
v -2.997249 3.776571 5.017880
v -3.950341 3.776568 5.017880
v -3.950340 3.730841 4.638592
v -3.174016 3.846695 3.058672
v -3.222041 9.011364 3.091117
v -3.174016 3.846695 3.509003
v -3.222041 9.011364 3.476557
v -3.840427 3.846694 3.058672
v -3.792425 9.011363 3.091117
v -3.840427 3.846694 3.509003
v -3.792425 9.011362 3.476557
v -3.248389 6.557129 3.108927
v -3.248389 6.557129 3.458748
v -3.766065 6.557128 3.458748
v -3.766065 6.557128 3.108926
v -3.248390 7.064805 3.108927
v -3.248390 7.064805 3.458748
v -3.766066 7.064804 3.458748
v -3.766066 7.064804 3.108927
v -3.248388 6.052729 3.458748
v -3.766064 6.052728 3.458748
v -3.766064 6.052728 3.108927
v -3.248388 6.052729 3.108927
v -3.312432 5.800412 4.769162
v -3.346352 5.825941 1.759579
v -3.312433 6.154750 4.769162
v -3.346353 6.129220 1.759579
v -3.783214 5.800411 4.769162
v -3.749295 5.825940 1.759579
v -3.783215 6.154749 4.769162
v -3.749296 6.129219 1.759579
v -3.364969 5.839954 3.189723
v -3.364970 6.115207 3.189723
v -3.730678 6.115207 3.189723
v -3.730677 5.839953 3.189723
v -3.364969 5.839954 2.893888
v -3.364970 6.115207 2.893888
v -3.730678 6.115207 2.893888
v -3.730677 5.839953 2.893888
v -3.364970 6.115207 3.483650
v -3.730678 6.115207 3.483650
v -3.730677 5.839953 3.483650
v -3.364969 5.839954 3.483650
v -4.136285 4.054169 1.478659
v -4.149087 4.059499 4.961867
v -3.091173 4.054172 1.478659
v -3.078369 4.059502 4.961867
v -4.136284 3.619054 1.478659
v -4.149086 3.613724 4.961867
v -3.091172 3.619057 1.478659
v -3.078368 3.613726 4.961867
v -4.028844 4.009439 3.220263
v -3.198613 4.009440 3.220263
v -3.198612 3.663787 3.220263
v -4.028843 3.663785 3.220263
v -4.038192 4.013330 3.548668
v -3.189265 4.013332 3.548668
v -3.189264 3.659896 3.548668
v -4.038191 3.659894 3.548668
v -3.182552 4.016127 2.893978
v -3.182551 3.657101 2.893978
v -4.044904 3.657099 2.893978
v -4.044905 4.016125 2.893977
v -3.091173 4.054172 1.448086
v -4.136285 4.054169 1.448086
v -3.091172 3.619057 1.448086
v -4.136284 3.619054 1.448086
v -2.920082 4.125402 1.334401
v -4.307375 4.125399 1.334401
v -2.920081 3.547827 1.334401
v -4.307374 3.547823 1.334401
v -4.149087 4.059499 4.995914
v -3.078369 4.059502 4.995915
v -3.078368 3.613726 4.995914
v -4.149086 3.613724 4.995914
v -4.242520 4.098399 5.130908
v -2.984937 4.098402 5.130908
v -2.984936 3.574827 5.130908
v -4.242519 3.574825 5.130908
v 3.002445 17.918224 3.344199
v 3.002444 18.267677 3.344199
v 3.002445 17.918224 3.129565
v 3.002444 18.267696 3.129565
v 3.555225 17.918224 3.344199
v 3.555224 18.267677 3.344199
v 3.555225 17.918224 3.129565
v 3.555224 18.267696 3.129565
v 3.002445 17.880108 3.534620
v 3.002445 18.181034 3.592807
v 3.555225 18.181034 3.592807
v 3.555225 17.880108 3.534621
v 3.002446 17.695135 3.829960
v 3.002445 17.873922 4.060059
v 3.555225 17.873924 4.060059
v 3.555226 17.695137 3.829960
v 3.002447 17.249584 4.128760
v 3.002446 17.349667 4.335192
v 3.555226 17.349669 4.335192
v 3.555227 17.249584 4.128761
v 3.002448 16.691689 4.267945
v 3.002448 16.710236 4.493158
v 3.555228 16.710236 4.493158
v 3.555228 16.691690 4.267945
v 3.002449 16.225780 4.312453
v 3.002449 16.195337 4.557953
v 3.555229 16.195339 4.557953
v 3.555229 16.225780 4.312453
v 3.002450 15.850197 4.353085
v 3.002450 15.792903 4.595831
v 3.555230 15.792904 4.595831
v 3.555230 15.850198 4.353085
v 3.002452 14.982917 4.380558
v 3.002452 14.925624 4.623305
v 3.555232 14.925625 4.623305
v 3.555232 14.982918 4.380558
v 2.884580 13.830688 4.356758
v 2.884580 13.868521 4.670557
v 3.673109 13.868523 4.670557
v 3.673109 13.830690 4.356758
v 3.002445 17.918224 3.128363
v 3.002444 18.267677 3.128363
v 3.002445 17.918224 3.342996
v 3.002444 18.267696 3.342996
v 3.555225 17.918224 3.128363
v 3.555224 18.267677 3.128363
v 3.555225 17.918224 3.342996
v 3.555224 18.267696 3.342996
v 3.002445 17.880108 2.937941
v 3.002445 18.181034 2.879754
v 3.555225 18.181034 2.879755
v 3.555225 17.880110 2.937941
v 3.002446 17.695135 2.642602
v 3.002445 17.873924 2.412503
v 3.555225 17.873924 2.412503
v 3.555226 17.695137 2.642602
v 3.002447 17.249584 2.343801
v 3.002447 17.349667 2.137370
v 3.555227 17.349669 2.137370
v 3.555227 17.249584 2.343801
v 3.002448 16.691689 2.204616
v 3.002448 16.710234 1.979403
v 3.555228 16.710236 1.979403
v 3.555228 16.691689 2.204616
v 3.002449 16.225780 2.160109
v 3.002449 16.195335 1.914608
v 3.555229 16.195339 1.914608
v 3.555229 16.225780 2.160109
v 3.002450 15.850197 2.119478
v 3.002450 15.792904 1.876731
v 3.555230 15.792905 1.876731
v 3.555230 15.850199 2.119478
v 3.002452 14.982917 2.092003
v 3.002452 14.925624 1.849257
v 3.555232 14.925625 1.849257
v 3.555232 14.982918 2.092003
v 2.884580 13.830688 2.115804
v 2.884580 13.868521 1.802005
v 3.673109 13.868523 1.802005
v 3.673110 13.830690 2.115804
v 2.995783 13.926539 3.422929
v 3.035496 18.199459 3.396085
v 2.995783 13.926538 3.050354
v 3.035497 18.199459 3.077197
v 3.547129 13.926540 3.422929
v 3.507396 18.199461 3.396085
v 3.547129 13.926539 3.050354
v 3.507397 18.199461 3.077197
v 3.057305 16.168980 3.381351
v 3.057305 16.168980 3.091931
v 3.485597 16.168982 3.091931
v 3.485597 16.168982 3.381351
v 3.057304 16.589001 3.381351
v 3.057304 16.589001 3.091931
v 3.485596 16.589001 3.091931
v 3.485596 16.589001 3.381351
v 3.057306 15.751672 3.091931
v 3.485598 15.751673 3.091931
v 3.485598 15.751672 3.381351
v 3.057306 15.751671 3.381351
v 3.110294 15.542920 2.007777
v 3.138356 15.564042 4.497716
v 3.110293 15.836077 2.007777
v 3.138356 15.814956 4.497716
v 3.499788 15.542921 2.007777
v 3.471726 15.564042 4.497716
v 3.499788 15.836078 2.007777
v 3.471725 15.814957 4.497716
v 3.153759 15.575635 3.314505
v 3.153759 15.803362 3.314505
v 3.456322 15.803363 3.314505
v 3.456323 15.575636 3.314505
v 3.153759 15.575635 3.559261
v 3.153759 15.803362 3.559261
v 3.456322 15.803363 3.559261
v 3.456323 15.575636 3.559261
v 3.153759 15.803363 3.071329
v 3.456322 15.803363 3.071329
v 3.456323 15.575636 3.071329
v 3.153759 15.575635 3.071329
v 3.715094 14.098193 4.730130
v 3.727383 14.102603 1.848343
v 2.711871 14.098190 4.730130
v 2.699582 14.102601 1.848343
v 3.715094 13.738206 4.730130
v 3.727384 13.733796 1.848343
v 2.711872 13.738204 4.730130
v 2.699583 13.733794 1.848343
v 3.611960 14.061186 3.289237
v 2.815006 14.061184 3.289237
v 2.815007 13.775212 3.289237
v 3.611961 13.775214 3.289237
v 3.620933 14.064404 3.017535
v 2.806032 14.064403 3.017535
v 2.806033 13.771992 3.017535
v 3.620934 13.771994 3.017535
v 2.799589 14.066715 3.559185
v 2.799590 13.769680 3.559185
v 3.627377 13.769682 3.559185
v 3.627376 14.066717 3.559185
v 2.711871 14.098190 4.755424
v 3.715094 14.098193 4.755424
v 2.711872 13.738205 4.755424
v 3.715094 13.738207 4.755424
v 2.547639 14.157122 4.849481
v 3.879325 14.157125 4.849481
v 2.547640 13.679272 4.849481
v 3.879327 13.679276 4.849481
v 3.727383 14.102603 1.820175
v 2.699582 14.102600 1.820175
v 2.699583 13.733794 1.820175
v 3.727384 13.733797 1.820175
v 3.817072 14.134786 1.708490
v 2.609894 14.134784 1.708490
v 2.609895 13.701612 1.708490
v 3.817073 13.701614 1.708490
v -3.465709 4.020471 1.742602
v -3.465714 6.641603 1.742602
v -3.465709 4.020471 4.785649
v -3.465714 6.641603 4.785649
v -3.571981 4.020470 1.742602
v -3.571987 6.641603 1.742602
v -3.571981 4.020470 4.785649
v -3.571987 6.641603 4.785649
v -3.465717 7.826277 1.980844
v -3.465717 7.826277 4.547406
v -3.571990 7.826277 4.547406
v -3.571990 7.826277 1.980844
v -3.465719 8.817896 2.843620
v -3.465719 8.817896 3.684632
v -3.571992 8.817896 3.684632
v -3.571992 8.817896 2.843620
v 3.278781 14.070311 4.511761
v 3.278777 16.238869 4.511761
v 3.278782 14.070311 1.994136
v 3.278777 16.238869 1.994136
v 3.366705 14.070311 4.511761
v 3.366700 16.238869 4.511761
v 3.366705 14.070312 1.994136
v 3.366700 16.238869 1.994136
v 3.278775 17.218994 4.314654
v 3.278775 17.218994 2.191242
v 3.366698 17.218994 2.191242
v 3.366698 17.218994 4.314654
v 3.278773 18.039398 3.600847
v 3.278773 18.039398 2.905047
v 3.366696 18.039398 2.905047
v 3.366696 18.039398 3.600847
v 8.357513 12.540203 2.721652
v -4.252072 12.528850 2.749913
v 8.360790 12.540202 3.736659
v -4.248716 12.528849 3.789792
v 8.357512 13.464428 2.721652
v -4.252074 13.475721 2.749913
v 8.360788 13.464428 3.736659
v -4.248719 13.475720 3.789792
v 2.053077 12.635200 2.846345
v 2.055678 12.635200 3.652663
v 2.055677 13.369402 3.652663
v 2.053075 13.369401 2.846345
v 0.864191 12.626930 2.841103
v 0.866852 12.626930 3.665576
v 0.866851 13.377666 3.665576
v 0.864189 13.377666 2.841103
v 3.236916 12.621000 3.664448
v 3.236914 13.383605 3.664448
v 3.234211 13.383605 2.826936
v 3.234212 12.621000 2.826936
v 8.471468 12.540203 3.736303
v 8.468191 12.540203 2.721295
v 8.471465 13.464428 3.736303
v 8.468189 13.464428 2.721295
v 8.883557 12.388905 3.901137
v 8.879208 12.388903 2.553805
v 8.883554 13.615728 3.901137
v 8.879206 13.615729 2.553805
v -4.375326 12.528849 2.750313
v -4.371969 12.528850 3.790187
v -4.371972 13.475721 3.790187
v -4.375328 13.475720 2.750313
v -4.864305 12.446223 2.661150
v -4.860365 12.446223 3.882509
v -4.860368 13.558345 3.882508
v -4.864308 13.558344 2.661150
v -5.052483 12.446223 2.661757
v -5.048540 12.446222 3.883116
v -5.048543 13.558344 3.883116
v -5.052485 13.558344 2.661757
v 9.083429 12.388905 3.900490
v 9.079081 12.388904 2.553159
v 9.083426 13.615729 3.900490
v 9.079078 13.615729 2.553159
v 11.618721 10.989729 2.892049
v 3.482368 10.982403 2.907891
v 11.620835 10.989729 3.461041
v 3.484534 10.982403 3.490826
v 11.618720 11.586086 2.892049
v 3.482367 11.593373 2.907891
v 11.620834 11.586087 3.461041
v 3.484533 11.593373 3.490826
v 7.550775 11.051025 2.961949
v 7.552454 11.051025 3.413954
v 7.552453 11.524771 3.413954
v 7.550774 11.524771 2.961949
v 6.783645 11.045690 2.959011
v 6.785361 11.045690 3.421193
v 6.785360 11.530103 3.421193
v 6.783644 11.530103 2.959010
v 8.314648 11.041863 3.420560
v 8.314647 11.533936 3.420560
v 8.312902 11.533936 2.951069
v 8.312904 11.041863 2.951069
v 11.692250 10.989729 3.460841
v 11.690136 10.989729 2.891849
v 11.692249 11.586086 3.460841
v 11.690135 11.586086 2.891849
v 11.958152 10.892103 3.553244
v 11.955345 10.892102 2.797957
v 11.958150 11.683714 3.553244
v 11.955344 11.683714 2.797957
v 3.402838 10.982403 2.908115
v 3.405004 10.982403 3.491047
v 3.405003 11.593373 3.491047
v 3.402837 11.593372 2.908115
v 3.087324 10.929089 2.858133
v 3.089867 10.929089 3.542801
v 3.089865 11.646687 3.542800
v 3.087322 11.646687 2.858133
v 2.965903 10.929089 2.858473
v 2.968446 10.929089 3.543141
v 2.968444 11.646685 3.543141
v 2.965901 11.646685 2.858473
v 12.087119 10.892103 3.552881
v 12.084313 10.892103 2.797595
v 12.087117 11.683714 3.552881
v 12.084311 11.683714 2.797595
v 7.116062 7.004827 8.406703
v 1.904603 6.997507 8.426734
v 7.117416 7.004827 9.126085
v 1.905992 6.997507 9.163744
v 7.116061 7.601184 8.406702
v 1.904602 7.608478 8.426733
v 7.117415 7.601184 9.126085
v 1.905991 7.608478 9.163744
v 4.510480 7.066126 8.495079
v 4.511556 7.066126 9.066553
v 4.511555 7.539871 9.066553
v 4.510479 7.539871 8.495079
v 4.019122 7.060791 8.491364
v 4.020222 7.060791 9.075706
v 4.020221 7.545204 9.075706
v 4.019121 7.545204 8.491364
v 4.999753 7.056963 9.074905
v 4.999752 7.549036 9.074905
v 4.998635 7.549036 8.481323
v 4.998636 7.056964 8.481323
v 7.163158 7.004827 9.125834
v 7.161804 7.004827 8.406450
v 7.163157 7.601184 9.125833
v 7.161803 7.601184 8.406450
v 7.333473 6.907200 9.242659
v 7.331676 6.907199 8.287743
v 7.333471 7.698811 9.242659
v 7.331674 7.698810 8.287743
v 1.853663 6.997507 8.427017
v 1.855051 6.997507 9.164024
v 1.855050 7.608477 9.164024
v 1.853662 7.608478 8.427017
v 1.651571 6.944193 8.363824
v 1.653200 6.944193 9.229456
v 1.653199 7.661790 9.229456
v 1.651570 7.661790 8.363824
v 1.573800 6.944193 8.364253
v 1.575429 6.944193 9.229887
v 1.575428 7.661790 9.229887
v 1.573799 7.661790 8.364254
v 7.416079 6.907200 9.242200
v 7.414281 6.907200 8.287285
v 7.416077 7.698811 9.242200
v 7.414279 7.698811 8.287285
v 4.301330 11.101923 2.549937
v 4.316095 11.096362 9.250343
v 4.831595 11.101925 2.548196
v 4.859353 11.096363 9.248560
v 4.301329 11.555727 2.549936
v 4.316094 11.561285 9.250343
v 4.831594 11.555728 2.548196
v 4.859352 11.561286 9.248560
v 4.366473 11.148575 5.899951
v 4.787713 11.148575 5.898568
v 4.787713 11.509076 5.898568
v 4.366473 11.509074 5.899951
v 4.363735 11.144516 6.531693
v 4.794459 11.144516 6.530280
v 4.794459 11.513134 6.530279
v 4.363734 11.513133 6.531693
v 4.793870 11.141602 5.270889
v 4.793869 11.516048 5.270889
v 4.356333 11.516048 5.272326
v 4.356334 11.141602 5.272326
v 4.831409 11.101925 2.489385
v 4.301144 11.101923 2.491126
v 4.831408 11.555729 2.489385
v 4.301143 11.555727 2.491126
v 4.917523 11.027635 2.270411
v 4.213644 11.027633 2.272722
v 4.917521 11.630018 2.270411
v 4.213643 11.630015 2.272722
v 4.316304 11.096363 9.315837
v 4.859560 11.096363 9.314054
v 4.859559 11.561287 9.314054
v 4.316303 11.561285 9.315837
v 4.269723 11.055793 9.575668
v 4.907790 11.055794 9.573574
v 4.907789 11.601855 9.573574
v 4.269722 11.601854 9.575668
v 4.270040 11.055794 9.675659
v 4.908108 11.055795 9.673567
v 4.908106 11.601856 9.673567
v 4.270039 11.601854 9.675660
v 4.917184 11.027636 2.164204
v 4.213306 11.027633 2.166514
v 4.917183 11.630017 2.164204
v 4.213305 11.630016 2.166515
v 3.871505 22.256405 2.924735
v -2.556420 22.248409 2.942037
v 3.873175 22.256405 3.546126
v -2.554708 22.248409 3.578655
v 3.871503 22.907681 2.924734
v -2.556422 22.915646 2.942036
v 3.873174 22.907681 3.546126
v -2.554710 22.915646 3.578655
v 0.657723 22.323349 3.001072
v 0.659050 22.323349 3.494704
v 0.659049 22.840721 3.494703
v 0.657722 22.840721 3.001072
v 0.051670 22.317520 2.997863
v 0.053027 22.317520 3.502609
v 0.053026 22.846546 3.502609
v 0.051669 22.846546 2.997863
v 1.261202 22.313343 3.501918
v 1.261201 22.850731 3.501918
v 1.259824 22.850731 2.989190
v 1.259825 22.313343 2.989190
v 3.929595 22.256405 3.545908
v 3.927924 22.256405 2.924516
v 3.929593 22.907681 3.545908
v 3.927923 22.907681 2.924516
v 4.139664 22.149788 3.646821
v 4.137447 22.149788 2.821978
v 4.139661 23.014297 3.646821
v 4.137445 23.014297 2.821978
v -2.619251 22.248409 2.942281
v -2.617540 22.248409 3.578897
v -2.617542 22.915646 3.578897
v -2.619253 22.915646 2.942281
v -2.868516 22.190186 2.887696
v -2.866508 22.190186 3.635416
v -2.866509 22.973866 3.635416
v -2.868518 22.973866 2.887696
v -2.964441 22.190186 2.888067
v -2.962433 22.190186 3.635788
v -2.962435 22.973866 3.635788
v -2.964443 22.973866 2.888067
v 4.241551 22.149788 3.646424
v 4.239335 22.149788 2.821583
v 4.241549 23.014301 3.646424
v 4.239333 23.014297 2.821583
v 6.868155 0.496770 4.533346
v 6.868150 2.539598 4.533346
v 11.294215 0.496780 4.520404
v 11.294210 2.539608 4.520404
v 6.870670 0.496771 5.393693
v 6.870666 2.539598 5.393693
v 11.296730 0.496780 5.380751
v 11.296726 2.539607 5.380751
v 6.868152 1.518184 4.533346
v 11.294212 1.518194 4.520404
v 11.296728 1.493024 5.380751
v 6.870667 1.602949 5.393693
v 9.081184 0.496775 4.526875
v 9.081180 2.539602 4.526875
v 9.083700 0.496775 5.387222
v 9.083695 2.539603 5.387222
v 9.125784 1.518189 5.387099
v 9.081182 1.518189 4.526875
v 7.974669 0.496773 4.530110
v 7.977180 2.539600 5.390457
v 7.974665 2.539600 4.530110
v 7.977185 0.496773 5.390457
v 7.974667 1.518186 4.530110
v 10.187695 2.539605 4.523640
v 10.190215 0.496778 5.383986
v 10.187697 1.518191 4.523640
v 10.187699 0.496778 4.523640
v 10.190210 2.539605 5.383986
v 10.190213 1.593898 5.383986
v 6.868151 2.028891 4.533346
v 11.294211 2.028900 4.520404
v 11.296727 2.096130 5.380751
v 6.870667 2.028891 5.393693
v 9.081182 2.028896 4.526875
v 7.974666 2.028893 4.530110
v 7.977181 2.105152 5.390457
v 10.187696 2.028898 4.523640
v 11.294213 1.007487 4.520404
v 11.296729 1.007487 5.380751
v 6.870669 0.965173 5.393693
v 6.868153 1.007477 4.533346
v 9.081183 1.007482 4.526875
v 9.016397 1.007482 5.387419
v 7.974669 1.007480 4.530110
v 7.977184 1.007480 5.390457
v 10.190214 0.889939 5.383986
v 10.187698 1.007484 4.523640
v 9.270700 0.982017 5.386675
v 9.310658 1.429667 5.386559
v 9.194166 1.147601 5.386899
v 10.047503 1.095636 5.384404
v 10.072915 1.347351 5.384329
v 9.882233 1.477531 5.384887
v 8.134178 2.094332 5.389998
v 7.509226 1.554034 5.391826
v 7.977181 2.020392 5.390457
v 8.711174 1.518188 5.388311
v 7.977183 1.171320 5.390457
v 8.486273 1.200587 5.388969
v 8.656404 1.396348 5.388471
v 8.797198 1.708424 5.388060
v 8.728855 1.885551 5.388259
v 7.555493 1.244086 5.391690
v 7.764096 1.919842 5.391080
v 7.586099 1.779745 5.391601
v 9.399469 2.028896 5.386298
v 10.190211 2.230773 5.383986
v 10.190212 1.919023 5.383986
v 10.235882 2.031673 5.383853
v 10.291494 2.168646 5.383690
v 9.341841 1.908652 5.386467
v 9.516967 1.835973 5.385955
v 9.884218 1.851411 5.384881
v 9.466233 2.167347 5.386103
v 10.108446 2.280439 5.384225
v 9.698582 2.279906 5.385424
v 9.223416 2.028896 5.386813
v 8.617024 2.061057 5.388587
v 9.097748 1.858398 5.387181
v 8.467072 2.539601 5.389025
v 9.083696 2.426342 5.387222
v 9.346361 2.195359 5.386454
v 9.408205 2.341946 5.386273
v 9.209499 2.438246 5.386854
v 8.285780 2.207705 5.389555
v 8.777375 2.396511 5.388118
v 7.977180 2.437960 5.390457
v 7.977181 2.208833 5.390457
v 7.823903 2.094588 5.390905
v 6.955827 2.034760 5.393444
v 7.069883 1.807821 5.393110
v 7.306561 1.779030 5.392418
v 7.591357 1.956058 5.391585
v 7.086531 2.381058 5.393062
v 6.991854 2.205786 5.393338
v 7.516837 2.402070 5.391803
v 7.282765 2.443004 5.392488
v 8.187662 2.207542 5.389842
v 8.168649 2.423422 5.389897
v 7.977184 0.890001 5.390457
v 7.977185 0.655195 5.390457
v 7.582766 0.992399 5.391611
v 7.134703 0.975268 5.392921
v 7.725926 0.883073 5.391192
v 7.861497 0.592590 5.390796
v 7.182743 0.723092 5.392780
v 8.101302 0.892711 5.390095
v 8.189236 0.769947 5.389837
v 7.346525 1.172143 5.392302
v 7.101880 1.147173 5.393017
v 10.975777 0.973392 5.381689
v 10.568461 0.930121 5.382880
v 10.450447 0.639743 5.383225
v 10.866506 0.633857 5.382009
v 11.030901 0.825051 5.381528
v 10.643516 1.113933 5.382661
v 10.940588 1.067522 5.381792
v 11.108539 1.510180 5.381301
v 10.515124 1.564278 5.383036
v 10.639413 1.853184 5.382673
v 11.066908 1.744220 5.381423
v 11.173548 1.832807 5.381111
v 11.072499 1.948840 5.381406
v 10.482176 1.487032 5.383133
v 10.803328 1.217331 5.382194
v 8.808541 1.272383 5.388026
v 8.653032 1.185357 5.388481
v 8.768259 1.090346 5.388144
v 8.948385 1.194221 5.387618
v 8.796675 0.830350 5.388061
v 8.514286 0.870373 5.388887
v 8.413523 0.696088 5.389182
v 8.558280 0.646585 5.388758
v 8.845359 0.631284 5.387919
v 8.711212 1.518188 5.401629
v 7.977221 1.518187 5.403776
v 7.977221 2.020393 5.403776
v 9.083735 2.426342 5.400540
v 9.083736 2.028896 5.400540
v 10.190250 2.230773 5.397305
v 10.190250 2.028898 5.397305
v 10.235920 2.031673 5.397171
v 9.223455 2.028896 5.400132
v 9.310698 1.429667 5.399877
v 9.194204 1.147601 5.400217
v 9.270740 0.982017 5.399993
v 10.047542 1.095636 5.397722
v 10.072954 1.347351 5.397648
v 9.882272 1.477531 5.398205
v 7.509264 1.554034 5.405144
v 7.977222 1.171320 5.403776
v 8.486312 1.200587 5.402287
v 8.656443 1.396348 5.401790
v 8.134217 2.094333 5.403316
v 8.797237 1.708424 5.401378
v 8.728893 1.885551 5.401578
v 7.555532 1.244087 5.405009
v 7.764134 1.919842 5.404399
v 7.586138 1.779745 5.404920
v 9.399508 2.028896 5.399617
v 10.190251 1.919023 5.397305
v 10.291533 2.168646 5.397008
v 9.341880 1.908652 5.399786
v 9.517006 1.835973 5.399273
v 9.884257 1.851410 5.398200
v 9.466272 2.167347 5.399422
v 10.108485 2.280439 5.397544
v 9.698621 2.279906 5.398742
v 8.617064 2.061057 5.401905
v 9.097786 1.858398 5.400499
v 9.346400 2.195359 5.399772
v 9.408244 2.341946 5.399591
v 9.209538 2.438247 5.400172
v 8.467112 2.539601 5.402343
v 8.285818 2.207705 5.402874
v 8.777414 2.396511 5.401436
v 7.977220 2.437960 5.403776
v 7.977220 2.208833 5.403776
v 7.823941 2.094588 5.404224
v 6.955866 2.034760 5.406762
v 7.069922 1.807821 5.406429
v 7.306601 1.779030 5.405737
v 7.591396 1.956058 5.404904
v 7.086570 2.381058 5.406380
v 6.991893 2.205786 5.406657
v 7.516876 2.402070 5.405122
v 7.282804 2.443004 5.405807
v 8.187700 2.207542 5.403160
v 8.168688 2.423422 5.403216
v 7.977223 0.890001 5.403776
v 7.977223 0.655195 5.403776
v 7.582805 0.992399 5.404929
v 7.134742 0.975268 5.406240
v 7.725965 0.883073 5.404510
v 7.861536 0.592590 5.404114
v 7.182782 0.723091 5.406099
v 8.101341 0.892711 5.403413
v 8.189275 0.769947 5.403156
v 7.346564 1.172143 5.405620
v 7.101919 1.147172 5.406335
v 10.975816 0.973391 5.395008
v 10.568500 0.930121 5.396199
v 10.450485 0.639744 5.396544
v 10.866545 0.633857 5.395328
v 11.030940 0.825051 5.394846
v 10.643555 1.113933 5.395979
v 10.940627 1.067523 5.395111
v 11.108578 1.510180 5.394619
v 10.515163 1.564278 5.396355
v 10.639452 1.853184 5.395991
v 11.066947 1.744220 5.394741
v 11.173587 1.832807 5.394429
v 11.072538 1.948840 5.394725
v 10.482214 1.487032 5.396451
v 10.803367 1.217331 5.395512
v 8.808580 1.272383 5.401345
v 8.653070 1.185357 5.401800
v 8.768298 1.090346 5.401463
v 8.948424 1.194221 5.400936
v 8.796714 0.830350 5.401380
v 8.514325 0.870373 5.402205
v 8.413562 0.696088 5.402500
v 8.558319 0.646585 5.402077
v 8.845398 0.631284 5.401237
v 6.868155 0.496770 1.661033
v 6.868150 2.539598 1.661033
v 11.294215 0.496780 1.673976
v 11.294210 2.539607 1.673976
v 6.870670 0.496770 0.800686
v 6.870666 2.539598 0.800686
v 11.296731 0.496781 0.813630
v 11.296726 2.539607 0.813629
v 6.868153 1.518184 1.661033
v 11.294212 1.518193 1.673976
v 11.296728 1.493024 0.813629
v 6.870667 1.602949 0.800687
v 9.081184 0.496775 1.667505
v 9.081181 2.539602 1.667505
v 9.083701 0.496775 0.807158
v 9.083696 2.539602 0.807158
v 9.125784 1.518189 0.807281
v 9.081182 1.518189 1.667505
v 7.974669 0.496773 1.664269
v 7.977180 2.539600 0.803922
v 7.974665 2.539600 1.664269
v 7.977185 0.496773 0.803922
v 7.974668 1.518186 1.664269
v 10.187696 2.539605 1.670741
v 10.190216 0.496778 0.810394
v 10.187697 1.518191 1.670740
v 10.187700 0.496778 1.670741
v 10.190211 2.539605 0.810394
v 10.190213 1.593898 0.810394
v 6.868151 2.028890 1.661033
v 11.294211 2.028900 1.673976
v 11.296727 2.096130 0.813630
v 6.870667 2.028891 0.800686
v 9.081182 2.028896 1.667505
v 7.974667 2.028893 1.664269
v 7.977181 2.105152 0.803922
v 10.187696 2.028898 1.670740
v 11.294214 1.007487 1.673976
v 11.296730 1.007487 0.813629
v 6.870669 0.965173 0.800687
v 6.868154 1.007477 1.661033
v 9.081183 1.007482 1.667505
v 9.016397 1.007482 0.806961
v 7.974669 1.007480 1.664269
v 7.977184 1.007479 0.803922
v 10.190215 0.889939 0.810394
v 10.187698 1.007484 1.670741
v 9.270700 0.982017 0.807705
v 9.310658 1.429667 0.807822
v 9.194166 1.147601 0.807481
v 10.047503 1.095636 0.809977
v 10.072915 1.347351 0.810051
v 9.882233 1.477531 0.809493
v 8.134179 2.094332 0.804381
v 7.509226 1.554034 0.802554
v 7.977182 2.020392 0.803922
v 8.711174 1.518188 0.806068
v 7.977184 1.171320 0.803922
v 8.486273 1.200586 0.805411
v 8.656404 1.396348 0.805908
v 8.797199 1.708424 0.806320
v 8.728855 1.885551 0.806120
v 7.555494 1.244086 0.802689
v 7.764096 1.919841 0.803299
v 7.586100 1.779745 0.802779
v 9.399470 2.028896 0.808081
v 10.190212 2.230773 0.810394
v 10.190212 1.919023 0.810394
v 10.235882 2.031673 0.810527
v 10.291494 2.168646 0.810690
v 9.341841 1.908652 0.807913
v 9.516968 1.835973 0.808425
v 9.884219 1.851410 0.809499
v 9.466234 2.167347 0.808277
v 10.108447 2.280439 0.810155
v 9.698582 2.279906 0.808956
v 9.223417 2.028896 0.807567
v 8.617025 2.061057 0.805793
v 9.097748 1.858398 0.807199
v 8.467072 2.539601 0.805355
v 9.083696 2.426342 0.807158
v 9.346361 2.195359 0.807926
v 9.408206 2.341946 0.808107
v 9.209499 2.438246 0.807526
v 8.285780 2.207705 0.804825
v 8.777375 2.396511 0.806262
v 7.977181 2.437960 0.803922
v 7.977181 2.208833 0.803922
v 7.823903 2.094588 0.803474
v 6.955827 2.034760 0.800936
v 7.069884 1.807821 0.801269
v 7.306562 1.779030 0.801961
v 7.591358 1.956058 0.802794
v 7.086532 2.381058 0.801318
v 6.991855 2.205786 0.801041
v 7.516838 2.402070 0.802576
v 7.282765 2.443004 0.801891
v 8.187662 2.207542 0.804538
v 8.168649 2.423422 0.804482
v 7.977184 0.890001 0.803922
v 7.977185 0.655195 0.803922
v 7.582767 0.992399 0.802769
v 7.134704 0.975268 0.801459
v 7.725927 0.883073 0.803187
v 7.861497 0.592590 0.803584
v 7.182744 0.723092 0.801599
v 8.101302 0.892711 0.804285
v 8.189236 0.769947 0.804542
v 7.346526 1.172143 0.802078
v 7.101881 1.147172 0.801363
v 10.975778 0.973391 0.812691
v 10.568461 0.930121 0.811500
v 10.450447 0.639743 0.811155
v 10.866507 0.633857 0.812371
v 11.030901 0.825051 0.812852
v 10.643517 1.113932 0.811719
v 10.940588 1.067522 0.812588
v 11.108539 1.510180 0.813079
v 10.515125 1.564278 0.811344
v 10.639414 1.853184 0.811707
v 11.066908 1.744220 0.812957
v 11.173548 1.832807 0.813269
v 11.072499 1.948840 0.812974
v 10.482176 1.487031 0.811247
v 10.803328 1.217331 0.812187
v 8.808542 1.272382 0.806353
v 8.653032 1.185357 0.805898
v 8.768260 1.090346 0.806236
v 8.948385 1.194221 0.806762
v 8.796676 0.830350 0.806319
v 8.514287 0.870373 0.805493
v 8.413523 0.696088 0.805198
v 8.558280 0.646585 0.805621
v 8.845360 0.631283 0.806461
v 8.711213 1.518188 0.792750
v 7.977222 1.518186 0.790604
v 7.977221 2.020392 0.790604
v 9.083735 2.426342 0.793839
v 9.083736 2.028896 0.793840
v 10.190250 2.230773 0.797075
v 10.190251 2.028898 0.797075
v 10.235921 2.031673 0.797209
v 9.223455 2.028896 0.794248
v 9.310698 1.429667 0.794503
v 9.194205 1.147601 0.794163
v 9.270740 0.982016 0.794386
v 10.047543 1.095635 0.796658
v 10.072954 1.347351 0.796732
v 9.882272 1.477531 0.796175
v 7.509265 1.554034 0.789235
v 7.977223 1.171320 0.790604
v 8.486313 1.200587 0.792092
v 8.656443 1.396348 0.792590
v 8.134218 2.094333 0.791063
v 8.797237 1.708424 0.793002
v 8.728894 1.885551 0.792802
v 7.555533 1.244086 0.789371
v 7.764135 1.919841 0.789980
v 7.586138 1.779745 0.789460
v 9.399508 2.028896 0.794763
v 10.190251 1.919023 0.797075
v 10.291533 2.168646 0.797372
v 9.341880 1.908652 0.794595
v 9.517006 1.835973 0.795107
v 9.884258 1.851410 0.796181
v 9.466272 2.167347 0.794958
v 10.108486 2.280439 0.796836
v 9.698621 2.279906 0.795638
v 8.617064 2.061057 0.792475
v 9.097787 1.858398 0.793881
v 9.346400 2.195359 0.794608
v 9.408244 2.341946 0.794788
v 9.209538 2.438246 0.794207
v 8.467112 2.539601 0.792036
v 8.285818 2.207705 0.791506
v 8.777414 2.396511 0.792944
v 7.977220 2.437960 0.790604
v 7.977221 2.208833 0.790604
v 7.823942 2.094588 0.790156
v 6.955866 2.034760 0.787617
v 7.069923 1.807821 0.787950
v 7.306601 1.779030 0.788643
v 7.591397 1.956058 0.789475
v 7.086571 2.381058 0.787999
v 6.991894 2.205786 0.787722
v 7.516876 2.402070 0.789257
v 7.282804 2.443004 0.788573
v 8.187700 2.207542 0.791219
v 8.168688 2.423422 0.791164
v 7.977223 0.890001 0.790604
v 7.977224 0.655195 0.790604
v 7.582806 0.992399 0.789450
v 7.134743 0.975268 0.788140
v 7.725966 0.883073 0.789869
v 7.861536 0.592590 0.790266
v 7.182783 0.723091 0.788280
v 8.101341 0.892711 0.790967
v 8.189275 0.769947 0.791224
v 7.346564 1.172143 0.788759
v 7.101920 1.147172 0.788044
v 10.975817 0.973391 0.799372
v 10.568501 0.930121 0.798181
v 10.450486 0.639743 0.797837
v 10.866546 0.633857 0.799053
v 11.030940 0.825051 0.799534
v 10.643556 1.113932 0.798401
v 10.940627 1.067522 0.799270
v 11.108578 1.510180 0.799761
v 10.515164 1.564278 0.798025
v 10.639453 1.853184 0.798389
v 11.066947 1.744220 0.799639
v 11.173587 1.832807 0.799951
v 11.072538 1.948840 0.799655
v 10.482215 1.487031 0.797929
v 10.803367 1.217331 0.798868
v 8.808581 1.272382 0.793035
v 8.653071 1.185357 0.792580
v 8.768299 1.090346 0.792917
v 8.948424 1.194221 0.793444
v 8.796714 0.830350 0.793000
v 8.514325 0.870373 0.792174
v 8.413562 0.696088 0.791880
v 8.558319 0.646585 0.792303
v 8.845398 0.631284 0.793143
v 11.404404 1.690487 4.406779
v 9.361576 1.690483 4.406779
v 11.404404 1.682680 1.736908
v 9.361576 1.682675 1.736908
v 11.404402 2.550831 4.404263
v 9.361574 2.550827 4.404263
v 11.404402 2.543024 1.734392
v 9.361574 2.543020 1.734392
v 10.382990 1.690485 4.406779
v 10.382990 1.682678 1.736908
v 10.408157 2.543022 1.734392
v 10.298223 2.550829 4.404263
v 11.404404 1.686584 3.071844
v 9.361576 1.686579 3.071843
v 11.404402 2.546928 3.069328
v 9.361574 2.546923 3.069328
v 10.382988 2.546851 3.043941
v 10.382990 1.686581 3.071844
v 11.404404 1.688535 3.739312
v 9.361574 2.548875 3.736795
v 9.361576 1.688531 3.739311
v 11.404402 2.548880 3.736796
v 10.382990 1.688533 3.739311
v 9.361576 1.684627 2.404376
v 11.404402 2.544976 2.401860
v 10.382990 1.684630 2.404376
v 11.404404 1.684632 2.404376
v 9.361574 2.544971 2.401860
v 10.307281 2.544973 2.401860
v 9.872283 1.690484 4.406779
v 9.872283 1.682677 1.736908
v 9.805052 2.543021 1.734392
v 9.872281 2.550828 4.404263
v 9.872283 1.686580 3.071844
v 9.872283 1.688532 3.739311
v 9.796022 2.548876 3.736795
v 9.872283 1.684628 2.404376
v 10.893697 1.682679 1.736908
v 10.893695 2.543023 1.734392
v 10.935999 2.550830 4.404263
v 10.893697 1.690486 4.406779
v 10.893697 1.686582 3.071844
v 10.893695 2.547045 3.109925
v 10.893697 1.688534 3.739311
v 10.893695 2.548878 3.736796
v 11.011241 2.544975 2.401860
v 10.893697 1.684631 2.404376
v 10.919161 2.546597 2.956526
v 10.471510 2.546525 2.932422
v 10.753576 2.546731 3.002692
v 10.805543 2.545226 2.487946
v 10.553828 2.545181 2.472616
v 10.423647 2.545517 2.587639
v 9.806842 2.548599 3.642092
v 10.347139 2.549703 4.019075
v 9.880781 2.548876 3.736795
v 10.382988 2.547583 3.294041
v 10.729854 2.548878 3.736796
v 10.700589 2.547980 3.429704
v 10.504827 2.547679 3.327079
v 10.192752 2.547430 3.242148
v 10.015625 2.547551 3.283374
v 10.657086 2.549622 3.991166
v 9.981332 2.549252 3.865333
v 10.121428 2.549567 3.972703
v 9.872281 2.546367 2.878849
v 9.670406 2.544972 2.401860
v 9.982156 2.544973 2.401860
v 9.869507 2.544892 2.374311
v 9.732533 2.544794 2.340764
v 9.992525 2.546469 2.913611
v 10.065205 2.546161 2.807972
v 10.049768 2.545513 2.586440
v 9.733830 2.546249 2.838575
v 9.620740 2.545116 2.451182
v 9.621272 2.545839 2.698419
v 9.872281 2.546678 2.985046
v 9.840118 2.547747 3.350832
v 10.042779 2.546900 3.060852
v 9.361574 2.548011 3.441285
v 9.474834 2.546923 3.069328
v 9.705818 2.546461 2.910884
v 9.559232 2.546351 2.873578
v 9.462931 2.546701 2.993441
v 9.693470 2.548331 3.550644
v 9.504665 2.547464 3.254105
v 9.463215 2.548875 3.736795
v 9.692341 2.548876 3.736795
v 9.806585 2.549146 3.829256
v 9.866412 2.550678 4.352893
v 10.093351 2.550477 4.284093
v 10.122142 2.550060 4.141325
v 9.945116 2.549557 3.969531
v 9.520114 2.550446 4.274050
v 9.695386 2.550614 4.331161
v 9.499103 2.549687 4.014482
v 9.458168 2.550100 4.155678
v 9.693632 2.548504 3.609830
v 9.477753 2.548538 3.621299
v 11.011173 2.548879 3.736796
v 11.245979 2.548879 3.736796
v 10.908774 2.549574 3.974715
v 10.925904 2.550364 4.244994
v 11.018101 2.549322 3.888358
v 11.308584 2.549083 3.806581
v 11.178081 2.550281 4.216015
v 11.008463 2.548660 3.661926
v 11.131228 2.548505 3.608883
v 10.729030 2.549990 4.117219
v 10.754000 2.550422 4.264793
v 10.927790 2.543589 1.927995
v 10.971059 2.544308 2.173695
v 11.261436 2.544517 2.244884
v 11.267324 2.543783 1.993910
v 11.076130 2.543492 1.894744
v 10.787248 2.544175 2.128421
v 10.833659 2.543651 1.949222
v 10.391001 2.543354 1.847911
v 10.336902 2.544401 2.205868
v 10.047997 2.544181 2.130894
v 10.156961 2.543427 1.873023
v 10.068375 2.543238 1.808696
v 9.952341 2.543416 1.869650
v 10.414148 2.544459 2.225743
v 10.683849 2.543893 2.032020
v 10.628794 2.547411 3.235307
v 10.715819 2.547686 3.329113
v 10.810830 2.547483 3.259606
v 10.706956 2.547165 3.150951
v 11.070826 2.547433 3.242466
v 11.030803 2.547931 3.412807
v 11.205088 2.548110 3.473589
v 11.254591 2.547854 3.386270
v 11.269893 2.547348 3.213099
v 10.382988 2.560901 3.294002
v 10.382988 2.562196 3.736757
v 9.880781 2.562194 3.736757
v 9.474834 2.560242 3.069289
v 9.872281 2.560243 3.069289
v 9.670406 2.558290 2.401821
v 9.872281 2.558291 2.401821
v 9.869507 2.558210 2.374272
v 9.872281 2.559996 2.985008
v 10.471510 2.559844 2.932383
v 10.753576 2.560050 3.002653
v 10.919161 2.559915 2.956487
v 10.805543 2.558545 2.487906
v 10.553828 2.558499 2.472577
v 10.423647 2.558836 2.587600
v 10.347139 2.563021 4.019036
v 10.729854 2.562196 3.736757
v 10.700589 2.561298 3.429666
v 10.504827 2.560998 3.327040
v 9.806842 2.561917 3.642053
v 10.192752 2.560749 3.242110
v 10.015625 2.560869 3.283335
v 10.657086 2.562940 3.991127
v 9.981332 2.562571 3.865294
v 10.121428 2.562885 3.972664
v 9.872281 2.559686 2.878809
v 9.982156 2.558291 2.401821
v 9.732533 2.558112 2.340725
v 9.992525 2.559788 2.913572
v 10.065205 2.559479 2.807933
v 10.049768 2.558831 2.586401
v 9.733830 2.559567 2.838536
v 9.620740 2.558435 2.451143
v 9.621272 2.559158 2.698380
v 9.840118 2.561066 3.350793
v 10.042778 2.560218 3.060813
v 9.705818 2.559779 2.910845
v 9.559232 2.559669 2.873539
v 9.462931 2.560020 2.993402
v 9.361574 2.561329 3.441246
v 9.693470 2.561650 3.550605
v 9.504665 2.560782 3.254066
v 9.463214 2.562193 3.736757
v 9.692341 2.562194 3.736757
v 9.806585 2.562465 3.829217
v 9.866412 2.563996 4.352854
v 10.093351 2.563795 4.284054
v 10.122142 2.563378 4.141286
v 9.945115 2.562875 3.969492
v 9.520114 2.563765 4.274011
v 9.695386 2.563932 4.331122
v 9.499103 2.563006 4.014443
v 9.458168 2.563418 4.155639
v 9.693632 2.561823 3.609791
v 9.477753 2.561856 3.621260
v 11.011173 2.562197 3.736757
v 11.245979 2.562198 3.736757
v 10.908774 2.562892 3.974676
v 10.925904 2.563683 4.244955
v 11.018101 2.562640 3.888319
v 11.308584 2.562402 3.806542
v 11.178081 2.563599 4.215976
v 11.008463 2.561978 3.661887
v 11.131228 2.561823 3.608844
v 10.729030 2.563309 4.117180
v 10.754000 2.563740 4.264754
v 10.927790 2.556908 1.927957
v 10.971059 2.557626 2.173656
v 11.261436 2.557835 2.244845
v 11.267324 2.557101 1.993871
v 11.076130 2.556811 1.894706
v 10.787248 2.557493 2.128382
v 10.833659 2.556970 1.949183
v 10.391001 2.556672 1.847872
v 10.336902 2.557719 2.205829
v 10.047997 2.557499 2.130856
v 10.156961 2.556745 1.872984
v 10.068375 2.556557 1.808657
v 9.952341 2.556735 1.869611
v 10.414148 2.557777 2.225704
v 10.683849 2.557211 2.031981
v 10.628794 2.560730 3.235268
v 10.715819 2.561004 3.329074
v 10.810830 2.560801 3.259567
v 10.706956 2.560483 3.150912
v 11.070826 2.560752 3.242427
v 11.030803 2.561250 3.412768
v 11.205088 2.561428 3.473551
v 11.254591 2.561172 3.386231
v 11.269893 2.560666 3.213060
v 10.129228 1.233938 4.406758
v 12.172054 1.233943 4.406758
v 10.129228 1.226131 1.736887
v 12.172055 1.226135 1.736887
v 10.129226 2.079985 4.404284
v 12.172052 2.079989 4.404284
v 10.129226 2.072177 1.734413
v 12.172053 2.072182 1.734413
v 11.150640 1.233941 4.406758
v 11.150641 1.226133 1.736887
v 11.125470 2.072180 1.734413
v 11.235405 2.079987 4.404284
v 10.129228 1.230035 3.071822
v 12.172055 1.230039 3.071822
v 10.129226 2.076081 3.069348
v 12.172053 2.076086 3.069348
v 11.150640 2.076009 3.043962
v 11.150641 1.230037 3.071822
v 10.129228 1.231987 3.739290
v 12.172053 2.078037 3.736816
v 12.172054 1.231991 3.739290
v 10.129226 2.078033 3.736816
v 11.150641 1.231989 3.739290
v 12.172055 1.228087 2.404355
v 10.129226 2.074129 2.401880
v 11.150641 1.228085 2.404354
v 10.129228 1.228083 2.404354
v 12.172053 2.074134 2.401881
v 11.226346 2.074131 2.401880
v 11.661347 1.233942 4.406758
v 11.661348 1.226135 1.736887
v 11.728576 2.072181 1.734413
v 11.661346 2.079988 4.404284
v 11.661348 1.230038 3.071822
v 11.661348 1.231990 3.739290
v 11.737605 2.078036 3.736816
v 11.661348 1.228086 2.404355
v 10.639935 1.226132 1.736887
v 10.639933 2.072178 1.734413
v 10.597628 2.079986 4.404284
v 10.639935 1.233939 4.406758
v 10.639935 1.230036 3.071822
v 10.639933 2.076201 3.109946
v 10.639935 1.231988 3.739290
v 10.639933 2.078034 3.736816
v 10.522387 2.074130 2.401880
v 10.639935 1.228084 2.404354
v 10.614467 2.075752 2.956546
v 11.062117 2.075682 2.932442
v 10.780051 2.075887 3.002713
v 10.728085 2.074382 2.487966
v 10.979799 2.074338 2.472637
v 11.109980 2.074675 2.587659
v 11.726786 2.077760 3.642113
v 11.186487 2.078861 4.019095
v 11.652845 2.078036 3.736816
v 11.150640 2.076741 3.294061
v 10.803773 2.078034 3.736816
v 10.833038 2.077137 3.429725
v 11.028799 2.076837 3.327099
v 11.340876 2.076589 3.242169
v 11.518003 2.076710 3.283395
v 10.876540 2.078778 3.991186
v 11.552295 2.078412 3.865353
v 11.412199 2.078726 3.972724
v 11.661346 2.075527 2.878869
v 11.863221 2.074133 2.401881
v 11.551472 2.074132 2.401881
v 11.664121 2.074052 2.374332
v 11.801094 2.073954 2.340785
v 11.541101 2.075629 2.913632
v 11.468423 2.075320 2.807993
v 11.483859 2.074672 2.586461
v 11.799797 2.075410 2.838596
v 11.912888 2.074277 2.451202
v 11.912355 2.075000 2.698440
v 11.661346 2.075838 2.985067
v 11.693508 2.076908 3.350852
v 11.490849 2.076059 3.060873
v 12.172053 2.077173 3.441306
v 12.058792 2.076085 3.069348
v 11.827808 2.075621 2.910905
v 11.974396 2.075513 2.873599
v 12.070697 2.075863 2.993462
v 11.840158 2.077492 3.550665
v 12.028962 2.076625 3.254126
v 12.070413 2.078037 3.736816
v 11.841287 2.078036 3.736816
v 11.727041 2.078307 3.829277
v 11.667215 2.079838 4.352913
v 11.440276 2.079636 4.284113
v 11.411485 2.079219 4.141346
v 11.588511 2.078717 3.969552
v 12.013513 2.079608 4.274071
v 11.838242 2.079774 4.331181
v 12.034524 2.078849 4.014503
v 12.075459 2.079262 4.155699
v 11.839994 2.077665 3.609851
v 12.055875 2.077699 3.621320
v 10.522454 2.078034 3.736816
v 10.287648 2.078033 3.736816
v 10.624853 2.078730 3.974735
v 10.607722 2.079520 4.245014
v 10.515527 2.078477 3.888379
v 10.225042 2.078237 3.806601
v 10.355546 2.079435 4.216036
v 10.525164 2.077815 3.661946
v 10.402399 2.077659 3.608903
v 10.804598 2.079147 4.117239
v 10.779627 2.079578 4.264813
v 10.605838 2.072745 1.928016
v 10.562569 2.073463 2.173716
v 10.272191 2.073670 2.244905
v 10.266303 2.072937 1.993931
v 10.457498 2.072647 1.894765
v 10.746380 2.073331 2.128441
v 10.699968 2.072807 1.949243
v 11.142627 2.072511 1.847932
v 11.196726 2.073558 2.205888
v 11.485631 2.073340 2.130915
v 11.376666 2.072586 1.873044
v 11.465253 2.072397 1.808717
v 11.581286 2.072576 1.869671
v 11.119479 2.073616 2.225764
v 10.849778 2.073049 2.032040
v 10.904834 2.076568 3.235327
v 10.817808 2.076842 3.329133
v 10.722797 2.076639 3.259626
v 10.826672 2.076321 3.150971
v 10.462801 2.076588 3.242486
v 10.502825 2.077086 3.412827
v 10.328540 2.077263 3.473610
v 10.279037 2.077008 3.386290
v 10.263735 2.076502 3.213119
v 11.150640 2.089837 3.294023
v 11.150640 2.091132 3.736778
v 11.652845 2.091133 3.736778
v 12.058792 2.089182 3.069310
v 11.661346 2.089181 3.069310
v 11.863221 2.087230 2.401842
v 11.661346 2.087229 2.401842
v 11.664121 2.087149 2.374294
v 11.661346 2.088935 2.985029
v 11.062117 2.088779 2.932404
v 10.780051 2.088984 3.002675
v 10.614467 2.088849 2.956508
v 10.728085 2.087479 2.487928
v 10.979799 2.087435 2.472599
v 11.109980 2.087772 2.587621
v 11.186487 2.091958 4.019057
v 10.803773 2.091131 3.736778
v 10.833038 2.090234 3.429687
v 11.028799 2.089934 3.327061
v 11.726785 2.090856 3.642075
v 11.340876 2.089686 3.242131
v 11.518003 2.089807 3.283357
v 10.876540 2.091875 3.991148
v 11.552295 2.091509 3.865315
v 11.412199 2.091823 3.972686
v 11.661346 2.088624 2.878831
v 11.551471 2.087229 2.401842
v 11.801094 2.087051 2.340747
v 11.541101 2.088726 2.913594
v 11.468423 2.088417 2.807955
v 11.483859 2.087769 2.586423
v 11.799796 2.088507 2.838558
v 11.912888 2.087374 2.451164
v 11.912355 2.088097 2.698401
v 11.693508 2.090004 3.350814
v 11.490849 2.089156 3.060835
v 11.827808 2.088718 2.910866
v 11.974396 2.088610 2.873561
v 12.070697 2.088960 2.993423
v 12.172053 2.090270 3.441267
v 11.840158 2.090589 3.550626
v 12.028962 2.089723 3.254088
v 12.070413 2.091134 3.736778
v 11.841286 2.091134 3.736778
v 11.727041 2.091404 3.829238
v 11.667215 2.092935 4.352875
v 11.440276 2.092733 4.284075
v 11.411485 2.092316 4.141307
v 11.588511 2.091814 3.969513
v 12.013513 2.092705 4.274032
v 11.838242 2.092871 4.331143
v 12.034524 2.091946 4.014465
v 12.075459 2.092359 4.155661
v 11.839994 2.090762 3.609813
v 12.055875 2.090796 3.621281
v 10.522454 2.091130 3.736778
v 10.287648 2.091130 3.736778
v 10.624853 2.091827 3.974697
v 10.607722 2.092617 4.244976
v 10.515527 2.091574 3.888340
v 10.225042 2.091334 3.806563
v 10.355546 2.092531 4.215997
v 10.525164 2.090912 3.661908
v 10.402399 2.090756 3.608865
v 10.804598 2.092244 4.117201
v 10.779627 2.092675 4.264775
v 10.605838 2.085841 1.927978
v 10.562568 2.086560 2.173677
v 10.272191 2.086767 2.244866
v 10.266303 2.086034 1.993892
v 10.457498 2.085744 1.894727
v 10.746380 2.086428 2.128403
v 10.699968 2.085904 1.949205
v 11.142627 2.085608 1.847893
v 11.196726 2.086656 2.205850
v 11.485631 2.086437 2.130877
v 11.376666 2.085682 1.873005
v 11.465253 2.085495 1.808678
v 11.581286 2.085673 1.869632
v 11.119479 2.086713 2.225726
v 10.849778 2.086146 2.032002
v 10.904834 2.089665 3.235289
v 10.817808 2.089939 3.329095
v 10.722797 2.089736 3.259588
v 10.826672 2.089418 3.150933
v 10.462801 2.089685 3.242448
v 10.502825 2.090183 3.412789
v 10.328540 2.090360 3.473572
v 10.279037 2.090105 3.386252
v 10.263735 2.089599 3.213081
v 12.973333 0.456533 4.406783
v 10.930506 0.456529 4.406783
v 12.973333 0.448726 1.736911
v 10.930507 0.448721 1.736911
v 12.973331 1.316878 4.404267
v 10.930504 1.316873 4.404267
v 12.973331 1.309070 1.734396
v 10.930505 1.309066 1.734395
v 11.951920 0.456531 4.406783
v 11.951920 0.448724 1.736911
v 11.977087 1.309068 1.734395
v 11.867152 1.316875 4.404267
v 12.973333 0.452630 3.071847
v 10.930506 0.452625 3.071847
v 12.973331 1.312974 3.069331
v 10.930504 1.312969 3.069331
v 11.951918 1.312897 3.043944
v 11.951920 0.452627 3.071847
v 12.973333 0.454581 3.739315
v 10.930504 1.314921 3.736799
v 10.930506 0.454576 3.739315
v 12.973331 1.314925 3.736799
v 11.951920 0.454579 3.739315
v 10.930506 0.450673 2.404379
v 12.973331 1.311022 2.401864
v 11.951920 0.450676 2.404379
v 12.973333 0.450678 2.404379
v 10.930504 1.311018 2.401863
v 11.876211 1.311020 2.401863
v 11.441213 0.456530 4.406783
v 11.441213 0.448723 1.736911
v 11.373981 1.309067 1.734395
v 11.441211 1.316874 4.404267
v 11.441213 0.452626 3.071847
v 11.441213 0.454578 3.739315
v 11.364952 1.314922 3.736799
v 11.441213 0.450675 2.404379
v 12.462626 0.448725 1.736911
v 12.462625 1.309069 1.734396
v 12.504929 1.316876 4.404267
v 12.462626 0.456532 4.406783
v 12.462626 0.452629 3.071847
v 12.462625 1.313092 3.109929
v 12.462626 0.454580 3.739315
v 12.462625 1.314924 3.736799
v 12.580171 1.311021 2.401863
v 12.462626 0.450677 2.404379
v 12.488091 1.312643 2.956529
v 12.040441 1.312571 2.932425
v 12.322506 1.312778 3.002696
v 12.374473 1.311272 2.487949
v 12.122758 1.311227 2.472620
v 11.992578 1.311563 2.587642
v 11.375772 1.314645 3.642096
v 11.916069 1.315749 4.019079
v 11.449712 1.314922 3.736799
v 11.951918 1.313629 3.294044
v 12.298784 1.314924 3.736799
v 12.269519 1.314026 3.429708
v 12.073757 1.313725 3.327082
v 11.761682 1.313477 3.242152
v 11.584555 1.313597 3.283378
v 12.226017 1.315668 3.991169
v 11.550262 1.315298 3.865336
v 11.690358 1.315613 3.972707
v 11.441211 1.312414 2.878852
v 11.239336 1.311018 2.401863
v 11.551086 1.311019 2.401863
v 11.438437 1.310938 2.374315
v 11.301463 1.310840 2.340768
v 11.561456 1.312515 2.913615
v 11.634134 1.312207 2.807976
v 11.618698 1.311559 2.586444
v 11.302761 1.312295 2.838579
v 11.189670 1.311162 2.451185
v 11.190202 1.311885 2.698422
v 11.441211 1.312724 2.985050
v 11.409049 1.313793 3.350835
v 11.611709 1.312946 3.060856
v 10.930504 1.314057 3.441288
v 11.043764 1.312970 3.069331
v 11.274749 1.312507 2.910887
v 11.128161 1.312397 2.873582
v 11.031860 1.312747 2.993444
v 11.262400 1.314377 3.550647
v 11.073595 1.313510 3.254109
v 11.032145 1.314921 3.736799
v 11.261271 1.314922 3.736799
v 11.375516 1.315192 3.829259
v 11.435342 1.316724 4.352897
v 11.662281 1.316523 4.284096
v 11.691072 1.316106 4.141328
v 11.514046 1.315603 3.969535
v 11.089044 1.316492 4.274054
v 11.264316 1.316660 4.331164
v 11.068033 1.315733 4.014486
v 11.027098 1.316146 4.155682
v 11.262563 1.314550 3.609834
v 11.046682 1.314584 3.621302
v 12.580103 1.314925 3.736799
v 12.814909 1.314925 3.736799
v 12.477704 1.315620 3.974719
v 12.494834 1.316411 4.244998
v 12.587030 1.315368 3.888362
v 12.877514 1.315130 3.806584
v 12.747010 1.316327 4.216019
v 12.577394 1.314706 3.661929
v 12.700158 1.314551 3.608886
v 12.297959 1.316036 4.117222
v 12.322929 1.316468 4.264796
v 12.496719 1.309635 1.927999
v 12.539989 1.310354 2.173699
v 12.830366 1.310563 2.244887
v 12.836254 1.309829 1.993914
v 12.645061 1.309538 1.894748
v 12.356177 1.310221 2.128424
v 12.402589 1.309697 1.949226
v 11.959930 1.309400 1.847914
v 11.905832 1.310447 2.205871
v 11.616926 1.310227 2.130898
v 11.725891 1.309473 1.873026
v 11.637304 1.309284 1.808699
v 11.521271 1.309462 1.869653
v 11.983078 1.310505 2.225747
v 12.252779 1.309939 2.032023
v 12.197723 1.313457 3.235310
v 12.284749 1.313732 3.329116
v 12.379760 1.313529 3.259609
v 12.275886 1.313211 3.150955
v 12.639756 1.313480 3.242469
v 12.599732 1.313977 3.412811
v 12.774017 1.314156 3.473593
v 12.823521 1.313900 3.386273
v 12.838823 1.313394 3.213102
v 11.951918 1.326947 3.294005
v 11.951918 1.328242 3.736760
v 11.449712 1.328240 3.736760
v 11.043764 1.326288 3.069292
v 11.441211 1.326289 3.069292
v 11.239336 1.324337 2.401824
v 11.441211 1.324337 2.401824
v 11.438437 1.324256 2.374276
v 11.441211 1.326042 2.985011
v 12.040441 1.325890 2.932386
v 12.322506 1.326096 3.002657
v 12.488091 1.325961 2.956490
v 12.374473 1.324591 2.487910
v 12.122758 1.324546 2.472581
v 11.992578 1.324882 2.587604
v 11.916069 1.329067 4.019040
v 12.298784 1.328242 3.736760
v 12.269519 1.327344 3.429669
v 12.073757 1.327044 3.327044
v 11.375772 1.327964 3.642057
v 11.761682 1.326795 3.242113
v 11.584555 1.326915 3.283339
v 12.226017 1.328986 3.991130
v 11.550262 1.328617 3.865297
v 11.690358 1.328931 3.972668
v 11.441211 1.325732 2.878813
v 11.551086 1.324337 2.401824
v 11.301463 1.324158 2.340729
v 11.561456 1.325834 2.913576
v 11.634134 1.325525 2.807937
v 11.618698 1.324877 2.586405
v 11.302761 1.325613 2.838540
v 11.189670 1.324481 2.451146
v 11.190202 1.325204 2.698383
v 11.409049 1.327112 3.350796
v 11.611709 1.326264 3.060817
v 11.274749 1.325825 2.910849
v 11.128161 1.325716 2.873543
v 11.031860 1.326066 2.993406
v 10.930504 1.327375 3.441249
v 11.262400 1.327696 3.550609
v 11.073595 1.326828 3.254070
v 11.032145 1.328239 3.736760
v 11.261271 1.328240 3.736760
v 11.375516 1.328511 3.829221
v 11.435342 1.330042 4.352858
v 11.662281 1.329842 4.284057
v 11.691072 1.329424 4.141289
v 11.514046 1.328922 3.969496
v 11.089044 1.329811 4.274014
v 11.264316 1.329978 4.331125
v 11.068033 1.329052 4.014447
v 11.027098 1.329464 4.155643
v 11.262563 1.327869 3.609795
v 11.046682 1.327902 3.621264
v 12.580103 1.328243 3.736760
v 12.814909 1.328243 3.736760
v 12.477704 1.328938 3.974679
v 12.494834 1.329729 4.244958
v 12.587030 1.328686 3.888323
v 12.877514 1.328448 3.806545
v 12.747010 1.329645 4.215980
v 12.577393 1.328024 3.661890
v 12.700158 1.327869 3.608848
v 12.297959 1.329355 4.117184
v 12.322929 1.329787 4.264757
v 12.496719 1.322953 1.927960
v 12.539989 1.323672 2.173660
v 12.830366 1.323881 2.244848
v 12.836254 1.323147 1.993875
v 12.645060 1.322857 1.894709
v 12.356177 1.323539 2.128385
v 12.402589 1.323016 1.949187
v 11.959930 1.322718 1.847876
v 11.905832 1.323765 2.205832
v 11.616926 1.323545 2.130859
v 11.725891 1.322791 1.872987
v 11.637304 1.322603 1.808660
v 11.521271 1.322781 1.869614
v 11.983078 1.323823 2.225708
v 12.252779 1.323257 2.031984
v 12.197723 1.326776 3.235271
v 12.284749 1.327050 3.329077
v 12.379760 1.326847 3.259571
v 12.275886 1.326529 3.150916
v 12.639756 1.326798 3.242430
v 12.599732 1.327296 3.412772
v 12.774017 1.327474 3.473554
v 12.823521 1.327219 3.386234
v 12.838823 1.326712 3.213064
v 6.339780 6.457362 5.671523
v 6.339789 2.140589 4.954990
v 10.681670 6.457371 5.671524
v 10.681679 2.140598 4.954990
v 6.339780 6.522043 5.281849
v 6.339789 2.205270 4.565316
v 10.681670 6.522052 5.281849
v 10.681679 2.205279 4.565316
v 6.339781 6.457362 0.526817
v 6.339789 2.140589 1.243351
v 10.681671 6.457371 0.526818
v 10.681680 2.140598 1.243352
v 6.339781 6.522043 0.916492
v 6.339789 2.205270 1.633025
v 10.681670 6.522052 0.916492
v 10.681679 2.205279 1.633026
v -2.622271 0.493203 -2.101378
v -2.622276 3.230516 -2.101378
v -2.607007 0.493204 3.119081
v -2.607013 3.230517 3.119081
v -3.775104 0.493201 -2.098007
v -3.775109 3.230514 -2.098008
v -3.759839 0.493201 3.122452
v -3.759845 3.230514 3.122452
v -2.622273 1.861860 -2.101378
v -2.607010 1.861860 3.119081
v -3.759842 1.828131 3.122452
v -3.775106 1.975440 -2.098008
v -2.614638 0.493204 0.508851
v -2.614645 3.230516 0.508851
v -3.767470 0.493201 0.512222
v -3.767477 3.230514 0.512222
v -3.767329 1.861858 0.561861
v -2.614642 1.861860 0.508851
v -2.618454 0.493203 -0.796264
v -3.771294 3.230514 -0.792893
v -2.618461 3.230516 -0.796264
v -3.771287 0.493201 -0.792892
v -2.618457 1.861860 -0.796264
v -2.610829 3.230517 1.813966
v -3.763655 0.493201 1.817337
v -2.610826 1.861860 1.813966
v -2.610823 0.493203 1.813966
v -3.763661 3.230514 1.817337
v -3.763659 1.963302 1.817337
v -2.622275 2.546188 -2.101378
v -2.607011 2.546188 3.119081
v -3.759844 2.636271 3.122452
v -3.775108 2.546186 -2.098008
v -2.614643 2.546188 0.508851
v -2.618459 2.546188 -0.796264
v -3.771292 2.648370 -0.792893
v -2.610827 2.546188 1.813966
v -2.607008 1.177532 3.119081
v -3.759840 1.177529 3.122452
v -3.775105 1.120843 -2.098008
v -2.622272 1.177532 -2.101378
v -2.614640 1.177532 0.508851
v -3.767705 1.177529 0.432841
v -2.618456 1.177532 -0.796264
v -3.771289 1.177529 -0.792892
v -3.763657 1.020022 1.817337
v -2.610825 1.177532 1.813966
v -3.766828 1.143406 0.732787
v -3.766691 1.743241 0.779917
v -3.767092 1.365283 0.642516
v -3.764149 1.295649 1.649012
v -3.764061 1.632938 1.678986
v -3.764721 1.807375 1.454079
v -3.770749 2.633872 -0.607718
v -3.772903 1.909893 -1.344841
v -3.771292 2.534795 -0.792893
v -3.768759 1.861857 0.072836
v -3.771289 1.397070 -0.792893
v -3.769533 1.436284 -0.192430
v -3.768947 1.698596 0.008235
v -3.768462 2.116767 0.174302
v -3.768699 2.354110 0.093692
v -3.772743 1.494575 -1.290268
v -3.772026 2.400061 -1.044224
v -3.772639 2.212337 -1.254169
v -3.766386 2.546185 0.884670
v -3.763660 2.816691 1.817337
v -3.763659 2.398957 1.817337
v -3.763501 2.549904 1.871204
v -3.763310 2.733443 1.936798
v -3.766585 2.385063 0.816698
v -3.765981 2.287676 1.023256
v -3.764714 2.308360 1.456423
v -3.766157 2.731704 0.963418
v -3.763942 2.883242 1.720897
v -3.765356 2.882529 1.237468
v -3.766994 2.546186 0.677019
v -3.769085 2.589282 -0.038209
v -3.767426 2.317725 0.528794
v -3.769604 3.230514 -0.215074
v -3.767476 3.078749 0.512222
v -3.766570 2.769239 0.822030
v -3.766356 2.965661 0.894975
v -3.767042 3.094700 0.660605
v -3.770228 2.785786 -0.428906
v -3.768533 3.038777 0.150922
v -3.771293 3.094320 -0.792893
v -3.771293 2.787299 -0.792893
v -3.771820 2.634215 -0.973683
v -3.774815 2.554050 -1.997561
v -3.774420 2.249960 -1.863035
v -3.773603 2.211381 -1.583879
v -3.772622 2.448590 -1.247966
v -3.774364 3.018076 -1.843398
v -3.774690 2.783219 -1.955069
v -3.772881 3.046231 -1.335860
v -3.773687 3.101081 -1.611944
v -3.770566 2.785568 -0.544635
v -3.770632 3.074839 -0.567060
v -3.771288 1.020113 -0.792893
v -3.771288 0.705481 -0.792893
v -3.772649 1.157323 -1.258101
v -3.774195 1.134369 -1.786584
v -3.772154 1.010829 -1.089246
v -3.771686 0.621592 -0.929345
v -3.774028 0.796462 -1.729922
v -3.770860 1.023744 -0.646498
v -3.770556 0.859243 -0.542782
v -3.773464 1.398174 -1.536743
v -3.774307 1.364715 -1.825297
v -3.760947 1.131843 2.743894
v -3.762351 1.073864 2.263472
v -3.762757 0.684769 2.124276
v -3.761322 0.676879 2.615010
v -3.760756 0.933072 2.808911
v -3.762093 1.320164 2.351998
v -3.761068 1.257976 2.702390
v -3.760490 1.851120 2.900485
v -3.762538 1.923611 2.200564
v -3.762110 2.310733 2.347162
v -3.760635 2.164725 2.851384
v -3.760267 2.283428 2.977163
v -3.760616 2.438909 2.857979
v -3.762651 1.820103 2.161701
v -3.761542 1.458714 2.540493
v -3.768422 1.532487 0.187680
v -3.768957 1.415876 0.004258
v -3.768560 1.288565 0.140167
v -3.767939 1.427752 0.352622
v -3.768461 0.940180 0.173682
v -3.769435 0.993810 -0.159390
v -3.769783 0.760274 -0.278240
v -3.769283 0.693942 -0.107502
v -3.768294 0.673438 0.231103
v -3.786605 1.861857 0.072888
v -3.789136 1.861857 -0.792840
v -3.789138 2.534795 -0.792840
v -3.785322 3.078750 0.512274
v -3.785321 2.546185 0.512274
v -3.781506 2.816691 1.817389
v -3.781505 2.546186 1.817389
v -3.781348 2.549904 1.871256
v -3.784840 2.546186 0.677071
v -3.784537 1.743241 0.779969
v -3.784938 1.365283 0.642568
v -3.784674 1.143406 0.732839
v -3.781995 1.295649 1.649064
v -3.781908 1.632938 1.679038
v -3.782566 1.807375 1.454131
v -3.790750 1.909893 -1.344788
v -3.789135 1.397070 -0.792840
v -3.787379 1.436284 -0.192379
v -3.786794 1.698596 0.008287
v -3.788596 2.633872 -0.607665
v -3.786308 2.116767 0.174354
v -3.786546 2.354110 0.093744
v -3.790589 1.494575 -1.290216
v -3.789872 2.400061 -1.044172
v -3.790486 2.212337 -1.254117
v -3.784232 2.546185 0.884723
v -3.781505 2.398957 1.817389
v -3.781157 2.733443 1.936851
v -3.784431 2.385063 0.816750
v -3.783828 2.287675 1.023308
v -3.782560 2.308360 1.456475
v -3.784003 2.731704 0.963470
v -3.781788 2.883242 1.720949
v -3.783202 2.882529 1.237521
v -3.786930 2.589282 -0.038157
v -3.785273 2.317725 0.528846
v -3.784417 2.769239 0.822083
v -3.784203 2.965661 0.895027
v -3.784888 3.094700 0.660657
v -3.787450 3.230514 -0.215022
v -3.788074 2.785786 -0.428854
v -3.786378 3.038777 0.150974
v -3.789139 3.094320 -0.792840
v -3.789139 2.787299 -0.792841
v -3.789666 2.634215 -0.973631
v -3.792661 2.554050 -1.997510
v -3.792266 2.249960 -1.862984
v -3.791450 2.211381 -1.583826
v -3.790468 2.448590 -1.247914
v -3.792210 3.018076 -1.843346
v -3.792536 2.783219 -1.955016
v -3.790727 3.046231 -1.335808
v -3.791533 3.101081 -1.611891
v -3.788412 2.785568 -0.544582
v -3.788478 3.074840 -0.567008
v -3.789134 1.020112 -0.792840
v -3.789134 0.705481 -0.792840
v -3.790495 1.157323 -1.258050
v -3.792041 1.134369 -1.786531
v -3.790001 1.010830 -1.089194
v -3.789532 0.621592 -0.929293
v -3.791874 0.796462 -1.729870
v -3.788706 1.023743 -0.646446
v -3.788403 0.859243 -0.542730
v -3.791310 1.398174 -1.536691
v -3.792153 1.364715 -1.825246
v -3.778793 1.131843 2.743947
v -3.780197 1.073864 2.263524
v -3.780604 0.684769 2.124328
v -3.779169 0.676880 2.615062
v -3.778603 0.933073 2.808963
v -3.779939 1.320164 2.352051
v -3.778913 1.257975 2.702442
v -3.778337 1.851120 2.900537
v -3.780384 1.923611 2.200617
v -3.779956 2.310733 2.347214
v -3.778481 2.164725 2.851436
v -3.778113 2.283428 2.977216
v -3.778461 2.438908 2.858031
v -3.780498 1.820103 2.161753
v -3.779388 1.458714 2.540546
v -3.786268 1.532487 0.187732
v -3.786803 1.415876 0.004311
v -3.786407 1.288565 0.140219
v -3.785786 1.427752 0.352674
v -3.786307 0.940180 0.173734
v -3.787282 0.993810 -0.159338
v -3.787629 0.760275 -0.278187
v -3.787130 0.693941 -0.107449
v -3.786139 0.673437 0.231155
v -2.607007 0.493204 3.119081
v -2.607013 3.230517 3.119081
v -2.591742 0.493203 8.339541
v -2.591748 3.230517 8.339540
v -3.759839 0.493201 3.122452
v -3.759845 3.230514 3.122452
v -3.744574 0.493201 8.342913
v -3.744580 3.230514 8.342911
v -2.607010 1.861860 3.119081
v -2.591744 1.861860 8.339540
v -3.744576 1.828132 8.342912
v -3.759842 1.975440 3.122452
v -2.599375 0.493204 5.729311
v -2.599380 3.230517 5.729311
v -3.752206 0.493201 5.732682
v -3.752212 3.230514 5.732681
v -3.752064 1.861858 5.782321
v -2.599378 1.861860 5.729311
v -2.603191 0.493204 4.424196
v -3.756028 3.230514 4.427567
v -2.603196 3.230517 4.424196
v -3.756022 0.493201 4.427567
v -2.603194 1.861860 4.424196
v -2.595565 3.230517 7.034425
v -3.748390 0.493201 7.037796
v -2.595561 1.861860 7.034426
v -2.595558 0.493204 7.034426
v -3.748397 3.230514 7.037796
v -3.748394 1.963302 7.037796
v -2.607011 2.546188 3.119081
v -2.591746 2.546189 8.339540
v -3.744578 2.636271 8.342911
v -3.759843 2.546186 3.122452
v -2.599380 2.546188 5.729311
v -2.603195 2.546188 4.424196
v -3.756027 2.648370 4.427567
v -2.595563 2.546189 7.034426
v -2.591743 1.177532 8.339540
v -3.744576 1.177529 8.342912
v -3.759840 1.120843 3.122452
v -2.607008 1.177532 3.119081
v -2.599377 1.177532 5.729311
v -3.752440 1.177530 5.653300
v -2.603192 1.177532 4.424196
v -3.756023 1.177529 4.427567
v -3.748391 1.020022 7.037796
v -2.595560 1.177532 7.034426
v -3.751562 1.143406 5.953247
v -3.751427 1.743241 6.000377
v -3.751827 1.365283 5.862975
v -3.748884 1.295650 6.869472
v -3.748797 1.632938 6.899445
v -3.749455 1.807376 6.674539
v -3.755486 2.633872 4.612742
v -3.757640 1.909893 3.875619
v -3.756027 2.534795 4.427567
v -3.753494 1.861858 5.293295
v -3.756024 1.397070 4.427567
v -3.754269 1.436284 5.028028
v -3.753683 1.698597 5.228695
v -3.753198 2.116767 5.394761
v -3.753434 2.354110 5.314151
v -3.757479 1.494575 3.930191
v -3.756762 2.400061 4.176236
v -3.757376 2.212337 3.966291
v -3.751122 2.546186 6.105130
v -3.748396 2.816691 7.037796
v -3.748395 2.398958 7.037796
v -3.748238 2.549904 7.091662
v -3.748045 2.733443 7.157258
v -3.751320 2.385063 6.037157
v -3.750716 2.287676 6.243715
v -3.749450 2.308360 6.676882
v -3.750892 2.731704 6.183877
v -3.748678 2.883242 6.941357
v -3.750092 2.882529 6.457928
v -3.751729 2.546186 5.897479
v -3.753820 2.589282 5.182250
v -3.752162 2.317726 5.749253
v -3.754339 3.230514 5.005385
v -3.752212 3.078750 5.732681
v -3.751306 2.769239 6.042489
v -3.751093 2.965661 6.115435
v -3.751779 3.094701 5.881064
v -3.754963 2.785786 4.791553
v -3.753269 3.038777 5.371381
v -3.756028 3.094320 4.427567
v -3.756027 2.787299 4.427567
v -3.756557 2.634215 4.246777
v -3.759549 2.554050 3.222897
v -3.759155 2.249960 3.357424
v -3.758340 2.211381 3.636581
v -3.757358 2.448590 3.972493
v -3.759100 3.018076 3.377061
v -3.759426 2.783219 3.265391
v -3.757616 3.046231 3.884599
v -3.758423 3.101082 3.608515
v -3.755301 2.785568 4.675825
v -3.755368 3.074840 4.653400
v -3.756023 1.020113 4.427567
v -3.756022 0.705481 4.427567
v -3.757383 1.157323 3.962358
v -3.758929 1.134370 3.433876
v -3.756890 1.010830 4.131213
v -3.756421 0.621593 4.291114
v -3.758763 0.796462 3.490537
v -3.755595 1.023743 4.573962
v -3.755292 0.859243 4.677677
v -3.758200 1.398175 3.683716
v -3.759043 1.364715 3.395162
v -3.745683 1.131844 7.964355
v -3.747087 1.073864 7.483932
v -3.747494 0.684769 7.344735
v -3.746058 0.676880 7.835470
v -3.745491 0.933073 8.029370
v -3.746829 1.320165 7.572458
v -3.745804 1.257976 7.922849
v -3.745225 1.851121 8.120944
v -3.747272 1.923611 7.421024
v -3.746844 2.310734 7.567621
v -3.745370 2.164725 8.071842
v -3.745003 2.283428 8.197622
v -3.745352 2.438909 8.078439
v -3.747386 1.820104 7.382161
v -3.746277 1.458715 7.760953
v -3.753158 1.532487 5.408139
v -3.753694 1.415876 5.224718
v -3.753296 1.288565 5.360626
v -3.752675 1.427753 5.573082
v -3.753198 0.940180 5.394141
v -3.754171 0.993810 5.061069
v -3.754518 0.760275 4.942220
v -3.754019 0.693941 5.112958
v -3.753029 0.673438 5.451563
v -3.771340 1.861858 5.293348
v -3.773871 1.861857 4.427619
v -3.773873 2.534795 4.427619
v -3.770058 3.078750 5.732734
v -3.770057 2.546186 5.732734
v -3.766242 2.816691 7.037848
v -3.766241 2.546186 7.037848
v -3.766084 2.549904 7.091714
v -3.769575 2.546186 5.897531
v -3.769273 1.743241 6.000430
v -3.769673 1.365283 5.863028
v -3.769409 1.143406 5.953299
v -3.766730 1.295649 6.869524
v -3.766644 1.632938 6.899497
v -3.767301 1.807375 6.674591
v -3.775485 1.909893 3.875672
v -3.773870 1.397070 4.427619
v -3.772115 1.436284 5.028081
v -3.771529 1.698597 5.228747
v -3.773332 2.633872 4.612794
v -3.771044 2.116767 5.394813
v -3.771280 2.354110 5.314204
v -3.775325 1.494575 3.930243
v -3.774608 2.400061 4.176288
v -3.775222 2.212337 3.966343
v -3.768968 2.546186 6.105183
v -3.766241 2.398957 7.037848
v -3.765892 2.733443 7.157310
v -3.769166 2.385063 6.037210
v -3.768562 2.287676 6.243768
v -3.767296 2.308360 6.676934
v -3.768738 2.731704 6.183929
v -3.766524 2.883242 6.941409
v -3.767938 2.882529 6.457980
v -3.771667 2.589282 5.182302
v -3.770008 2.317725 5.749306
v -3.769152 2.769239 6.042542
v -3.768939 2.965661 6.115487
v -3.769625 3.094701 5.881116
v -3.772185 3.230514 5.005437
v -3.772810 2.785786 4.791605
v -3.771115 3.038777 5.371434
v -3.773874 3.094320 4.427619
v -3.773873 2.787299 4.427619
v -3.774403 2.634215 4.246829
v -3.777395 2.554050 3.222950
v -3.777001 2.249960 3.357477
v -3.776186 2.211381 3.636633
v -3.775204 2.448590 3.972546
v -3.776946 3.018076 3.377113
v -3.777272 2.783219 3.265443
v -3.775462 3.046231 3.884652
v -3.776270 3.101081 3.608568
v -3.773148 2.785568 4.675877
v -3.773213 3.074840 4.653452
v -3.773870 1.020113 4.427619
v -3.773869 0.705481 4.427619
v -3.775230 1.157323 3.962410
v -3.776775 1.134369 3.433928
v -3.774736 1.010830 4.131265
v -3.774267 0.621592 4.291167
v -3.776609 0.796463 3.490590
v -3.773441 1.023744 4.574014
v -3.773138 0.859243 4.677730
v -3.776046 1.398175 3.683769
v -3.776890 1.364715 3.395214
v -3.763529 1.131843 7.964406
v -3.764933 1.073864 7.483984
v -3.765340 0.684769 7.344788
v -3.763905 0.676880 7.835522
v -3.763338 0.933073 8.029423
v -3.764675 1.320165 7.572510
v -3.763651 1.257976 7.922901
v -3.763072 1.851120 8.120996
v -3.765119 1.923611 7.421077
v -3.764690 2.310734 7.567674
v -3.763216 2.164726 8.071896
v -3.762849 2.283428 8.197675
v -3.763199 2.438909 8.078491
v -3.765232 1.820104 7.382214
v -3.764124 1.458714 7.761005
v -3.771004 1.532487 5.408191
v -3.771540 1.415876 5.224770
v -3.771142 1.288565 5.360679
v -3.770521 1.427752 5.573134
v -3.771043 0.940180 5.394193
v -3.772017 0.993810 5.061121
v -3.772364 0.760274 4.942272
v -3.771865 0.693942 5.113010
v -3.770875 0.673438 5.451615
v 7.624161 3.230539 -2.101377
v 7.624166 0.493226 -2.101377
v 7.639425 3.230540 3.119081
v 7.639432 0.493226 3.119082
v 6.471329 3.230537 -2.098008
v 6.471334 0.493224 -2.098007
v 6.486593 3.230537 3.122452
v 6.486599 0.493224 3.122452
v 7.624164 1.861883 -2.101377
v 7.639429 1.861883 3.119082
v 6.486596 1.895607 3.122452
v 6.471332 1.748298 -2.098007
v 7.631793 3.230540 0.508852
v 7.631799 0.493226 0.508852
v 6.478961 3.230537 0.512223
v 6.478967 0.493224 0.512223
v 6.479109 1.861880 0.561862
v 7.631796 1.861883 0.508852
v 7.627977 3.230539 -0.796263
v 6.475152 0.493223 -0.792892
v 7.627983 0.493226 -0.796263
v 6.475145 3.230537 -0.792892
v 7.627980 1.861883 -0.796263
v 7.635615 0.493226 1.813967
v 6.482777 3.230537 1.817338
v 7.635612 1.861883 1.813967
v 7.635609 3.230540 1.813967
v 6.482783 0.493224 1.817338
v 6.482780 1.760436 1.817338
v 7.624166 1.177555 -2.101377
v 7.639430 1.177555 3.119082
v 6.486598 1.087467 3.122452
v 6.471333 1.177552 -2.098007
v 7.631797 1.177555 0.508852
v 7.627981 1.177555 -0.796263
v 6.475150 1.075368 -0.792892
v 7.635614 1.177555 1.813967
v 7.639427 2.546211 3.119082
v 6.486595 2.546209 3.122452
v 6.471330 2.602895 -2.098007
v 7.624163 2.546211 -2.101377
v 7.631794 2.546211 0.508852
v 6.478731 2.546208 0.432842
v 7.627978 2.546211 -0.796263
v 6.475147 2.546208 -0.792892
v 6.482779 2.703715 1.817338
v 7.635611 2.546211 1.813967
v 6.479608 2.580332 0.732788
v 6.479746 1.980497 0.779918
v 6.479344 2.358454 0.642516
v 6.482287 2.428089 1.649012
v 6.482376 2.090800 1.678986
v 6.481718 1.916363 1.454080
v 6.475691 1.089866 -0.607717
v 6.473535 1.813845 -1.344840
v 6.475150 1.188942 -0.792892
v 6.477680 1.861880 0.072836
v 6.475147 2.326668 -0.792892
v 6.476903 2.287454 -0.192430
v 6.477490 2.025141 0.008236
v 6.477977 1.606971 0.174302
v 6.477741 1.369627 0.093692
v 6.473693 2.229163 -1.290267
v 6.474415 1.323677 -1.044223
v 6.473800 1.511400 -1.254168
v 6.480055 1.177552 0.884671
v 6.482782 0.907047 1.817338
v 6.482781 1.324780 1.817338
v 6.482939 1.173834 1.871204
v 6.483132 0.990295 1.936799
v 6.479856 1.338675 0.816699
v 6.480459 1.436062 1.023257
v 6.481726 1.415378 1.456423
v 6.480286 0.992033 0.963418
v 6.482501 0.840496 1.720897
v 6.481087 0.841209 1.237469
v 6.479448 1.177552 0.677020
v 6.477357 1.134456 -0.038209
v 6.479014 1.406012 0.528795
v 6.476841 0.493224 -0.215074
v 6.478967 0.644988 0.512223
v 6.479872 0.954499 0.822031
v 6.480086 0.758077 0.894976
v 6.479401 0.629037 0.660606
v 6.476215 0.937951 -0.428906
v 6.477911 0.684960 0.150923
v 6.475151 0.629418 -0.792892
v 6.475151 0.936439 -0.792892
v 6.474621 1.089523 -0.973682
v 6.471627 1.169688 -1.997562
v 6.472020 1.473778 -1.863034
v 6.472836 1.512357 -1.583878
v 6.473819 1.275148 -1.247965
v 6.472079 0.705661 -1.843398
v 6.471752 0.940519 -1.955068
v 6.473563 0.677507 -1.335860
v 6.472755 0.622656 -1.611943
v 6.475876 0.938169 -0.544634
v 6.475811 0.648898 -0.567059
v 6.475146 2.703625 -0.792892
v 6.475146 3.018257 -0.792892
v 6.473786 2.566414 -1.258101
v 6.472241 2.589368 -1.786583
v 6.474279 2.712908 -1.089246
v 6.474746 3.102145 -0.929344
v 6.472405 2.927276 -1.729921
v 6.475574 2.699994 -0.646498
v 6.475877 2.864494 -0.542782
v 6.472971 2.325563 -1.536743
v 6.472128 2.359023 -1.825297
v 6.485488 2.591895 2.743895
v 6.484083 2.649874 2.263473
v 6.483675 3.038969 2.124276
v 6.485110 3.046858 2.615011
v 6.485678 2.790665 2.808912
v 6.484343 2.403574 2.351999
v 6.485367 2.465763 2.702390
v 6.485948 1.872617 2.900486
v 6.483901 1.800127 2.200565
v 6.484331 1.413004 2.347162
v 6.485805 1.559013 2.851385
v 6.486173 1.440310 2.977164
v 6.485825 1.284829 2.857980
v 6.483787 1.903634 2.161702
v 6.484894 2.265023 2.540494
v 6.478014 2.191251 0.187680
v 6.477478 2.307862 0.004259
v 6.477875 2.435173 0.140167
v 6.478497 2.295985 0.352623
v 6.477973 2.783558 0.173682
v 6.476998 2.729928 -0.159390
v 6.476651 2.963463 -0.278239
v 6.477150 3.029796 -0.107501
v 6.478139 3.050300 0.231104
v 6.459834 1.861880 0.072889
v 6.457302 1.861880 -0.792840
v 6.457303 1.188942 -0.792840
v 6.461121 0.644988 0.512275
v 6.461120 1.177552 0.512275
v 6.464936 0.907047 1.817390
v 6.464936 1.177552 1.817390
v 6.465094 1.173834 1.871256
v 6.461601 1.177552 0.677072
v 6.461901 1.980497 0.779970
v 6.461498 2.358455 0.642568
v 6.461761 2.580332 0.732840
v 6.464441 2.428089 1.649065
v 6.464530 2.090800 1.679038
v 6.463871 1.916363 1.454132
v 6.455688 1.813845 -1.344788
v 6.457301 2.326668 -0.792840
v 6.459057 2.287454 -0.192378
v 6.459644 2.025141 0.008288
v 6.457845 1.089866 -0.607665
v 6.460131 1.606971 0.174355
v 6.459895 1.369627 0.093745
v 6.455847 2.229163 -1.290216
v 6.456568 1.323677 -1.044172
v 6.455954 1.511400 -1.254116
v 6.462209 1.177552 0.884723
v 6.464935 1.324780 1.817390
v 6.465286 0.990295 1.936851
v 6.462009 1.338675 0.816751
v 6.462614 1.436062 1.023309
v 6.463880 1.415378 1.456476
v 6.462439 0.992034 0.963470
v 6.464654 0.840496 1.720950
v 6.463241 0.841209 1.237521
v 6.459510 1.134455 -0.038157
v 6.461167 1.406012 0.528847
v 6.462026 0.954499 0.822083
v 6.462240 0.758077 0.895028
v 6.461555 0.629037 0.660658
v 6.458994 0.493223 -0.215022
v 6.458369 0.937952 -0.428854
v 6.460064 0.684960 0.150975
v 6.457304 0.629418 -0.792840
v 6.457304 0.936439 -0.792840
v 6.456775 1.089523 -0.973630
v 6.453781 1.169687 -1.997510
v 6.454173 1.473778 -1.862983
v 6.454989 1.512357 -1.583825
v 6.455973 1.275147 -1.247913
v 6.454233 0.705661 -1.843346
v 6.453906 0.940519 -1.955016
v 6.455717 0.677507 -1.335807
v 6.454909 0.622656 -1.611891
v 6.458030 0.938169 -0.544582
v 6.457965 0.648898 -0.567007
v 6.457300 2.703625 -0.792840
v 6.457299 3.018257 -0.792840
v 6.455940 2.566414 -1.258049
v 6.454394 2.589368 -1.786531
v 6.456434 2.712908 -1.089194
v 6.456900 3.102145 -0.929293
v 6.454559 2.927275 -1.729869
v 6.457728 2.699994 -0.646445
v 6.458031 2.864494 -0.542730
v 6.455125 2.325563 -1.536691
v 6.454282 2.359022 -1.825245
v 6.467642 2.591895 2.743947
v 6.466237 2.649874 2.263525
v 6.465829 3.038969 2.124328
v 6.467264 3.046858 2.615063
v 6.467832 2.790665 2.808964
v 6.466496 2.403574 2.352051
v 6.467521 2.465762 2.702442
v 6.468102 1.872617 2.900538
v 6.466055 1.800127 2.200617
v 6.466485 1.413004 2.347214
v 6.467958 1.559013 2.851437
v 6.468326 1.440310 2.977216
v 6.467978 1.284829 2.858032
v 6.465941 1.903634 2.161754
v 6.467048 2.265023 2.540547
v 6.460168 2.191251 0.187732
v 6.459632 2.307862 0.004311
v 6.460029 2.435173 0.140220
v 6.460650 2.295985 0.352675
v 6.460126 2.783558 0.173734
v 6.459153 2.729928 -0.159338
v 6.458805 2.963463 -0.278187
v 6.459304 3.029796 -0.107449
v 6.460294 3.050300 0.231156
v 7.639425 3.230540 3.119081
v 7.639432 0.493226 3.119082
v 7.654690 3.230540 8.339541
v 7.654696 0.493227 8.339542
v 6.486593 3.230537 3.122452
v 6.486599 0.493224 3.122452
v 6.501858 3.230537 8.342912
v 6.501864 0.493224 8.342913
v 7.639429 1.861883 3.119082
v 7.654693 1.861883 8.339542
v 6.501861 1.895607 8.342912
v 6.486597 1.748298 3.122452
v 7.647058 3.230540 5.729311
v 7.647063 0.493227 5.729312
v 6.494226 3.230537 5.732682
v 6.494232 0.493224 5.732682
v 6.494374 1.861881 5.782321
v 7.647060 1.861883 5.729311
v 7.643241 3.230540 4.424197
v 6.490416 0.493224 4.427567
v 7.643248 0.493226 4.424197
v 6.490410 3.230537 4.427567
v 7.643245 1.861883 4.424197
v 7.650880 0.493227 7.034427
v 6.498042 3.230537 7.037797
v 7.650877 1.861883 7.034426
v 7.650874 3.230540 7.034426
v 6.498048 0.493224 7.037797
v 6.498045 1.760436 7.037797
v 7.639430 1.177555 3.119082
v 7.654695 1.177555 8.339542
v 6.501863 1.087467 8.342913
v 6.486598 1.177552 3.122452
v 7.647062 1.177555 5.729311
v 7.643246 1.177555 4.424197
v 6.490415 1.075368 4.427567
v 7.650879 1.177555 7.034426
v 7.654692 2.546211 8.339542
v 6.501860 2.546209 8.342913
v 6.486595 2.602895 3.122452
v 7.639427 2.546211 3.119082
v 7.647059 2.546211 5.729311
v 6.493995 2.546209 5.653301
v 7.643243 2.546211 4.424197
v 6.490411 2.546209 4.427567
v 6.498043 2.703716 7.037797
v 7.650876 2.546211 7.034426
v 6.494872 2.580332 5.953247
v 6.495011 1.980497 6.000378
v 6.494609 2.358455 5.862976
v 6.497551 2.428089 6.869472
v 6.497640 2.090800 6.899446
v 6.496983 1.916363 6.674540
v 6.490956 1.089866 4.612742
v 6.488799 1.813845 3.875620
v 6.490414 1.188943 4.427567
v 6.492944 1.861880 5.293296
v 6.490412 2.326668 4.427567
v 6.492167 2.287454 5.028029
v 6.492755 2.025141 5.228696
v 6.493241 1.606971 5.394762
v 6.493006 1.369627 5.314152
v 6.488957 2.229163 3.930192
v 6.489679 1.323677 4.176236
v 6.489065 1.511400 3.966292
v 6.495319 1.177552 6.105131
v 6.498047 0.907048 7.037797
v 6.498046 1.324780 7.037797
v 6.498204 1.173834 7.091663
v 6.498396 0.990295 7.157259
v 6.495120 1.338675 6.037158
v 6.495724 1.436062 6.243716
v 6.496991 1.415378 6.676883
v 6.495550 0.992034 6.183878
v 6.497765 0.840496 6.941357
v 6.496351 0.841209 6.457929
v 6.494712 1.177552 5.897480
v 6.492620 1.134456 5.182251
v 6.494278 1.406013 5.749254
v 6.492105 0.493224 5.005386
v 6.494231 0.644989 5.732682
v 6.495137 0.954499 6.042490
v 6.495350 0.758077 6.115436
v 6.494666 0.629038 5.881065
v 6.491478 0.937952 4.791553
v 6.493175 0.684960 5.371382
v 6.490416 0.629418 4.427567
v 6.490415 0.936439 4.427567
v 6.489886 1.089523 4.246778
v 6.486892 1.169688 3.222898
v 6.487284 1.473778 3.357425
v 6.488101 1.512357 3.636582
v 6.489083 1.275148 3.972494
v 6.487343 0.705662 3.377062
v 6.487017 0.940519 3.265392
v 6.488828 0.677507 3.884600
v 6.488020 0.622657 3.608516
v 6.491140 0.938170 4.675825
v 6.491076 0.648898 4.653400
v 6.490411 2.703625 4.427567
v 6.490410 3.018257 4.427567
v 6.489051 2.566415 3.962358
v 6.487505 2.589369 3.433876
v 6.489544 2.712908 4.131214
v 6.490011 3.102146 4.291115
v 6.487670 2.927276 3.490538
v 6.490839 2.699995 4.573962
v 6.491142 2.864495 4.677678
v 6.488236 2.325563 3.683717
v 6.487393 2.359023 3.395162
v 6.500752 2.591895 7.964355
v 6.499348 2.649874 7.483932
v 6.498940 3.038969 7.344736
v 6.500375 3.046858 7.835470
v 6.500942 2.790665 8.029371
v 6.499607 2.403574 7.572459
v 6.500631 2.465763 7.922850
v 6.501212 1.872618 8.120945
v 6.499166 1.800127 7.421025
v 6.499595 1.413005 7.567622
v 6.501070 1.559013 8.071844
v 6.501437 1.440310 8.197623
v 6.501089 1.284829 8.078440
v 6.499052 1.903635 7.382161
v 6.500158 2.265023 7.760954
v 6.493279 2.191251 5.408140
v 6.492743 2.307862 5.224718
v 6.493140 2.435173 5.360627
v 6.493762 2.295985 5.573083
v 6.493237 2.783558 5.394142
v 6.492263 2.729928 5.061069
v 6.491915 2.963463 4.942220
v 6.492414 3.029796 5.112959
v 6.493404 3.050300 5.451563
v 6.475098 1.861880 5.293349
v 6.472567 1.861880 4.427620
v 6.472568 1.188942 4.427620
v 6.476385 0.644989 5.732735
v 6.476384 1.177552 5.732735
v 6.480201 0.907047 7.037849
v 6.480200 1.177552 7.037849
v 6.480358 1.173834 7.091716
v 6.476866 1.177552 5.897532
v 6.477165 1.980497 6.000430
v 6.476762 2.358455 5.863029
v 6.477026 2.580332 5.953300
v 6.479705 2.428089 6.869524
v 6.479794 2.090800 6.899498
v 6.479136 1.916363 6.674592
v 6.470953 1.813845 3.875672
v 6.472566 2.326668 4.427620
v 6.474321 2.287454 5.028082
v 6.474908 2.025141 5.228748
v 6.473110 1.089866 4.612795
v 6.475395 1.606971 5.394814
v 6.475160 1.369627 5.314204
v 6.471111 2.229163 3.930244
v 6.471833 1.323677 4.176289
v 6.471219 1.511400 3.966344
v 6.477473 1.177552 6.105183
v 6.480200 1.324780 7.037849
v 6.480550 0.990295 7.157311
v 6.477274 1.338675 6.037210
v 6.477878 1.436062 6.243769
v 6.479145 1.415378 6.676936
v 6.477704 0.992034 6.183930
v 6.479919 0.840496 6.941409
v 6.478505 0.841209 6.457981
v 6.474775 1.134456 5.182303
v 6.476432 1.406012 5.749306
v 6.477290 0.954499 6.042543
v 6.477505 0.758077 6.115488
v 6.476819 0.629037 5.881118
v 6.474259 0.493224 5.005438
v 6.473633 0.937952 4.791606
v 6.475329 0.684960 5.371434
v 6.472569 0.629417 4.427620
v 6.472569 0.936439 4.427620
v 6.472040 1.089523 4.246830
v 6.469046 1.169688 3.222950
v 6.469439 1.473778 3.357477
v 6.470254 1.512357 3.636634
v 6.471237 1.275148 3.972547
v 6.469498 0.705662 3.377114
v 6.469171 0.940519 3.265444
v 6.470982 0.677507 3.884653
v 6.470174 0.622656 3.608568
v 6.473294 0.938169 4.675878
v 6.473230 0.648898 4.653453
v 6.472565 2.703625 4.427620
v 6.472564 3.018257 4.427620
v 6.471205 2.566415 3.962410
v 6.469660 2.589368 3.433928
v 6.471698 2.712908 4.131266
v 6.472165 3.102145 4.291167
v 6.469824 2.927276 3.490590
v 6.472993 2.699994 4.574015
v 6.473296 2.864495 4.677730
v 6.470390 2.325563 3.683769
v 6.469547 2.359023 3.395215
v 6.482907 2.591895 7.964408
v 6.481502 2.649874 7.483985
v 6.481093 3.038969 7.344789
v 6.482529 3.046858 7.835523
v 6.483096 2.790665 8.029424
v 6.481761 2.403574 7.572511
v 6.482785 2.465763 7.922902
v 6.483366 1.872618 8.120997
v 6.481319 1.800127 7.421078
v 6.481749 1.413004 7.567674
v 6.483223 1.559013 8.071896
v 6.483591 1.440310 8.197676
v 6.483243 1.284829 8.078491
v 6.481205 1.903634 7.382214
v 6.482312 2.265024 7.761006
v 6.475433 2.191251 5.408192
v 6.474896 2.307862 5.224771
v 6.475294 2.435173 5.360679
v 6.475915 2.295985 5.573135
v 6.475390 2.783558 5.394194
v 6.474417 2.729928 5.061122
v 6.474069 2.963463 4.942273
v 6.474568 3.029796 5.113011
v 6.475558 3.050300 5.451616
v 7.291165 2.169711 5.206900
v 7.325383 6.417320 5.858088
v 7.291164 2.249479 4.714157
v 7.325383 6.485593 5.436347
v 7.766242 2.169713 5.206900
v 7.732004 6.417321 5.858088
v 7.766242 2.249480 4.714157
v 7.732004 6.485594 5.436347
v 7.344176 4.299544 5.495257
v 7.344176 4.361508 5.112489
v 7.713221 4.361509 5.112489
v 7.713221 4.299545 5.495257
v 7.344175 4.699476 5.559999
v 7.344175 4.761440 5.177232
v 7.713220 4.761441 5.177232
v 7.713220 4.699477 5.559999
v 7.344177 3.964156 5.048164
v 7.713222 3.964157 5.048164
v 7.713222 3.902193 5.430932
v 7.344177 3.902192 5.430932
v 10.516751 2.388425 5.245131
v 10.550970 6.646886 5.821095
v 10.516751 2.459465 4.751054
v 10.550970 6.707690 5.398212
v 10.991829 2.388426 5.245131
v 10.957591 6.646887 5.821095
v 10.991829 2.459466 4.751054
v 10.957591 6.707691 5.398212
v 10.569763 4.523025 5.495775
v 10.569763 4.578209 5.111970
v 10.938807 4.578210 5.111970
v 10.938808 4.523025 5.495775
v 10.569762 4.924039 5.553434
v 10.569762 4.979224 5.169630
v 10.938807 4.979225 5.169630
v 10.938807 4.924040 5.553434
v 10.569763 4.179781 5.054683
v 10.938808 4.179782 5.054683
v 10.938808 4.124598 5.438488
v 10.569764 4.124597 5.438488
v 7.291165 2.169711 1.080282
v 7.325384 6.417319 0.429094
v 7.291165 2.249478 1.573025
v 7.325384 6.485593 0.850835
v 7.766242 2.169712 1.080282
v 7.732005 6.417320 0.429094
v 7.766242 2.249480 1.573025
v 7.732004 6.485594 0.850835
v 7.344176 4.299544 0.791925
v 7.344176 4.361508 1.174693
v 7.713221 4.361509 1.174693
v 7.713222 4.299545 0.791925
v 7.344175 4.699476 0.727182
v 7.344175 4.761440 1.109951
v 7.713220 4.761441 1.109951
v 7.713221 4.699477 0.727182
v 7.344177 3.964156 1.239018
v 7.713222 3.964157 1.239018
v 7.713222 3.902193 0.856250
v 7.344177 3.902192 0.856250
v 10.516752 2.289919 1.042048
v 10.550971 6.548381 0.466084
v 10.516752 2.360960 1.536124
v 10.550971 6.609184 0.888966
v 10.991829 2.289920 1.042048
v 10.957592 6.548382 0.466084
v 10.991829 2.360960 1.536124
v 10.957591 6.609185 0.888966
v 10.569763 4.424519 0.791403
v 10.569763 4.479703 1.175207
v 10.938808 4.479704 1.175207
v 10.938808 4.424520 0.791403
v 10.569762 4.825533 0.733744
v 10.569762 4.880718 1.117548
v 10.938807 4.880719 1.117548
v 10.938807 4.825534 0.733744
v 10.569764 4.081276 1.232495
v 10.938809 4.081277 1.232495
v 10.938809 4.026092 0.848691
v 10.569764 4.026091 0.848691
v 2.818726 9.843414 5.709346
v 2.859706 14.299074 6.311981
v 2.818725 9.917744 5.192390
v 2.859706 14.362693 5.869516
v 3.387659 9.843415 5.709346
v 3.346658 14.299075 6.311981
v 3.387658 9.917746 5.192390
v 3.346658 14.362694 5.869516
v 2.882211 12.076861 5.971597
v 2.882211 12.134602 5.570020
v 3.324164 12.134602 5.570020
v 3.324164 12.076862 5.971597
v 2.882210 12.496446 6.031926
v 2.882210 12.554186 5.630349
v 3.324163 12.554187 5.630349
v 3.324163 12.496447 6.031926
v 2.882212 11.717724 5.510079
v 3.324165 11.717725 5.510079
v 3.324165 11.659985 5.911657
v 2.882212 11.659983 5.911656
v 2.818726 9.843413 0.684160
v 2.859707 14.299073 0.081524
v 2.818726 9.917744 1.201115
v 2.859706 14.362693 0.523989
v 3.387659 9.843414 0.684160
v 3.346659 14.299074 0.081524
v 3.387659 9.917744 1.201116
v 3.346658 14.362694 0.523989
v 2.882211 12.076860 0.421908
v 2.882211 12.134601 0.823486
v 3.324164 12.134602 0.823486
v 3.324164 12.076861 0.421908
v 2.882210 12.496446 0.361579
v 2.882210 12.554185 0.763156
v 3.324163 12.554186 0.763156
v 3.324163 12.496447 0.361579
v 2.882212 11.717724 0.883426
v 3.324165 11.717724 0.883426
v 3.324165 11.659985 0.481848
v 2.882212 11.659983 0.481848
v -2.005125 9.843403 0.684159
v -1.964144 14.299062 0.081524
v -2.005125 9.917732 1.201115
v -1.964144 14.362681 0.523988
v -1.436193 9.843404 0.684159
v -1.477192 14.299064 0.081524
v -1.436193 9.917733 1.201115
v -1.477192 14.362682 0.523989
v -1.941640 12.076849 0.421908
v -1.941640 12.134590 0.823485
v -1.499686 12.134590 0.823485
v -1.499686 12.076851 0.421908
v -1.941641 12.496434 0.361578
v -1.941641 12.554174 0.763156
v -1.499687 12.554175 0.763156
v -1.499687 12.496435 0.361578
v -1.941639 11.717712 0.883425
v -1.499685 11.717712 0.883425
v -1.499685 11.659973 0.481848
v -1.941639 11.659972 0.481848
v -1.392675 9.843405 5.709346
v -1.433676 14.299065 6.311981
v -1.392675 9.917734 5.192389
v -1.433676 14.362682 5.869515
v -1.961608 9.843403 5.709346
v -1.920628 14.299063 6.311981
v -1.961608 9.917733 5.192389
v -1.920628 14.362681 5.869515
v -1.456170 12.076851 5.971597
v -1.456171 12.134591 5.570019
v -1.898124 12.134590 5.570019
v -1.898123 12.076851 5.971597
v -1.456172 12.496436 6.031926
v -1.456172 12.554175 5.630349
v -1.898125 12.554174 5.630349
v -1.898125 12.496435 6.031926
v -1.456170 11.717714 5.510079
v -1.898123 11.717712 5.510079
v -1.898122 11.659972 5.911656
v -1.456169 11.659973 5.911656
v -3.231363 7.479465 -1.630014
v -3.231352 2.556824 -1.630014
v -3.231363 7.479465 3.546539
v -3.231354 2.556823 3.546538
v -2.835118 7.479466 -1.630014
v -2.835108 2.556825 -1.630014
v -2.835119 7.479465 3.546539
v -2.835109 2.556824 3.546538
v 6.981544 7.479488 -1.630013
v 6.981555 2.556847 -1.630013
v 6.981544 7.479487 3.546540
v 6.981555 2.556846 3.546539
v 7.377789 7.479489 -1.630013
v 7.377801 2.556848 -1.630013
v 7.377789 7.479488 3.546540
v 7.377800 2.556847 3.546539
v -3.177200 9.941925 0.445285
v -3.177195 7.511713 0.445285
v -3.177202 11.027691 1.491170
v -3.177195 7.511713 1.491171
v -2.877378 9.941927 0.445285
v -2.877372 7.511714 0.445285
v -2.877379 11.027693 1.491170
v -2.877372 7.511714 1.491171
v -3.177200 9.941925 6.008688
v -3.177196 7.511713 6.008688
v -3.177203 11.027691 4.962803
v -3.177196 7.511713 4.962803
v -2.877378 9.941926 6.008688
v -2.877373 7.511714 6.008688
v -2.877380 11.027692 4.962803
v -2.877373 7.511714 4.962803
v 7.317579 9.941950 6.024673
v 7.317585 7.511737 6.024673
v 7.317577 11.027715 4.978788
v 7.317585 7.511736 4.978788
v 7.017757 9.941949 6.024673
v 7.017762 7.511736 6.024673
v 7.017755 11.027714 4.978788
v 7.017763 7.511736 4.978788
v 7.317580 9.941950 0.461275
v 7.317585 7.511736 0.461275
v 7.317577 11.027716 1.507160
v 7.317585 7.511736 1.507160
v 7.017757 9.941948 0.461275
v 7.017763 7.511736 0.461275
v 7.017755 11.027714 1.507160
v 7.017763 7.511736 1.507160
v 5.316433 10.087419 8.204537
v 5.316440 7.131292 8.204538
v 4.650208 11.408149 8.204538
v 4.650217 7.131291 8.204538
v 5.316433 10.087419 8.504360
v 5.316440 7.131293 8.504360
v 4.650208 11.408150 8.504359
v 4.650217 7.131291 8.504360
v 3.809460 10.087416 8.204537
v 3.809467 7.131289 8.204538
v 4.475681 11.408148 8.204538
v 4.475690 7.131290 8.204538
v 3.809460 10.087416 8.504360
v 3.809467 7.131289 8.504360
v 4.475681 11.408149 8.504359
v 4.475690 7.131291 8.504360
v 9.960545 2.440403 1.750920
v 9.960537 5.857988 1.750919
v 9.960545 2.440404 4.465322
v 9.960537 5.857988 4.465321
v 10.250413 2.440404 1.750920
v 10.250405 5.857988 1.750919
v 10.250413 2.440404 4.465322
v 10.250405 5.857989 4.465321
v -1.544743 13.926529 3.422928
v -1.584476 18.199450 3.396085
v -1.544743 13.926528 3.050354
v -1.584476 18.199450 3.077197
v -2.096088 13.926528 3.422928
v -2.056375 18.199448 3.396085
v -2.096088 13.926526 3.050353
v -2.056375 18.199448 3.077196
v -1.606275 16.168970 3.381351
v -1.606275 16.168970 3.091931
v -2.034566 16.168968 3.091931
v -2.034566 16.168968 3.381351
v -1.606276 16.588989 3.381351
v -1.606276 16.588989 3.091931
v -2.034567 16.588989 3.091931
v -2.034567 16.588989 3.381351
v -1.606274 15.751661 3.091931
v -2.034565 15.751660 3.091931
v -2.034565 15.751659 3.381351
v -1.606274 15.751660 3.381351
vn -0.0000 -0.0798 0.9968
vn -0.9998 -0.0209 -0.0011
vn -0.0000 0.0214 -0.9998
vn 0.9998 -0.0209 -0.0011
vn 1.0000 -0.0000 -0.0000
vn -0.0000 0.0506 -0.9987
vn 0.9999 0.0131 0.0007
vn -0.0000 0.0689 -0.9976
vn -0.9999 0.0131 0.0007
vn -0.0000 -0.0323 0.9995
vn 1.0000 -0.0076 -0.0004
vn -0.0000 0.0400 -0.9992
vn -1.0000 -0.0076 -0.0004
vn -0.0000 -0.0612 0.9981
vn -0.0000 -0.0265 0.9996
vn -0.9999 0.0172 0.0009
vn -0.0000 0.0746 -0.9972
vn 0.9999 0.0172 0.0009
vn 0.9279 0.3725 0.0189
vn -1.0000 -0.0000 -0.0000
vn -0.0000 -0.0506 0.9987
vn -0.0000 -0.9987 -0.0506
vn -0.9279 0.3724 0.0189
vn -0.0000 0.5330 -0.8461
vn -0.0000 0.4447 0.8957
vn -0.0000 -0.2006 -0.9797
vn -0.0000 0.9987 0.0506
vn -0.0000 -0.2986 0.9544
vn 0.9833 -0.1815 -0.0092
vn -0.9833 -0.1815 -0.0092
vn -0.0222 0.0230 -0.9995
vn -0.7242 -0.6896 -0.0000
vn -0.7289 -0.6846 -0.0000
vn -0.7244 -0.6894 -0.0000
vn -0.0222 0.0230 0.9995
vn 0.7147 0.6995 -0.0000
vn 0.7100 0.7042 -0.0000
vn 0.7149 0.6993 -0.0000
vn -0.6945 0.7195 -0.0000
vn 0.6945 -0.7195 -0.0000
vn 0.7330 0.6802 -0.0000
vn 0.7195 0.6945 -0.0000
vn 0.7203 0.6937 -0.0000
vn -0.0000 -0.0000 1.0000
vn -0.7189 -0.6951 -0.0000
vn -0.7195 -0.6945 -0.0000
vn -0.7063 -0.7079 -0.0000
vn -0.0000 -0.0000 -1.0000
vn 0.0624 -0.0647 -0.9960
vn -0.6924 -0.7215 -0.0000
vn 0.0624 -0.0647 0.9960
vn 0.7456 0.6664 -0.0000
vn -0.9995 0.0230 0.0222
vn -0.0000 -0.6894 0.7244
vn -0.0000 -0.6846 0.7289
vn 0.9995 0.0230 0.0222
vn -0.0000 0.6994 -0.7147
vn -0.0000 0.7042 -0.7100
vn -0.0000 0.7195 0.6945
vn -0.0000 -0.7195 -0.6945
vn -0.0000 0.6936 -0.7204
vn -0.0000 0.6945 -0.7195
vn -0.0000 -0.6952 0.7188
vn -0.0000 -0.6945 0.7195
vn -0.9960 -0.0647 -0.0624
vn -0.0000 -0.7215 0.6924
vn 0.9960 -0.0647 -0.0624
vn -0.0000 0.6664 -0.7456
vn -0.9995 0.0226 -0.0227
vn -0.0000 0.7133 0.7009
vn -0.0000 0.7180 0.6961
vn 0.9995 0.0226 -0.0227
vn -0.0000 -0.7035 -0.7107
vn -0.0000 -0.6988 -0.7153
vn -0.0000 0.7058 -0.7085
vn -0.0000 -0.7058 0.7085
vn -0.0000 -0.7092 -0.7050
vn -0.0000 -0.7085 -0.7058
vn -0.0000 0.7078 0.7064
vn -0.0000 0.7085 0.7058
vn -0.0000 0.7076 0.7067
vn -0.9960 -0.0634 0.0637
vn -0.0000 0.6809 0.7324
vn 0.9960 -0.0634 0.0637
vn -0.0000 -0.7350 -0.6781
vn -0.9995 -0.0230 -0.0222
vn -0.0000 0.6894 -0.7244
vn -0.0000 0.6846 -0.7289
vn 0.9995 -0.0230 -0.0222
vn -0.0000 -0.6994 0.7147
vn -0.0000 -0.7042 0.7100
vn -0.0000 -0.6936 0.7204
vn -0.0000 0.6952 -0.7188
vn -0.9960 0.0647 0.0624
vn -0.0000 0.7215 -0.6924
vn 0.9960 0.0647 0.0624
vn -0.0000 -0.6664 0.7456
vn 0.0227 0.0226 -0.9995
vn -0.7010 0.7132 -0.0000
vn -0.6961 0.7180 -0.0000
vn -0.7008 0.7134 -0.0000
vn 0.0227 0.0226 0.9995
vn 0.7107 -0.7034 -0.0000
vn 0.7153 -0.6988 -0.0000
vn 0.7105 -0.7037 -0.0000
vn 0.7085 0.7058 -0.0000
vn -0.7085 -0.7058 -0.0000
vn 0.6922 -0.7217 -0.0000
vn 0.7058 -0.7085 -0.0000
vn 0.7049 -0.7093 -0.0000
vn -0.7064 0.7078 -0.0000
vn -0.7058 0.7085 -0.0000
vn -0.7195 0.6944 -0.0000
vn -0.0637 -0.0634 -0.9960
vn -0.7324 0.6809 -0.0000
vn -0.0637 -0.0634 0.9960
vn 0.6781 -0.7350 -0.0000
vn 0.0222 -0.0230 -0.9995
vn 0.7244 0.6894 -0.0000
vn 0.7289 0.6846 -0.0000
vn 0.7242 0.6896 -0.0000
vn 0.0222 -0.0230 0.9995
vn -0.7149 -0.6993 -0.0000
vn -0.7100 -0.7042 -0.0000
vn -0.7147 -0.6995 -0.0000
vn -0.7203 -0.6937 -0.0000
vn -0.7330 -0.6802 -0.0000
vn 0.7063 0.7079 -0.0000
vn 0.7189 0.6951 -0.0000
vn -0.0624 0.0647 -0.9960
vn 0.6924 0.7215 -0.0000
vn -0.0624 0.0647 0.9960
vn -0.7456 -0.6664 -0.0000
vn -0.0000 -1.0000 -0.0000
vn -0.0000 1.0000 -0.0001
vn -0.0000 -0.9806 0.1963
vn -0.0000 0.9443 -0.3291
vn -0.0000 0.4647 -0.8855
vn -0.0000 0.8357 -0.5493
vn -0.0000 -0.8475 0.5308
vn -0.0000 -0.2421 0.9703
vn -0.0000 -0.5570 0.8305
vn -0.0000 0.1249 -0.9922
vn -0.0000 0.2398 -0.9708
vn -0.0000 -0.0951 0.9955
vn -0.0000 -0.0317 0.9995
vn -0.0000 -0.1076 0.9942
vn -0.0000 0.0937 -0.9956
vn -0.0000 0.0207 0.9998
vn -0.0000 0.0317 -0.9995
vn -0.0000 -0.9928 -0.1197
vn 0.9943 0.1061 -0.0037
vn -0.0000 0.0447 -0.9990
vn -0.9943 0.1061 -0.0037
vn -0.0000 -0.9805 -0.1963
vn -0.0000 0.9443 0.3291
vn -0.0000 0.4647 0.8855
vn -0.0000 0.8357 0.5493
vn -0.0000 -0.8475 -0.5308
vn -0.0000 -0.2421 -0.9703
vn -0.0000 -0.5570 -0.8305
vn -0.0000 0.1249 0.9922
vn -0.0000 0.2398 0.9708
vn -0.0000 -0.0951 -0.9955
vn -0.0000 -0.0317 -0.9995
vn -0.0000 -0.1076 -0.9942
vn -0.0000 0.0937 0.9956
vn -0.0000 0.0207 -0.9998
vn -0.0000 0.0317 0.9995
vn -0.0000 -0.9928 0.1197
vn 0.9943 0.1061 0.0037
vn -0.0000 0.0447 0.9990
vn -0.9943 0.1061 0.0037
vn 0.9999 -0.0135 -0.0000
vn -0.0000 -0.0091 1.0000
vn -0.9999 -0.0135 -0.0000
vn -0.0000 -0.0091 -1.0000
vn -0.0000 1.0000 -0.0000
vn 0.9994 0.0337 -0.0000
vn -0.0000 0.0228 0.9997
vn -0.9994 0.0337 -0.0000
vn -0.0000 0.0228 -0.9997
vn 0.9999 -0.0000 0.0164
vn -0.0000 1.0000 0.0062
vn -0.0000 0.9999 0.0124
vn -0.9999 -0.0000 0.0164
vn -0.0000 -1.0000 0.0062
vn -0.0000 -0.9999 0.0124
vn -0.0000 -0.9999 -0.0156
vn -0.0000 0.9999 -0.0157
vn 0.9992 -0.0000 -0.0408
vn -0.0000 0.9995 -0.0307
vn -0.9992 -0.0000 -0.0408
vn -0.0000 -0.9995 -0.0307
vn -0.0000 0.9997 -0.0228
vn 0.9959 -0.0000 -0.0907
vn -0.0000 -0.9997 -0.0228
vn -0.9959 -0.0000 -0.0907
vn -0.9984 -0.0000 0.0570
vn -0.0000 -0.9997 0.0239
vn -0.0000 -1.0000 0.0045
vn 0.9984 -0.0000 0.0570
vn -0.0000 0.9997 0.0239
vn -0.0000 1.0000 0.0045
vn -0.9995 -0.0000 -0.0330
vn 0.9995 -0.0000 -0.0330
vn -0.0000 0.9999 0.0130
vn 0.9972 -0.0000 0.0747
vn -0.0000 -0.9999 0.0130
vn -0.9972 -0.0000 0.0747
vn -0.4970 -0.0000 0.8678
vn 0.4970 -0.0000 0.8678
vn -0.0000 -0.8474 0.5309
vn -0.0000 0.8474 0.5309
vn -0.0000 -0.9609 -0.2769
vn -0.0000 0.9609 -0.2769
vn -0.7797 -0.0000 -0.6261
vn 0.7797 -0.0000 -0.6261
vn -0.0000 1.0000 0.0001
vn -0.0000 -0.9805 0.1963
vn 0.9999 -0.0000 -0.0164
vn -0.0000 1.0000 -0.0062
vn -0.0000 0.9999 -0.0124
vn -0.9999 -0.0000 -0.0164
vn -0.0000 -1.0000 -0.0062
vn -0.0000 -0.9999 -0.0124
vn -0.0000 -0.9999 0.0157
vn -0.0000 0.9999 0.0156
vn 0.9992 -0.0000 0.0408
vn -0.0000 0.9995 0.0307
vn -0.9992 -0.0000 0.0408
vn -0.0000 -0.9995 0.0307
vn -0.0000 0.9997 0.0228
vn 0.9959 -0.0000 0.0907
vn -0.0000 -0.9997 0.0228
vn -0.9959 -0.0000 0.0907
vn -0.9984 -0.0000 -0.0570
vn -0.0000 -0.9997 -0.0239
vn -0.0000 -1.0000 -0.0045
vn 0.9984 -0.0000 -0.0570
vn -0.0000 0.9997 -0.0239
vn -0.0000 1.0000 -0.0045
vn -0.9995 -0.0000 0.0330
vn 0.9995 -0.0000 0.0330
vn -0.0000 0.9999 -0.0130
vn 0.9972 -0.0000 -0.0747
vn -0.0000 -0.9999 -0.0130
vn -0.9972 -0.0000 -0.0747
vn -0.4970 -0.0000 -0.8678
vn 0.4970 -0.0000 -0.8678
vn -0.0000 -0.8474 -0.5309
vn -0.0000 0.8474 -0.5309
vn -0.0000 -0.9609 0.2769
vn -0.0000 0.9609 0.2769
vn -0.7797 -0.0000 0.6261
vn 0.7797 -0.0000 0.6261
vn -0.0000 0.6564 -0.7544
vn -0.0000 0.1972 -0.9804
vn -0.0000 0.1972 0.9804
vn -0.0000 0.6564 0.7544
vn -0.0000 0.9976 0.0690
vn -0.0000 0.9982 0.0607
vn -0.9994 -0.0014 0.0346
vn -0.0000 -0.9999 -0.0108
vn -0.0000 -0.9998 -0.0191
vn 0.9994 -0.0014 0.0346
vn -0.0000 -0.9992 -0.0399
vn 0.9998 0.0009 -0.0219
vn 0.9998 0.0009 -0.0217
vn 0.9996 0.0011 -0.0282
vn -0.0000 -0.9975 -0.0706
vn -0.0000 -0.9990 -0.0456
vn -0.9996 0.0011 -0.0282
vn -0.9998 0.0009 -0.0217
vn -0.9998 0.0009 -0.0220
vn -0.0000 1.0000 0.0091
vn -0.0000 0.9994 0.0342
vn 0.9999 -0.0005 0.0125
vn -0.9999 -0.0005 0.0125
vn -0.0000 0.9997 0.0227
vn -0.9996 0.0011 -0.0285
vn -0.0000 -0.9984 -0.0571
vn 0.9996 0.0011 -0.0285
vn 0.8330 0.0221 -0.5528
vn -0.0000 0.9992 0.0399
vn -0.0000 -0.0399 0.9992
vn -0.8330 0.0221 -0.5528
vn -0.0000 -0.7505 -0.6609
vn -0.0000 0.8008 -0.5989
vn -0.0000 -0.9500 0.3122
vn -0.0000 0.0399 -0.9992
vn -0.0000 0.9221 0.3870
vn 0.9564 -0.0117 0.2919
vn -0.9564 -0.0117 0.2919
vn -0.0000 -0.0798 -0.9968
vn -0.9998 -0.0209 0.0011
vn -0.0000 0.0214 0.9998
vn 0.9998 -0.0209 0.0011
vn -0.0000 0.0506 0.9987
vn 0.9999 0.0131 -0.0007
vn -0.0000 0.0689 0.9976
vn -0.9999 0.0131 -0.0007
vn -0.0000 -0.0323 -0.9995
vn 1.0000 -0.0076 0.0004
vn -0.0000 0.0400 0.9992
vn -1.0000 -0.0076 0.0004
vn -0.0000 -0.0612 -0.9981
vn -0.0000 -0.0265 -0.9996
vn -0.9999 0.0172 -0.0009
vn -0.0000 0.0746 0.9972
vn 0.9999 0.0172 -0.0009
vn 0.9279 0.3725 -0.0189
vn -0.0000 -0.0506 -0.9987
vn -0.0000 -0.9987 0.0506
vn -0.9279 0.3724 -0.0189
vn -0.0000 0.5330 0.8461
vn -0.0000 0.4447 -0.8957
vn -0.0000 -0.2006 0.9797
vn -0.0000 0.9987 -0.0506
vn -0.0000 -0.2986 -0.9544
vn 0.9833 -0.1815 0.0092
vn -0.9833 -0.1815 0.0092
vn -0.0000 0.9997 0.0224
vn -0.0000 0.9999 0.0151
vn -0.9930 -0.0000 0.1184
vn -0.0000 -0.9997 0.0224
vn -0.0000 -0.9999 0.0151
vn 0.9930 -0.0000 0.1184
vn 0.9972 -0.0000 -0.0746
vn -0.0000 -0.9997 -0.0234
vn -0.0000 -1.0000 -0.0044
vn -0.9972 -0.0000 -0.0746
vn -0.0000 0.9997 -0.0234
vn -0.0000 1.0000 -0.0044
vn 0.9991 -0.0000 0.0432
vn -0.9991 -0.0000 0.0432
vn -0.0000 0.9999 -0.0125
vn -0.9952 -0.0000 -0.0976
vn -0.0000 -0.9999 -0.0125
vn 0.9952 -0.0000 -0.0976
vn 0.4007 -0.0000 -0.9162
vn -0.4007 -0.0000 -0.9162
vn -0.0000 -0.8530 -0.5219
vn -0.0000 0.8530 -0.5219
vn -0.0000 -0.9626 0.2709
vn -0.0000 0.9626 0.2709
vn 0.6891 -0.0000 0.7246
vn -0.6891 -0.0000 0.7246
vn -0.9997 -0.0263 -0.0000
vn -0.9906 -0.1365 -0.0000
vn -0.7259 -0.3355 -0.6004
vn -0.8452 -0.1217 -0.5204
vn -0.0000 -0.1590 -0.9873
vn -0.0000 -0.1676 -0.9859
vn 0.7258 -0.3352 -0.6007
vn 0.8460 -0.1214 -0.5192
vn 0.9997 -0.0263 -0.0000
vn 0.9907 -0.1361 -0.0000
vn 0.8093 -0.2743 0.5194
vn 0.9201 -0.0185 0.3913
vn -0.0000 0.0196 0.9998
vn -0.0000 -0.1415 0.9899
vn -0.8093 -0.2748 0.5192
vn -0.9199 -0.0185 0.3918
vn -0.9974 -0.0680 -0.0252
vn -0.9965 -0.0674 0.0499
vn -0.9004 -0.0418 -0.4331
vn -0.0000 -0.0866 -0.9962
vn 0.9982 -0.0600 -0.0000
vn 0.9004 -0.0418 -0.4331
vn 0.8474 -0.0000 -0.5309
vn -0.7407 -0.0677 0.6684
vn -0.9982 -0.0600 -0.0000
vn 0.7407 -0.0677 0.6684
vn -0.0000 -0.0965 0.9953
vn 0.8955 0.1327 -0.4248
vn -0.4468 0.8946 -0.0000
vn -0.3180 0.8848 0.3407
vn -0.0000 0.8991 0.4377
vn -0.8475 -0.0000 0.5309
vn 0.8475 -0.0000 0.5309
vn -0.8475 -0.0000 -0.5309
vn -0.8955 0.1327 -0.4248
vn 0.9974 -0.0680 -0.0252
vn -0.0000 -0.9377 -0.3475
vn -0.9026 0.0446 0.4282
vn 0.9026 0.0446 0.4282
vn 0.7334 0.0704 -0.6761
vn -0.7334 0.0704 -0.6761
vn -0.9982 -0.0601 -0.0000
vn -0.7392 0.0683 -0.6700
vn -0.0000 0.0979 -0.9952
vn 0.9965 -0.0674 0.0499
vn 0.7193 0.2072 0.6631
vn 0.4468 0.8946 -0.0000
vn -0.7193 0.2072 0.6631
vn -0.6651 -0.0394 0.7457
vn 0.9981 0.0610 -0.0000
vn 0.9008 0.0424 0.4321
vn -0.0000 -0.0528 0.9986
vn 0.6651 -0.0394 0.7457
vn -0.0000 0.8902 -0.4556
vn -0.0000 0.0896 0.9960
vn -0.9008 0.0424 0.4321
vn -0.9981 0.0610 -0.0000
vn -0.2978 0.8812 -0.3671
vn 0.2978 0.8812 -0.3671
vn 0.7392 0.0683 -0.6700
vn 0.3180 0.8848 0.3407
vn -0.0000 -0.8037 0.5951
vn -0.9949 -0.0857 0.0526
vn -0.9993 0.0195 0.0315
vn -0.8604 0.0425 -0.5079
vn -0.6928 -0.0597 -0.7187
vn 0.4390 0.0985 -0.8931
vn 0.6928 0.0597 -0.7187
vn 0.8695 0.3178 -0.3782
vn -0.9626 -0.0858 0.2568
vn -0.9979 0.0261 0.0591
vn 0.7137 0.0615 -0.6978
vn 0.6438 0.0554 0.7632
vn 0.8203 -0.0455 0.5701
vn 0.9545 -0.0055 -0.2982
vn 0.1758 0.0011 0.9844
vn 0.8763 -0.0347 0.4804
vn -0.8623 -0.1068 0.4950
vn 0.6696 0.0577 -0.7405
vn 0.9949 0.0857 -0.0526
vn 0.9983 -0.0187 -0.0560
vn 0.9005 -0.0010 -0.4349
vn 0.7748 0.4178 0.4744
vn -0.0855 0.9929 0.0828
vn -0.0089 0.1036 0.9946
vn 0.5952 0.1056 0.7966
vn 0.9820 0.1801 -0.0570
vn 0.9550 0.2494 -0.1604
vn -0.9907 0.0285 -0.1334
vn -0.9308 -0.0365 -0.3636
vn 0.7709 0.1170 -0.6261
vn -0.7529 -0.0071 0.6581
vn 0.3774 -0.0070 0.9260
vn 0.9601 0.1879 0.2070
vn -0.9849 0.0128 0.1726
vn 0.9771 0.1900 0.0955
vn -0.9958 0.0172 0.0901
vn -0.9745 -0.1718 -0.1441
vn 0.9849 -0.0101 -0.1727
vn 0.9952 -0.0163 -0.0961
vn -0.9781 -0.1856 -0.0947
vn -0.9820 -0.1831 -0.0453
vn 0.9985 -0.0182 -0.0507
vn -0.9991 0.0203 0.0385
vn 0.9798 0.1953 0.0419
vn 0.4368 0.1001 -0.8940
vn -0.8640 0.0425 -0.5017
vn 0.9283 -0.0025 -0.3719
vn -0.5879 -0.1018 -0.8025
vn -0.9889 -0.1198 0.0876
vn -0.4390 -0.0985 0.8931
vn -0.9312 0.0031 0.3646
vn -0.9984 0.0227 -0.0510
vn -0.4232 -0.0751 0.9029
vn -0.4689 -0.0996 0.8776
vn -0.8965 -0.3231 0.3031
vn -0.9971 0.0327 -0.0692
vn -0.9527 -0.0944 -0.2890
vn -0.9547 -0.0767 -0.2874
vn 0.9210 0.0074 -0.3895
vn 0.1196 -0.0055 -0.9928
vn 0.9312 -0.0032 -0.3646
vn -0.5952 -0.1056 -0.7966
vn 0.8483 0.3474 -0.3996
vn 0.4714 -0.1486 -0.8693
vn 0.9631 0.2359 0.1298
vn 0.8974 0.1018 0.4293
vn -0.9725 -0.0562 0.2258
vn -0.9954 0.0251 0.0922
vn -0.6777 0.0466 -0.7338
vn -0.9776 0.0317 -0.2082
vn 0.9396 0.2121 -0.2685
vn 0.5046 0.0581 -0.8614
vn -0.9948 0.0267 -0.0985
vn 0.9740 0.2003 -0.1058
vn -0.9693 -0.1823 0.1650
vn 0.9768 -0.0279 0.2123
vn 0.9941 -0.0263 0.1055
vn 0.9982 -0.0234 0.0553
vn -0.9812 -0.1871 0.0485
vn -0.9753 -0.1949 0.1036
vn -0.9989 0.0243 -0.0408
vn -0.9339 0.0037 0.3575
vn 0.6027 0.1093 0.7905
vn 0.9788 0.2000 -0.0449
vn -0.4415 -0.0968 0.8920
vn 0.8566 -0.0425 0.5143
vn 0.4798 0.0973 -0.8720
vn 0.5279 0.1060 0.8427
vn 0.6928 0.0597 0.7187
vn 0.3986 0.0997 -0.9117
vn -0.5311 -0.1002 -0.8414
vn -0.9793 -0.1852 0.0812
vn 0.0087 -0.1016 0.9948
vn -0.4079 -0.0972 0.9078
vn 0.0084 -0.0981 -0.9951
vn 0.8604 -0.0425 0.5079
vn 0.4324 0.7033 -0.5643
vn -0.4324 0.7033 -0.5643
vn -0.4924 0.7150 0.4963
vn 0.4924 0.7150 0.4963
vn -0.8993 -0.0405 -0.4355
vn -0.7443 0.0664 -0.6645
vn -0.0707 -0.0015 -0.9975
vn -0.0489 -0.1062 -0.9931
vn 0.0369 -0.0008 -0.9993
vn 0.0834 -0.0949 -0.9920
vn 0.0520 -0.0009 -0.9986
vn 0.7443 0.0664 -0.6645
vn 0.8993 -0.0405 -0.4355
vn 0.1538 -0.0021 -0.9881
vn -0.0344 0.1118 -0.9931
vn -0.0878 0.1045 -0.9906
vn -0.0943 0.1073 -0.9898
vn -0.0376 -0.0010 -0.9993
vn 0.7443 -0.0664 0.6646
vn 0.8153 -0.0023 0.5790
vn 0.3078 0.0257 0.9511
vn 0.8656 -0.0605 0.4971
vn 0.0764 -0.1047 0.9916
vn 0.0724 -0.1083 0.9915
vn -0.2930 -0.0005 0.9561
vn -0.7443 -0.0664 0.6646
vn 0.9940 0.0081 -0.1089
vn 0.9753 -0.0616 -0.2120
vn 0.9989 -0.0028 0.0472
vn 0.9991 -0.0019 0.0429
vn 0.9882 0.0786 -0.1311
vn 0.9960 0.0032 -0.0895
vn -0.8993 0.0405 0.4355
vn 0.8993 0.0405 0.4355
vn -0.4924 -0.7150 -0.4963
vn -0.4324 -0.7033 0.5643
vn 0.4924 -0.7150 -0.4963
vn 0.4324 -0.7033 0.5643
vn 0.9949 -0.0054 0.1005
vn 0.9900 0.0628 0.1264
vn 0.9978 0.0665 -0.0009
vn 0.9959 0.0057 -0.0898
vn 0.9972 -0.0641 0.0380
vn 0.9965 -0.0722 0.0428
vn 0.6661 -0.0330 0.7451
vn 0.6817 0.0543 -0.7296
vn 0.9938 -0.0526 -0.0976
vn 0.9934 -0.0730 0.0885
vn 0.9975 0.0665 0.0247
vn 0.9998 0.0010 -0.0196
vn 0.9966 0.0576 0.0588
vn 0.9977 -0.0669 0.0104
vn 0.7286 -0.0000 -0.6849
vn 0.7251 0.0023 -0.6887
vn -0.2815 0.0163 0.9594
vn -0.0762 0.0013 0.9971
vn -0.1150 0.1053 0.9878
vn 0.1260 0.1053 0.9864
vn 0.0622 0.0010 0.9981
vn -0.0092 -0.1040 0.9945
vn 0.8992 -0.0270 0.4367
vn -0.0094 -0.1047 0.9945
vn 0.0807 -0.1076 0.9909
vn 0.0679 -0.1050 0.9922
vn 0.0041 0.1052 0.9944
vn 0.0478 0.0011 0.9989
vn -0.4223 0.0991 0.9010
vn -0.0353 0.1058 0.9938
vn 0.0683 -0.1069 0.9919
vn -0.7426 -0.0895 0.6637
vn 0.0653 -0.1045 0.9924
vn -0.5463 -0.0916 0.8326
vn 0.0027 0.1042 -0.9946
vn -0.1072 0.1114 -0.9880
vn -0.1462 -0.0041 -0.9892
vn -0.0096 0.1016 -0.9948
vn -0.9071 0.0225 -0.4204
vn -0.0542 -0.1118 -0.9923
vn -0.0963 0.1058 -0.9897
vn -0.9162 0.0164 -0.4005
vn -0.0894 0.1045 -0.9905
vn -0.9149 0.0174 -0.4033
vn 0.2099 -0.1052 -0.9720
vn 0.9900 0.0627 0.1263
vn 0.6727 -0.0400 0.7388
vn 0.9944 -0.0723 0.0771
vn 0.9978 0.0664 -0.0003
vn 0.6722 0.0266 -0.7399
vn 0.9955 0.0662 0.0676
vn 0.9876 0.0557 0.1466
vn 0.6666 -0.0435 0.7441
vn 0.6646 0.0389 -0.7462
vn 0.6648 -0.0393 0.7460
vn 0.6696 0.0468 -0.7412
vn 0.9908 -0.0643 -0.1193
vn -0.0097 0.1055 -0.9944
vn 0.0698 0.1033 -0.9922
vn 0.9099 0.0208 -0.4144
vn 0.1031 -0.1113 -0.9884
vn 0.0028 0.1052 -0.9944
vn 0.9010 0.0260 -0.4329
vn -0.0925 0.1072 -0.9899
vn -0.0310 0.1062 -0.9939
vn 0.8961 0.0283 -0.4429
vn 0.2507 -0.1141 -0.9613
vn 0.0044 0.1083 0.9941
vn -0.9309 0.0117 0.3650
vn 0.9115 -0.0197 0.4108
vn 0.1404 0.1110 0.9838
vn -0.1272 0.1106 0.9857
vn -0.9008 -0.0261 0.4334
vn -0.0343 0.1043 0.9940
vn -0.5668 0.1071 0.8168
vn -0.8639 -0.0413 0.5019
vn 0.6759 -0.0783 0.7328
vn 0.9220 0.0323 0.3860
vn 0.0075 0.9946 0.1034
vn 0.0692 -0.1037 0.9922
vn -0.9976 0.0003 0.0696
vn -0.0075 -0.9946 -0.1034
vn 0.9976 -0.0003 -0.0696
vn -0.0692 0.1037 -0.9922
vn 0.0075 0.9946 -0.1034
vn 0.0692 -0.1037 -0.9922
vn -0.9976 0.0003 -0.0696
vn -0.0075 -0.9946 0.1034
vn 0.9976 -0.0003 0.0696
vn -0.0692 0.1037 0.9922
vn -0.0000 0.9775 0.2108
vn -0.0000 -0.2108 0.9775
vn -0.0000 -0.9775 -0.2108
vn -0.0000 0.2108 -0.9775
vn -0.0000 0.9950 -0.0996
vn -0.0000 -0.0996 -0.9950
vn -0.0000 -0.9950 0.0996
vn -0.0000 0.0996 0.9950
vn -0.0000 0.9950 0.0996
vn -0.0000 -0.0996 0.9950
vn -0.0000 -0.9950 -0.0996
vn -0.0000 0.0996 -0.9950
vn -0.0000 0.9775 -0.2108
vn -0.0000 -0.2108 -0.9775
vn -0.0000 -0.9775 0.2108
vn -0.0000 0.2108 0.9775
vn -0.0000 -0.9999 -0.0146
vn -0.0000 -0.9999 -0.0147
vn -0.0000 -0.9999 -0.0106
vn 0.9997 -0.0000 -0.0243
vn -0.0000 0.9999 -0.0147
vn -0.0000 0.9999 -0.0106
vn -0.9998 -0.0000 -0.0178
vn -1.0000 -0.0000 0.0032
vn -0.9999 -0.0000 0.0170
vn -0.9998 -0.0000 0.0200
vn -0.0000 0.9999 0.0155
vn -0.0000 1.0000 0.0029
vn -0.0000 1.0000 0.0028
vn 0.9999 -0.0000 0.0135
vn 0.9999 -0.0000 0.0105
vn 1.0000 -0.0000 0.0100
vn 0.0001 -0.9999 0.0155
vn -0.0000 -1.0000 0.0028
vn -0.0000 -1.0000 0.0029
vn -1.0000 -0.0000 -0.0044
vn 0.9999 -0.0000 -0.0109
vn -0.0000 -1.0000 0.0087
vn 0.9999 -0.0000 0.0141
vn -0.0000 1.0000 0.0087
vn -0.9998 -0.0000 0.0205
vn -0.9261 -0.0000 0.3774
vn 1.0000 -0.0000 -0.0032
vn 0.9285 -0.0000 0.3714
vn 0.0012 0.9252 0.3795
vn 0.0012 -0.9252 0.3795
vn -0.0006 0.9827 -0.1854
vn -0.0006 -0.9827 -0.1854
vn -0.9838 -0.0000 -0.1794
vn 0.9826 -0.0000 -0.1857
vn 0.0032 -0.0000 1.0000
vn -0.0032 -0.0000 -1.0000
vn -0.9997 -0.0000 -0.0243
vn 0.9998 -0.0000 -0.0178
vn 1.0000 -0.0000 0.0032
vn 0.9999 -0.0000 0.0170
vn 0.9998 -0.0000 0.0200
vn -0.0001 0.9999 0.0155
vn -0.9999 -0.0000 0.0135
vn -1.0000 -0.0000 0.0100
vn -0.9999 -0.0000 0.0106
vn -0.0000 -0.9999 0.0155
vn 1.0000 -0.0000 -0.0044
vn -0.9999 -0.0000 -0.0109
vn -0.9999 -0.0000 0.0141
vn 0.9998 -0.0000 0.0205
vn 0.9261 -0.0000 0.3774
vn -1.0000 -0.0000 -0.0032
vn -0.9285 -0.0000 0.3714
vn -0.0012 0.9252 0.3795
vn -0.0012 -0.9252 0.3795
vn 0.0006 0.9827 -0.1854
vn 0.0006 -0.9827 -0.1854
vn 0.9838 -0.0000 -0.1794
vn -0.9826 -0.0000 -0.1857
vn -0.0032 -0.0000 1.0000
vn 0.0032 -0.0000 -1.0000
vn -0.0000 -0.9997 -0.0250
vn -0.0000 -0.9998 -0.0179
vn -0.0000 -0.9998 -0.0178
vn -0.0000 -0.9997 -0.0251
vn -0.9991 -0.0000 -0.0413
vn -0.0000 0.9997 -0.0251
vn -0.0000 0.9998 -0.0178
vn -0.0000 0.9998 -0.0180
vn -0.0000 0.9997 -0.0250
vn 0.9995 -0.0000 -0.0303
vn 1.0000 -0.0000 0.0055
vn 0.9996 -0.0000 0.0289
vn 0.9996 -0.0000 0.0279
vn 0.9994 -0.0000 0.0340
vn -0.0001 0.9997 0.0264
vn -0.0000 1.0000 0.0048
vn -0.0000 1.0000 0.0049
vn -0.0001 0.9997 0.0265
vn -0.9997 -0.0000 0.0230
vn -0.9998 -0.0000 0.0179
vn -0.0000 -0.9996 0.0265
vn -0.0000 -1.0000 0.0050
vn -0.0000 -1.0000 0.0048
vn -0.0000 -0.9997 0.0264
vn 1.0000 -0.0000 -0.0075
vn -0.9998 -0.0000 -0.0185
vn -0.0000 -0.9999 0.0147
vn -0.0000 -0.9999 0.0148
vn -0.9997 -0.0000 0.0240
vn -0.0000 0.9999 0.0148
vn -0.0000 0.9999 0.0147
vn 0.9994 -0.0000 0.0349
vn 0.8219 -0.0000 0.5696
vn -1.0000 -0.0000 -0.0055
vn -0.8268 -0.0000 0.5624
vn -0.0011 0.8202 0.5721
vn -0.0011 -0.8202 0.5721
vn 0.0006 0.9522 -0.3055
vn 0.0006 -0.9522 -0.3055
vn 0.9551 -0.0000 -0.2962
vn -0.9520 -0.0000 -0.3060
vn -0.0019 -0.0000 1.0000
vn 0.0019 -0.0000 -1.0000
vn 0.0001 -0.9998 -0.0195
vn -0.0000 -0.9999 -0.0141
vn -0.0000 -0.9999 -0.0140
vn 0.0001 -0.9998 -0.0196
vn -0.9995 -0.0000 -0.0320
vn -0.0000 0.9998 -0.0196
vn -0.0000 0.9999 -0.0140
vn -0.0000 0.9999 -0.0141
vn -0.0000 0.9998 -0.0195
vn 0.9997 -0.0000 -0.0235
vn 1.0000 -0.0000 0.0043
vn 0.9997 -0.0000 0.0224
vn 0.9998 -0.0000 0.0217
vn 0.9997 -0.0000 0.0264
vn -0.0001 0.9998 0.0207
vn -0.0000 1.0000 0.0038
vn -0.9998 -0.0000 0.0178
vn -0.9999 -0.0000 0.0132
vn -0.9999 -0.0000 0.0139
vn -0.0000 -0.9998 0.0207
vn -0.0000 -1.0000 0.0039
vn -0.0000 -1.0000 0.0038
vn 1.0000 -0.0000 -0.0058
vn -0.9999 -0.0000 -0.0143
vn -0.0000 -0.9999 0.0116
vn -0.9998 -0.0000 0.0186
vn -0.0000 0.9999 0.0116
vn 0.9996 -0.0000 0.0271
vn 0.8806 -0.0000 0.4739
vn -1.0000 -0.0000 -0.0043
vn -0.8842 -0.0000 0.4671
vn -0.0012 0.8777 0.4793
vn -0.0012 -0.8777 0.4793
vn 0.0006 0.9699 -0.2436
vn -1.0000 -0.0000 -0.0042
vn 0.0006 -0.9699 -0.2436
vn 0.9722 -0.0000 -0.2341
vn -0.9702 -0.0000 -0.2422
vn -0.0024 -0.0000 1.0000
vn 0.0024 -0.0000 -1.0000
vn -0.0000 -0.9998 -0.0195
vn -0.0000 -0.9998 -0.0196
vn 0.9995 -0.0000 -0.0320
vn -0.9997 -0.0000 -0.0235
vn -1.0000 -0.0000 0.0043
vn -0.9997 -0.0000 0.0224
vn -0.9997 -0.0000 0.0264
vn -0.9998 -0.0000 0.0217
vn -0.0000 0.9998 0.0207
vn 0.9998 -0.0000 0.0179
vn 0.9999 -0.0000 0.0139
vn 0.9999 -0.0000 0.0132
vn 0.0001 -0.9998 0.0207
vn -1.0000 -0.0000 -0.0058
vn 0.9999 -0.0000 -0.0143
vn 0.9998 -0.0000 0.0186
vn -0.0000 0.9999 0.0115
vn -0.9996 -0.0000 0.0271
vn -0.8806 -0.0000 0.4739
vn 1.0000 -0.0000 -0.0043
vn 0.8842 -0.0000 0.4671
vn 0.0012 0.8777 0.4792
vn 0.0012 -0.8777 0.4792
vn -0.0006 0.9699 -0.2436
vn 1.0000 -0.0000 -0.0042
vn -0.0006 -0.9699 -0.2436
vn -0.9722 -0.0000 -0.2341
vn 0.9702 -0.0000 -0.2422
vn 0.0024 -0.0000 1.0000
vn -0.0024 -0.0000 -1.0000
vn 0.0003 -0.0121 -0.9999
vn 0.9999 -0.0130 0.0003
vn -0.0003 -0.0121 0.9999
vn -0.9999 -0.0130 -0.0003
vn -1.0000 -0.0000 -0.0003
vn -0.0003 -0.0000 1.0000
vn 1.0000 -0.0000 0.0003
vn 0.0003 -0.0000 -1.0000
vn 0.0003 0.0301 -0.9995
vn 0.9995 0.0324 0.0003
vn -0.0003 0.0301 0.9995
vn -0.9995 0.0324 -0.0003
vn 0.3216 -0.9469 0.0001
vn 0.3270 -0.9450 0.0001
vn -0.2605 0.9655 -0.0001
vn -0.2993 0.9542 -0.0001
vn -0.2998 0.9540 -0.0001
vn -0.6588 0.7524 -0.0002
vn -0.3371 0.9415 -0.0001
vn 0.3324 -0.9432 0.0001
vn 0.7796 -0.6262 0.0002
vn 0.6539 -0.7566 0.0002
vn -0.8953 0.4455 -0.0003
vn -0.7809 0.6246 -0.0002
vn 0.8903 -0.4554 0.0003
vn 0.9577 -0.2877 0.0003
vn 0.9202 -0.3914 0.0003
vn -0.9278 0.3730 -0.0003
vn -0.0090 -1.0000 -0.0000
vn -0.9577 0.2877 -0.0003
vn -0.3216 -0.9469 -0.0001
vn -0.3270 -0.9450 -0.0001
vn 0.2605 0.9655 0.0001
vn 0.2998 0.9540 0.0001
vn 0.2993 0.9542 0.0001
vn 0.6588 0.7524 0.0002
vn 0.3371 0.9415 0.0001
vn -0.3324 -0.9432 -0.0001
vn -0.7796 -0.6262 -0.0002
vn -0.6539 -0.7566 -0.0002
vn 0.8953 0.4455 0.0003
vn 0.7809 0.6246 0.0002
vn -0.8903 -0.4554 -0.0003
vn -0.9577 -0.2878 -0.0003
vn -0.9202 -0.3914 -0.0003
vn 0.9278 0.3730 0.0003
vn 0.0090 -1.0000 -0.0000
vn 0.9577 0.2878 0.0003
vn 0.0003 -0.0121 0.9999
vn 0.9999 -0.0130 -0.0003
vn -0.0003 -0.0121 -0.9999
vn -0.9999 -0.0130 0.0003
vn -1.0000 -0.0000 0.0003
vn -0.0003 -0.0000 -1.0000
vn 1.0000 -0.0000 -0.0003
vn 0.0003 -0.0000 1.0000
vn 0.0003 0.0301 0.9995
vn 0.9995 0.0324 -0.0003
vn -0.0003 0.0301 -0.9995
vn -0.9995 0.0324 0.0003
vn 0.3216 -0.9469 -0.0001
vn 0.3270 -0.9450 -0.0001
vn -0.2605 0.9655 0.0001
vn -0.2993 0.9542 0.0001
vn -0.2998 0.9540 0.0001
vn -0.6588 0.7524 0.0002
vn -0.3371 0.9415 0.0001
vn 0.3324 -0.9432 -0.0001
vn 0.7796 -0.6262 -0.0002
vn 0.6539 -0.7566 -0.0002
vn -0.8953 0.4455 0.0003
vn -0.7809 0.6246 0.0002
vn 0.8903 -0.4554 -0.0003
vn 0.9577 -0.2877 -0.0003
vn 0.9202 -0.3914 -0.0003
vn -0.9278 0.3730 0.0003
vn -0.9577 0.2877 0.0003
vn -0.3216 -0.9469 0.0001
vn -0.3270 -0.9450 0.0001
vn 0.2605 0.9655 -0.0001
vn 0.2998 0.9540 -0.0001
vn 0.2993 0.9542 -0.0001
vn 0.6588 0.7524 -0.0002
vn 0.3371 0.9415 -0.0001
vn -0.3324 -0.9432 0.0001
vn -0.7796 -0.6262 0.0002
vn -0.6539 -0.7566 0.0002
vn 0.8953 0.4455 -0.0003
vn 0.7809 0.6246 -0.0002
vn -0.8903 -0.4554 0.0003
vn -0.9577 -0.2878 0.0003
vn -0.9202 -0.3914 0.0003
vn 0.9278 0.3730 -0.0003
vn 0.9577 0.2878 -0.0003
vn 0.9999 -0.0121 0.0003
vn -0.0003 -0.0123 0.9999
vn -0.9999 -0.0121 -0.0003
vn 0.0003 -0.0123 -0.9999
vn 0.9995 0.0301 0.0003
vn -0.0003 0.0306 0.9995
vn -0.9995 0.0301 -0.0003
vn 0.0003 0.0306 -0.9995
vn -0.0001 -0.9409 0.3386
vn -0.0001 -0.9389 0.3442
vn 0.0001 0.9615 -0.2749
vn 0.0001 0.9489 -0.3157
vn 0.0002 0.7331 -0.6801
vn 0.0001 0.9350 -0.3547
vn -0.0001 -0.9368 0.3498
vn -0.0002 -0.6042 0.7969
vn -0.0002 -0.7376 0.6753
vn 0.0003 0.4252 -0.9051
vn 0.0002 0.6025 -0.7981
vn -0.0003 -0.4348 0.9005
vn -0.0003 -0.2728 0.9621
vn -0.0003 -0.3726 0.9280
vn 0.0003 0.3548 -0.9350
vn -0.0000 -1.0000 -0.0096
vn 0.0003 0.2728 -0.9621
vn 0.0001 -0.9409 -0.3386
vn 0.0001 -0.9389 -0.3442
vn -0.0001 0.9615 0.2749
vn -0.0001 0.9489 0.3155
vn -0.0002 0.7331 0.6801
vn -0.0001 0.9350 0.3547
vn 0.0001 -0.9368 -0.3498
vn 0.0002 -0.6042 -0.7969
vn 0.0002 -0.7376 -0.6753
vn -0.0003 0.4252 0.9051
vn -0.0002 0.6025 0.7981
vn 0.0003 -0.4348 -0.9005
vn 0.0003 -0.2728 -0.9621
vn 0.0003 -0.3726 -0.9280
vn -0.0003 0.3548 0.9350
vn -0.0000 -1.0000 0.0096
vn -0.0003 0.2728 0.9621
vn 0.9999 0.0121 0.0003
vn -0.0003 0.0123 0.9999
vn -0.9999 0.0121 -0.0003
vn 0.0003 0.0123 -0.9999
vn 0.9995 -0.0301 0.0003
vn -0.0003 -0.0306 0.9995
vn -0.9995 -0.0301 -0.0003
vn 0.0003 -0.0306 -0.9995
vn 0.0003 0.1655 -0.9862
vn -0.0003 -0.1655 0.9862
vn -0.0000 -0.9862 -0.1655
vn -0.0000 0.9862 0.1655
vn 0.3268 -0.9321 -0.1563
vn 0.3322 -0.9302 -0.1560
vn 0.3324 -0.9301 -0.1560
vn -0.2649 0.9510 0.1595
vn -0.3051 0.9392 0.1575
vn -0.3038 0.9396 0.1576
vn -0.6655 0.7362 0.1233
vn -0.3425 0.9266 0.1554
vn 0.3377 -0.9283 -0.1557
vn 0.7851 -0.6109 -0.1023
vn 0.6606 -0.7404 -0.1241
vn -0.8984 0.4331 0.0724
vn -0.7864 0.6092 0.1020
vn 0.8936 -0.4427 -0.0740
vn 0.9591 -0.2792 -0.0466
vn 0.9227 -0.3802 -0.0635
vn -0.9301 0.3622 0.0605
vn -0.0092 -0.9862 -0.1655
vn -0.9591 0.2792 0.0466
vn -0.3268 -0.9320 -0.1565
vn -0.3324 -0.9301 -0.1562
vn -0.3322 -0.9302 -0.1562
vn 0.2649 0.9510 0.1597
vn 0.3038 0.9396 0.1578
vn 0.3051 0.9392 0.1577
vn 0.6655 0.7361 0.1237
vn 0.3425 0.9265 0.1556
vn -0.3377 -0.9283 -0.1559
vn -0.7851 -0.6108 -0.1027
vn -0.6606 -0.7404 -0.1244
vn 0.8984 0.4330 0.0729
vn 0.7864 0.6092 0.1024
vn -0.8936 -0.4426 -0.0745
vn -0.9591 -0.2791 -0.0471
vn -0.9227 -0.3801 -0.0641
vn 0.9301 0.3621 0.0610
vn 0.0092 -0.9862 -0.1655
vn 0.9591 0.2791 0.0471
vn 0.0003 0.1655 0.9862
vn -0.0003 -0.1655 -0.9862
vn -0.0000 -0.9862 0.1655
vn -0.0000 0.9862 -0.1655
vn 0.3268 -0.9321 0.1563
vn 0.3325 -0.9301 0.1560
vn 0.3321 -0.9302 0.1560
vn -0.2649 0.9510 -0.1595
vn -0.3033 0.9398 -0.1576
vn -0.3057 0.9390 -0.1575
vn -0.6655 0.7362 -0.1233
vn -0.3425 0.9266 -0.1554
vn 0.3377 -0.9283 0.1557
vn 0.7851 -0.6109 0.1023
vn 0.6606 -0.7404 0.1241
vn -0.8984 0.4331 -0.0724
vn -0.7864 0.6092 -0.1020
vn 0.8936 -0.4427 0.0740
vn 0.9591 -0.2792 0.0466
vn 0.9227 -0.3802 0.0635
vn -0.9301 0.3622 -0.0605
vn -0.0092 -0.9862 0.1655
vn -0.9591 0.2792 -0.0466
vn -0.3268 -0.9320 0.1565
vn -0.3321 -0.9302 0.1562
vn -0.3325 -0.9301 0.1562
vn 0.2649 0.9510 -0.1597
vn 0.3057 0.9390 -0.1577
vn 0.3033 0.9398 -0.1578
vn 0.6655 0.7361 -0.1237
vn 0.3425 0.9265 -0.1556
vn -0.3377 -0.9283 0.1559
vn -0.7851 -0.6108 0.1027
vn -0.6606 -0.7404 0.1244
vn 0.8984 0.4330 -0.0729
vn 0.7864 0.6092 -0.1024
vn -0.8936 -0.4426 0.0745
vn -0.9591 -0.2791 0.0471
vn -0.9227 -0.3801 0.0641
vn 0.9301 0.3621 -0.0610
vn 0.0092 -0.9862 0.1655
vn 0.9591 0.2791 -0.0471
vn -0.9999 0.0114 -0.0003
vn 0.0003 0.0116 -0.9999
vn 0.9999 0.0114 0.0003
vn -0.0003 0.0116 0.9999
vn -0.9996 -0.0284 -0.0003
vn 0.0003 -0.0288 -0.9996
vn 0.9996 -0.0284 0.0003
vn -0.0003 -0.0288 0.9996
vn 0.0003 -0.0128 -0.9999
vn 0.9999 -0.0116 0.0003
vn -0.0003 -0.0128 0.9999
vn -0.9999 -0.0116 -0.0003
vn 0.0003 0.0319 -0.9995
vn 0.9996 0.0289 0.0003
vn -0.0003 0.0319 0.9995
vn -0.9996 0.0289 -0.0003
vn 0.0003 0.1748 -0.9846
vn 0.9999 -0.0106 -0.0017
vn -0.0003 -0.2022 0.9793
vn -0.9999 -0.0105 -0.0023
vn -0.0000 -0.9821 -0.1885
vn -0.0000 0.9821 0.1885
vn -1.0000 0.0001 -0.0003
vn -0.0003 -0.1885 0.9821
vn 1.0000 -0.0001 0.0003
vn 0.0003 0.1885 -0.9821
vn 0.0003 0.2225 -0.9749
vn 0.9996 0.0263 0.0053
vn -0.0003 -0.1543 0.9880
vn -0.9996 0.0264 0.0048
vn 0.3795 -0.9086 -0.1743
vn 0.3854 -0.9062 -0.1738
vn 0.3858 -0.9061 -0.1738
vn -0.3099 0.9337 0.1792
vn -0.3556 0.9179 0.1761
vn -0.3535 0.9187 0.1763
vn -0.7266 0.6748 0.1293
vn -0.3969 0.9014 0.1729
vn 0.3916 -0.9036 -0.1734
vn 0.8327 -0.5439 -0.1042
vn 0.7221 -0.6794 -0.1302
vn -0.9246 0.3742 0.0716
vn -0.8338 0.5423 0.1039
vn 0.9208 -0.3830 -0.0733
vn 0.9704 -0.2371 -0.0452
vn 0.9432 -0.3263 -0.0624
vn -0.9488 0.3102 0.0593
vn -0.0109 -0.9820 -0.1885
vn -0.9704 0.2371 0.0452
vn -0.3795 -0.9086 -0.1745
vn -0.3858 -0.9060 -0.1740
vn -0.3854 -0.9062 -0.1741
vn 0.3099 0.9337 0.1793
vn 0.3535 0.9186 0.1765
vn 0.3556 0.9179 0.1763
vn 0.7266 0.6747 0.1297
vn 0.3969 0.9014 0.1731
vn -0.3916 -0.9036 -0.1736
vn -0.8327 -0.5438 -0.1046
vn -0.7221 -0.6794 -0.1306
vn 0.9246 0.3741 0.0721
vn 0.8338 0.5422 0.1043
vn -0.9208 -0.3829 -0.0738
vn -0.9704 -0.2370 -0.0458
vn -0.9432 -0.3262 -0.0629
vn 0.9488 0.3101 0.0598
vn 0.0109 -0.9820 -0.1885
vn 0.9704 0.2370 0.0458
vn -1.0000 0.0056 -0.0003
vn 0.0003 0.0072 -1.0000
vn 1.0000 0.0056 0.0003
vn -0.0003 0.0072 1.0000
vn -0.9999 -0.0139 -0.0003
vn 0.0003 -0.0179 -0.9998
vn 0.9999 -0.0139 0.0003
vn -0.0003 -0.0179 0.9998
vn 1.0000 0.0057 -0.0003
vn -0.0003 0.0073 -1.0000
vn -1.0000 0.0057 0.0003
vn 0.0003 0.0073 1.0000
vn 0.9999 -0.0141 -0.0003
vn -0.0003 -0.0183 -0.9998
vn -0.9999 -0.0141 0.0003
vn 0.0003 -0.0183 0.9998
vn 0.0003 0.1748 0.9846
vn 0.9999 -0.0106 0.0017
vn -0.0003 -0.2022 -0.9793
vn -0.9999 -0.0105 0.0023
vn -0.0000 -0.9821 0.1885
vn -0.0000 0.9821 -0.1885
vn -1.0000 0.0001 0.0003
vn -0.0003 -0.1885 -0.9821
vn 1.0000 -0.0001 -0.0003
vn 0.0003 0.1885 0.9821
vn 0.0003 0.2225 0.9749
vn 0.9996 0.0263 -0.0053
vn -0.0003 -0.1543 -0.9880
vn -0.9996 0.0264 -0.0048
vn 0.3795 -0.9086 0.1743
vn 0.3859 -0.9060 0.1738
vn 0.3853 -0.9063 0.1739
vn -0.3099 0.9337 -0.1792
vn -0.3950 0.9022 -0.1731
vn -0.3119 0.9331 -0.1790
vn -0.7266 0.6748 -0.1293
vn -0.3969 0.9014 -0.1729
vn 0.3916 -0.9036 0.1734
vn 0.8327 -0.5439 0.1042
vn 0.7221 -0.6794 0.1302
vn -0.9246 0.3742 -0.0716
vn -0.8338 0.5423 -0.1039
vn 0.9208 -0.3830 0.0733
vn 0.9704 -0.2371 0.0452
vn 0.9432 -0.3263 0.0624
vn -0.9488 0.3102 -0.0593
vn -0.0109 -0.9820 0.1885
vn -0.9704 0.2371 -0.0452
vn -0.3795 -0.9086 0.1745
vn -0.3853 -0.9062 0.1741
vn -0.3859 -0.9060 0.1740
vn 0.3099 0.9337 -0.1793
vn 0.3120 0.9330 -0.1792
vn 0.3950 0.9022 -0.1733
vn 0.7266 0.6747 -0.1297
vn 0.3969 0.9014 -0.1732
vn -0.3916 -0.9036 0.1736
vn -0.8327 -0.5438 0.1046
vn -0.7221 -0.6794 0.1306
vn 0.9246 0.3741 -0.0721
vn 0.8338 0.5422 -0.1043
vn -0.9208 -0.3829 0.0738
vn -0.9704 -0.2370 0.0458
vn -0.9432 -0.3262 0.0629
vn 0.9488 0.3101 -0.0598
vn 0.0109 -0.9820 0.1885
vn 0.9704 0.2370 -0.0458
vn -0.9999 -0.0113 -0.0000
vn -0.0000 -0.0118 -0.9999
vn 0.9999 -0.0113 -0.0000
vn -0.0000 -0.0118 0.9999
vn -0.9995 0.0318 -0.0000
vn -0.0000 0.0333 -0.9994
vn 0.9995 0.0318 -0.0000
vn -0.0000 0.0333 0.9994
vn -0.0029 -0.0000 -1.0000
vn -0.0029 0.1036 -0.9946
vn 0.7317 0.0705 -0.6780
vn 0.8459 -0.0000 -0.5334
vn 0.9039 0.0446 0.4253
vn 0.8490 -0.0000 0.5284
vn 0.0029 -0.0000 1.0000
vn 0.0434 -0.1045 0.9936
vn 0.0760 -0.1030 0.9918
vn -0.8459 -0.0000 0.5334
vn -0.9012 0.0446 0.4311
vn -0.7352 0.0703 -0.6742
vn -0.8490 -0.0000 -0.5284
vn -0.0029 -0.1036 -0.9946
vn 0.0029 -0.1036 0.9946
vn -0.7317 -0.0705 0.6780
vn -0.9039 -0.0446 -0.4253
vn 0.0029 0.1036 0.9946
vn -0.0034 -0.1033 0.9946
vn -0.4148 -0.1125 0.9029
vn -0.2459 0.0077 0.9693
vn -0.4731 -0.0858 0.8768
vn -0.8856 0.0325 0.4633
vn 0.0389 0.1046 0.9938
vn 0.0860 0.1031 0.9909
vn 0.2242 0.0100 0.9745
vn 0.5646 -0.1066 0.8184
vn -0.1056 -0.0996 0.9894
vn 0.0694 -0.1033 0.9922
vn 0.0761 -0.1034 0.9917
vn 0.0694 -0.1034 0.9922
vn 0.2363 -0.0996 0.9666
vn 0.1922 -0.1049 0.9757
vn 0.0686 -0.1018 0.9924
vn -0.0355 0.0009 0.9994
vn 0.0028 0.1050 0.9945
vn 0.0365 0.0008 0.9993
vn -0.3143 0.9143 0.2556
vn -0.0570 0.0011 0.9984
vn -0.0191 -0.1047 0.9943
vn -0.0187 -0.1039 0.9944
vn -0.9033 -0.0243 0.4283
vn 0.0695 0.1033 0.9922
vn 0.9038 0.0253 0.4271
vn 0.2600 -0.0987 0.9606
vn 0.9012 -0.0446 -0.4311
vn 0.7352 -0.0703 0.6742
vn 0.2032 0.0021 0.9791
vn 0.0099 -0.1105 0.9938
vn -0.9137 0.0169 0.4059
vn -0.2417 0.0991 0.9653
vn -0.2533 0.0987 0.9624
vn -0.1203 0.1057 0.9871
vn 0.1540 0.1051 0.9825
vn 0.2804 0.0979 0.9549
vn 0.1462 -0.0990 0.9843
vn -0.1340 0.1049 0.9854
vn 0.0534 0.1052 0.9930
vn 0.9125 0.0201 0.4086
vn 0.8904 -0.0313 0.4541
vn 0.0535 -0.1010 0.9934
vn -0.0444 -0.1034 0.9936
vn -0.0034 0.1005 0.9949
vn 0.1601 0.1046 0.9815
vn 0.9124 0.0197 0.4088
vn 0.0174 -0.1043 0.9944
vn -0.0180 -0.1053 0.9943
vn -0.9144 0.0165 0.4045
vn -0.2170 0.1000 0.9710
vn 0.1491 -0.1020 0.9835
vn 0.1471 -0.1049 0.9836
vn 0.0173 -0.1038 0.9944
vn 0.9165 0.0170 0.3997
vn 0.0691 -0.1078 0.9918
vn -0.9168 0.0147 0.3990
vn 0.0002 0.1036 0.9946
vn 0.0776 0.1050 0.9914
vn 0.0585 0.0011 0.9983
vn -0.0833 0.1054 0.9909
vn 0.2216 0.1048 0.9695
vn 0.1253 0.0014 0.9921
vn 0.0620 -0.1033 0.9927
vn 0.0226 -0.1064 0.9941
vn -0.3320 -0.1133 0.9364
vn -0.1287 0.0029 0.9917
vn -0.1317 0.1052 0.9857
vn 0.0356 0.1045 0.9939
vn 0.0312 -0.1064 0.9938
vn 0.0303 -0.1045 0.9941
vn -0.0910 0.1101 0.9897
vn -0.0175 -0.1042 0.9944
vn -0.0486 0.1034 0.9935
vn -0.1218 -0.1096 0.9865
vn -0.1111 -0.1050 0.9882
vn -0.1944 0.1034 0.9755
vn -0.0658 0.1037 0.9924
vn -0.1987 0.0030 0.9801
vn -0.9238 -0.0085 0.3828
vn 0.0405 0.1068 0.9935
vn 0.2629 0.1132 0.9581
vn -0.9021 -0.0249 0.4308
vn -0.1350 0.1042 0.9853
vn -0.0237 0.1042 0.9943
vn 0.0360 0.1043 0.9939
vn -0.0076 0.1036 0.9946
vn 0.0242 0.1043 0.9942
vn 0.9037 0.0254 0.4275
vn 0.2101 -0.1042 0.9721
vn -0.8976 -0.0267 0.4400
vn -0.2172 0.1001 0.9710
vn -0.9135 0.0172 0.4065
vn 0.0028 0.1030 0.9947
vn 0.4559 0.0975 0.8847
vn 0.9327 -0.0039 0.3606
vn 0.0234 0.1057 0.9941
vn -0.1467 0.1108 0.9829
vn 0.0370 0.1065 0.9936
vn -0.3268 0.0987 0.9399
vn -0.1144 0.1045 0.9879
vn -0.0048 0.1042 0.9945
vn 0.0083 0.1046 0.9945
vn 0.2599 -0.0987 0.9606
vn 0.9075 -0.0228 0.4194
vn 0.0448 0.1065 0.9933
vn 0.0030 0.1079 0.9942
vn 0.9110 -0.0206 0.4118
vn 0.9302 -0.0001 0.3671
vn 0.0696 0.1033 0.9922
vn 0.9172 -0.0161 0.3980
vn 0.0830 0.1086 0.9906
vn -0.0117 -0.1090 0.9940
vn -0.0105 -0.1054 0.9944
vn 0.4254 -0.0988 0.8996
vn 0.0371 0.1058 0.9937
vn -0.0243 0.1054 0.9941
vn -0.1453 0.1080 0.9835
vn 0.0228 0.1043 0.9943
vn -0.0796 0.1119 0.9905
vn -0.9033 -0.0242 0.4283
vn -0.0444 -0.1035 0.9936
vn -0.0668 0.1044 0.9923
vn -0.2139 0.1081 0.9709
vn -0.9185 -0.0115 0.3952
vn -0.9077 -0.0212 0.4191
vn -0.1057 -0.1057 0.9888
vn -0.0034 -0.1039 0.9946
vn 0.0689 -0.1047 0.9921
vn 0.1833 -0.1026 0.9777
vn 0.2363 -0.0995 0.9666
vn 0.9093 -0.0213 0.4157
vn 0.1774 0.1099 0.9780
vn -0.0039 0.1067 0.9943
vn -0.3243 -0.1026 0.9404
vn 0.1491 -0.1020 0.9836
vn 0.2010 -0.1020 0.9743
vn 0.9174 -0.0160 0.3977
vn 0.0249 0.1058 0.9941
vn 0.0539 -0.1057 0.9929
vn 0.0432 -0.1025 0.9938
vn 0.0028 0.1042 0.9946
vn 0.0082 0.1039 0.9946
vn -0.0049 0.1055 0.9944
vn -0.1229 0.1083 0.9865
vn -0.3655 0.1032 0.9251
vn 0.8594 -0.0431 0.5095
vn 0.6140 0.1035 0.7825
vn -0.2692 -0.1039 0.9575
vn 0.0221 -0.1045 0.9943
vn 0.0431 0.1045 0.9936
vn -0.2535 0.0987 0.9623
vn -0.8987 -0.0268 0.4378
vn 0.0656 -0.1048 0.9923
vn 0.9048 -0.0242 0.4252
vn 0.2807 0.0980 0.9548
vn 0.1729 0.1110 0.9787
vn -0.1358 0.1121 0.9844
vn 0.8911 -0.0309 0.4528
vn 0.9248 0.0093 0.3804
vn 0.9097 -0.0214 0.4147
vn 0.0570 0.1086 0.9924
vn -0.1477 0.1099 0.9829
vn -0.2421 0.0992 0.9652
vn -0.9028 -0.0244 0.4294
vn 0.0096 -0.1059 0.9943
vn -0.9099 -0.0203 0.4144
vn 0.8930 -0.0304 0.4491
vn 0.1921 -0.1049 0.9757
vn -0.2532 0.0987 0.9624
vn 0.1470 -0.1049 0.9836
vn -0.9169 0.0147 0.3989
vn -0.1943 0.1034 0.9755
vn -0.9020 -0.0249 0.4310
vn -0.1350 0.1042 0.9854
vn 0.9327 -0.0039 0.3605
vn -0.3268 0.0988 0.9399
vn 0.9076 -0.0227 0.4193
vn 0.9172 -0.0161 0.3981
vn 0.0688 -0.1047 0.9921
vn 0.9174 -0.0160 0.3976
vn -0.0050 0.1055 0.9944
vn -0.8986 -0.0268 0.4379
vn -0.0029 -0.0000 1.0000
vn 0.8459 -0.0000 0.5334
vn 0.9012 0.0447 0.4311
vn -0.0029 0.1036 0.9946
vn 0.8490 -0.0000 -0.5284
vn 0.7352 0.0703 -0.6742
vn 0.0029 -0.0000 -1.0000
vn 0.0755 -0.1027 -0.9918
vn 0.0449 -0.1063 -0.9933
vn -0.8459 -0.0000 -0.5334
vn -0.8490 -0.0000 0.5284
vn -0.9039 0.0445 0.4253
vn -0.7317 0.0705 -0.6780
vn -0.0029 -0.1036 0.9946
vn -0.7352 -0.0703 0.6742
vn -0.9012 -0.0447 -0.4311
vn 0.0029 -0.1036 -0.9946
vn 0.0029 0.1036 -0.9946
vn 0.0860 0.1031 -0.9910
vn 0.0404 0.1068 -0.9935
vn -0.9234 -0.0083 -0.3837
vn -0.4728 -0.0857 -0.8770
vn -0.2835 -0.0035 -0.9590
vn -0.3245 -0.1025 -0.9403
vn -0.0033 -0.1027 -0.9947
vn -0.0944 -0.0944 -0.9910
vn 0.4253 -0.0990 -0.8996
vn 0.3113 -0.0001 -0.9503
vn 0.0695 -0.1034 -0.9922
vn 0.0694 -0.1033 -0.9922
vn 0.0766 -0.1038 -0.9916
vn 0.0365 -0.0008 -0.9993
vn 0.0028 0.1079 -0.9942
vn -0.0360 -0.0009 -0.9994
vn 0.0653 -0.0992 -0.9929
vn 0.1833 -0.1026 -0.9777
vn 0.2366 -0.0997 -0.9665
vn -0.3392 0.9077 -0.2471
vn -0.0532 -0.0015 -0.9986
vn -0.9139 0.0174 -0.4056
vn -0.0190 -0.1047 -0.9943
vn -0.0188 -0.1039 -0.9944
vn 0.2602 -0.0988 -0.9605
vn 0.9176 -0.0163 -0.3971
vn 0.0695 0.1033 -0.9922
vn 0.7317 -0.0705 0.6780
vn 0.9039 -0.0445 -0.4253
vn 0.2803 0.0978 -0.9549
vn 0.1724 0.1110 -0.9788
vn -0.1363 0.1122 -0.9843
vn -0.2535 0.0988 -0.9623
vn -0.2420 0.0992 -0.9652
vn -0.9024 -0.0242 -0.4302
vn 0.0093 -0.1059 -0.9943
vn 0.1670 -0.0057 -0.9859
vn 0.9244 0.0091 -0.3813
vn 0.9101 -0.0216 -0.4138
vn 0.0568 0.1086 -0.9925
vn -0.1481 0.1099 -0.9828
vn 0.1321 -0.0942 -0.9868
vn 0.9096 -0.0215 -0.4148
vn 0.1769 0.1098 -0.9781
vn -0.0037 0.1025 -0.9947
vn -0.0443 -0.1033 -0.9937
vn 0.0494 -0.0968 -0.9941
vn 0.1491 -0.1021 -0.9835
vn -0.2173 0.1001 -0.9710
vn -0.9017 -0.0247 -0.4317
vn -0.0175 -0.1042 -0.9944
vn 0.0173 -0.1038 -0.9944
vn 0.0174 -0.1043 -0.9944
vn 0.1629 -0.1103 -0.9805
vn -0.8983 -0.0266 -0.4387
vn 0.0655 -0.1048 -0.9923
vn 0.9052 -0.0244 -0.4243
vn 0.1041 -0.0035 -0.9946
vn 0.2621 0.1132 -0.9584
vn -0.0914 0.1101 -0.9897
vn 0.0563 -0.0013 -0.9984
vn 0.0828 0.1086 -0.9906
vn 0.0002 0.1036 -0.9946
vn -0.2695 -0.1038 -0.9574
vn 0.0220 -0.1045 -0.9943
vn 0.0620 -0.1034 -0.9927
vn -0.1272 -0.0030 -0.9919
vn 0.0368 0.1064 -0.9936
vn -0.1472 0.1109 -0.9829
vn 0.0302 -0.1045 -0.9941
vn 0.0313 -0.1064 -0.9938
vn -0.0831 0.1055 -0.9909
vn -0.0179 -0.1053 -0.9943
vn -0.0486 0.1034 -0.9934
vn -0.1113 -0.1050 -0.9882
vn -0.1214 -0.1096 -0.9865
vn -0.1765 -0.0053 -0.9843
vn -0.0669 0.1045 -0.9923
vn -0.2144 0.1082 -0.9707
vn 0.0390 0.1046 -0.9937
vn -0.8860 0.0327 -0.4625
vn 0.2218 0.1047 -0.9694
vn -0.9148 0.0167 -0.4036
vn 0.2010 -0.1020 -0.9743
vn 0.9178 -0.0162 -0.3967
vn 0.0248 0.1058 -0.9941
vn -0.0076 0.1036 -0.9946
vn 0.0370 0.1058 -0.9937
vn -0.0243 0.1054 -0.9941
vn -0.1456 0.1080 -0.9834
vn -0.9172 0.0139 -0.3983
vn -0.4724 -0.0857 -0.8772
vn 0.8598 -0.0434 -0.5088
vn 0.6123 0.1036 -0.7838
vn 0.0028 0.1034 -0.9946
vn -0.9029 -0.0240 -0.4292
vn 0.0229 0.1043 -0.9943
vn 0.0860 0.1031 -0.9909
vn 0.0357 0.1045 -0.9939
vn -0.1314 0.1052 -0.9857
vn 0.0082 0.1039 -0.9946
vn -0.0050 0.1055 -0.9944
vn -0.1232 0.1083 -0.9865
vn -0.3662 0.1033 -0.9248
vn 0.2601 -0.0987 -0.9605
vn 0.9140 0.0185 -0.4052
vn 0.0432 0.1045 -0.9936
vn 0.9109 0.0207 -0.4121
vn 0.0030 0.1050 -0.9945
vn 0.8705 0.0391 -0.4907
vn 0.9034 0.0251 -0.4282
vn 0.0778 0.1050 -0.9914
vn -0.0107 -0.1054 -0.9944
vn -0.0115 -0.1090 -0.9940
vn 0.5663 -0.1066 -0.8173
vn -0.1349 0.1043 -0.9854
vn -0.0236 0.1042 -0.9943
vn 0.0361 0.1043 -0.9939
vn -0.0444 -0.1035 -0.9936
vn -0.0711 0.1061 -0.9918
vn 0.0233 0.1057 -0.9941
vn -0.8938 0.0279 -0.4475
vn -0.1942 0.1034 -0.9755
vn -0.0658 0.1037 -0.9924
vn -0.1181 -0.1113 -0.9867
vn -0.9096 0.0200 -0.4150
vn -0.0034 -0.1045 -0.9945
vn 0.2363 -0.0996 -0.9666
vn 0.1924 -0.1050 -0.9757
vn 0.0724 -0.1074 -0.9916
vn -0.0036 0.1047 -0.9945
vn 0.1603 0.1046 -0.9815
vn 0.9120 0.0195 -0.4097
vn -0.4135 -0.1125 -0.9035
vn 0.0243 0.1043 -0.9942
vn 0.9033 0.0252 -0.4283
vn 0.2103 -0.1042 -0.9721
vn 0.0585 -0.1102 -0.9922
vn -0.3268 0.0989 -0.9399
vn -0.1142 0.1046 -0.9879
vn -0.0048 0.1042 -0.9945
vn 0.0083 0.1046 -0.9945
vn 0.0028 0.1038 -0.9946
vn 0.0418 -0.1007 -0.9940
vn 0.4559 0.0973 -0.8847
vn 0.9324 -0.0040 -0.3614
vn 0.0446 0.1065 -0.9933
vn 0.0227 -0.1064 -0.9941
vn -0.3310 -0.1133 -0.9368
vn -0.2536 0.0988 -0.9623
vn 0.2803 0.0979 -0.9549
vn 0.9161 0.0168 -0.4006
vn 0.0693 -0.1078 -0.9918
vn -0.9173 0.0149 -0.3980
vn -0.1200 0.1058 -0.9871
vn 0.1542 0.1050 -0.9824
vn 0.9240 0.0094 -0.3822
vn -0.2421 0.0992 -0.9652
vn -0.1338 0.1049 -0.9854
vn 0.0536 0.1052 -0.9930
vn 0.9121 0.0199 -0.4095
vn 0.8908 -0.0315 -0.4533
vn 0.0102 -0.1105 -0.9938
vn -0.9142 0.0171 -0.4050
vn -0.9078 0.0216 -0.4188
vn 0.9236 0.0106 -0.3831
vn -0.3246 -0.1024 -0.9403
vn -0.0944 -0.0944 -0.9911
vn 0.1832 -0.1026 -0.9777
vn -0.3392 0.9077 -0.2470
vn 0.9244 0.0091 -0.3814
vn 0.9097 -0.0215 -0.4148
vn 0.1492 -0.1021 -0.9835
vn -0.2172 0.1001 -0.9710
vn -0.8983 -0.0266 -0.4386
vn 0.0828 0.1085 -0.9906
vn 0.2219 0.1047 -0.9694
vn 0.9108 0.0207 -0.4123
vn 0.0029 0.1050 -0.9945
vn 0.9120 0.0195 -0.4096
vn 0.4560 0.0973 -0.8847
vn 0.2804 0.0979 -0.9549
vn -0.9079 0.0215 -0.4187
vn 0.4740 0.6536 -0.5900
vn -0.4740 0.6536 -0.5900
vn -0.5469 0.6645 0.5093
vn 0.5469 0.6645 0.5093
vn -0.8986 -0.0399 -0.4369
vn -0.7456 0.0657 -0.6631
vn -0.0843 -0.0017 -0.9964
vn -0.0573 -0.1066 -0.9927
vn 0.0438 -0.0010 -0.9990
vn 0.0959 -0.0934 -0.9910
vn 0.0617 -0.0010 -0.9981
vn 0.7456 0.0657 -0.6631
vn 0.8986 -0.0399 -0.4369
vn 0.1837 -0.0023 -0.9830
vn -0.0411 0.1132 -0.9927
vn -0.1031 0.1045 -0.9892
vn -0.1117 0.1077 -0.9879
vn -0.0441 -0.0012 -0.9990
vn 0.7456 -0.0657 0.6632
vn 0.8112 -0.0026 0.5848
vn 0.3099 0.0268 0.9504
vn 0.8726 -0.0579 0.4850
vn 0.0897 -0.1048 0.9904
vn 0.0860 -0.1090 0.9903
vn -0.3310 -0.0017 0.9436
vn -0.7456 -0.0657 0.6632
vn 0.9932 0.0088 -0.1162
vn 0.9723 -0.0610 -0.2256
vn 0.9986 -0.0031 0.0527
vn 0.9988 -0.0021 0.0487
vn 0.9852 0.0802 -0.1514
vn 0.9947 0.0035 -0.1029
vn -0.8986 0.0399 0.4369
vn 0.8986 0.0399 0.4369
vn -0.5469 -0.6645 -0.5093
vn -0.4740 -0.6536 0.5900
vn 0.5469 -0.6645 -0.5093
vn 0.4740 -0.6536 0.5900
vn 0.9936 -0.0061 0.1128
vn 0.9883 0.0623 0.1393
vn 0.9978 0.0666 -0.0011
vn 0.9946 0.0067 -0.1035
vn 0.9970 -0.0638 0.0432
vn 0.9961 -0.0731 0.0495
vn 0.6666 -0.0323 0.7447
vn 0.6839 0.0553 -0.7275
vn 0.9931 -0.0514 -0.1054
vn 0.9921 -0.0739 0.1015
vn 0.9974 0.0667 0.0275
vn 0.9998 0.0012 -0.0220
vn 0.9963 0.0568 0.0642
vn 0.9977 -0.0671 0.0118
vn 0.7414 -0.0041 -0.6710
vn 0.7371 -0.0013 -0.6758
vn -0.2984 0.0181 0.9543
vn -0.0925 0.0015 0.9957
vn -0.1346 0.1054 0.9853
vn 0.1473 0.1054 0.9835
vn 0.0738 0.0011 0.9973
vn -0.0109 -0.1040 0.9945
vn 0.8971 -0.0281 0.4409
vn -0.0110 -0.1049 0.9944
vn 0.0958 -0.1082 0.9895
vn 0.0798 -0.1051 0.9912
vn 0.0048 0.1055 0.9944
vn 0.0563 0.0014 0.9984
vn -0.4622 0.0970 0.8814
vn -0.0417 0.1061 0.9935
vn 0.0809 -0.1074 0.9909
vn -0.7760 -0.0839 0.6251
vn 0.0767 -0.1046 0.9915
vn -0.5745 -0.0893 0.8137
vn 0.0032 0.1043 -0.9945
vn -0.1278 0.1126 -0.9854
vn -0.1615 -0.0046 -0.9869
vn -0.0113 0.1012 -0.9948
vn -0.9066 0.0228 -0.4215
vn -0.0648 -0.1132 -0.9915
vn -0.1128 0.1060 -0.9879
vn -0.9171 0.0156 -0.3983
vn -0.1050 0.1045 -0.9890
vn -0.9157 0.0168 -0.4015
vn 0.2422 -0.1048 -0.9645
vn 0.6742 -0.0399 0.7375
vn 0.9934 -0.0732 0.0880
vn 0.9978 0.0666 -0.0003
vn 0.6746 0.0250 -0.7378
vn 0.9950 0.0662 0.0749
vn 0.9854 0.0545 0.1614
vn 0.6671 -0.0441 0.7437
vn 0.6646 0.0391 -0.7461
vn 0.6649 -0.0395 0.7459
vn 0.6707 0.0476 -0.7402
vn 0.9893 -0.0640 -0.1311
vn -0.0114 0.1058 -0.9943
vn 0.0820 0.1031 -0.9913
vn 0.1230 -0.1125 -0.9860
vn 0.0033 0.1055 -0.9944
vn 0.8993 0.0270 -0.4365
vn -0.1096 0.1077 -0.9881
vn -0.0364 0.1067 -0.9936
vn 0.8935 0.0294 -0.4480
vn 0.2964 -0.1146 -0.9482
vn 0.0052 0.1091 0.9940
vn -0.9301 0.0147 0.3671
vn 0.9117 -0.0195 0.4104
vn 0.1671 0.1119 0.9796
vn -0.1513 0.1116 0.9822
vn -0.8991 -0.0271 0.4370
vn -0.0404 0.1044 0.9937
vn -0.6257 0.1026 0.7733
vn -0.8562 -0.0438 0.5147
vn 0.6860 -0.0770 0.7235
vn 0.9199 0.0346 0.3906
vn 0.6671 -0.0441 0.7436
vn 0.6706 0.0476 -0.7402
vn 0.0821 0.1031 -0.9913
vn 0.9099 0.0208 -0.4142
vn 0.8936 0.0294 -0.4480
vn 0.9118 -0.0195 0.4103
vn -0.0476 0.0009 0.9989
vn -0.1050 0.1045 0.9890
vn -0.1096 0.1077 0.9881
vn -0.0364 0.1067 0.9936
vn 0.1552 0.0051 0.9879
vn 0.7456 -0.0657 0.6631
vn 0.0547 0.0016 0.9985
vn 0.1084 -0.0991 0.9892
vn 0.0438 0.0010 0.9990
vn -0.0648 -0.1132 0.9915
vn -0.0810 0.0020 0.9967
vn -0.8986 0.0399 0.4368
vn -0.2219 -0.0114 -0.9750
vn 0.0798 -0.1051 -0.9912
vn 0.0958 -0.1082 -0.9895
vn 0.6860 -0.0770 -0.7235
vn 0.5421 0.0204 -0.8401
vn 0.8082 0.0025 -0.5889
vn 0.9973 -0.0044 0.0739
vn 0.9934 0.0668 0.0931
vn 0.9991 0.0023 -0.0423
vn 0.9970 0.0029 -0.0767
vn 0.8827 -0.0878 0.4616
vn 0.9780 0.0019 0.2087
vn 0.9920 -0.0034 0.1263
vn 0.9978 0.0666 0.0002
vn 0.9742 0.0806 -0.2107
vn 0.9908 0.0049 -0.1354
vn 0.6656 0.0411 -0.7452
vn 0.9971 -0.0686 -0.0317
vn 0.9977 -0.0614 -0.0284
vn 0.7488 0.0059 0.6627
vn 0.9997 -0.0011 0.0233
vn 0.9970 0.0700 -0.0339
vn 0.9947 -0.0642 -0.0802
vn 0.9868 -0.0589 0.1506
vn 0.9943 0.0623 -0.0870
vn 0.9978 -0.0659 -0.0106
vn 0.6829 -0.0552 0.7284
vn 0.6809 -0.0527 0.7304
vn 0.0640 -0.0020 -0.9979
vn 0.1671 0.1119 -0.9796
vn -0.1513 0.1116 -0.9822
vn -0.0819 -0.0025 -0.9966
vn -0.4670 0.0074 -0.8842
vn -0.0110 -0.1049 -0.9944
vn -0.0109 -0.1040 -0.9945
vn 0.9199 0.0134 -0.3918
vn 0.0860 -0.1090 -0.9903
vn 0.0897 -0.1048 -0.9904
vn 0.0577 -0.0012 -0.9983
vn 0.0052 0.1091 -0.9940
vn -0.5744 -0.0893 -0.8137
vn 0.0767 -0.1046 -0.9915
vn -0.0404 0.1044 -0.9937
vn -0.6257 0.1026 -0.7733
vn -0.7760 -0.0839 -0.6251
vn 0.0809 -0.1074 -0.9909
vn -0.0104 0.0972 0.9952
vn -0.1779 0.0030 0.9840
vn -0.1128 0.1060 0.9879
vn 0.0033 0.1055 0.9944
vn -0.0573 -0.1066 0.9927
vn -0.9130 -0.0186 0.4076
vn -0.9013 -0.0258 0.4324
vn -0.1278 0.1126 0.9854
vn -0.9034 -0.0247 0.4282
vn -0.1117 0.1077 0.9879
vn 0.2964 -0.1146 0.9482
vn 0.9978 0.0666 -0.0007
vn 0.9955 -0.0648 -0.0690
vn 0.6802 0.0265 -0.7326
vn 0.6686 -0.0445 0.7423
vn 0.9914 0.0762 -0.1065
vn 0.6699 0.0278 -0.7419
vn 0.9749 0.0712 -0.2110
vn 0.6648 -0.0355 0.7462
vn 0.6652 0.0348 -0.7459
vn 0.9743 -0.0820 0.2097
vn 0.6810 -0.0199 0.7320
vn -0.0123 0.1102 0.9938
vn 0.9099 -0.0208 0.4143
vn 0.0820 0.1031 0.9913
vn 0.1089 -0.1060 0.9884
vn 0.9186 -0.0146 0.3950
vn 0.0032 0.1043 0.9945
vn 0.2422 -0.1048 0.9645
vn 0.9214 -0.0113 0.3883
vn -0.0411 0.1132 0.9927
vn -0.1031 0.1045 0.9892
vn 0.0048 0.1055 -0.9944
vn 0.9079 0.0220 -0.4186
vn -0.8310 0.0505 -0.5540
vn -0.9187 0.0144 -0.3947
vn -0.1346 0.1054 -0.9853
vn 0.1473 0.1054 -0.9835
vn -0.0417 0.1061 -0.9935
vn 0.7639 0.0660 -0.6420
vn 0.8726 -0.0579 -0.4850
vn -0.9316 -0.0047 -0.3634
vn -0.4622 0.0970 -0.8814
vn -0.0647 -0.1132 0.9915
vn 0.6656 0.0411 -0.7451
vn -0.5745 -0.0893 -0.8137
vn -0.9129 -0.0186 0.4078
vn 0.9099 -0.0208 0.4142
vn 0.9080 0.0220 -0.4184
vn -0.9316 -0.0048 -0.3634
vn 0.4923 0.6081 -0.6228
vn -0.4923 0.6081 -0.6228
vn -0.5786 0.6205 0.5293
vn 0.5786 0.6205 0.5293
vn -0.8982 -0.0394 -0.4379
vn -0.7471 0.0651 -0.6615
vn -0.0960 -0.0019 -0.9954
vn -0.0643 -0.1069 -0.9922
vn 0.0497 -0.0011 -0.9988
vn 0.1058 -0.0921 -0.9901
vn 0.0698 -0.0010 -0.9976
vn 0.7471 0.0651 -0.6615
vn 0.8982 -0.0394 -0.4379
vn 0.2088 -0.0023 -0.9780
vn -0.0468 0.1144 -0.9923
vn -0.1158 0.1045 -0.9878
vn -0.1264 0.1081 -0.9861
vn -0.0494 -0.0014 -0.9988
vn 0.7471 -0.0651 0.6615
vn 0.8066 -0.0029 0.5911
vn 0.3107 0.0275 0.9501
vn 0.8768 -0.0562 0.4776
vn 0.1008 -0.1048 0.9894
vn 0.0975 -0.1096 0.9892
vn -0.3582 -0.0027 0.9336
vn -0.7471 -0.0651 0.6615
vn 0.9923 0.0096 -0.1234
vn 0.9691 -0.0604 -0.2390
vn 0.9983 -0.0035 0.0587
vn 0.9985 -0.0024 0.0555
vn 0.9812 0.0819 -0.1747
vn 0.9930 0.0037 -0.1182
vn -0.8982 0.0394 0.4379
vn 0.8981 0.0394 0.4379
vn -0.5786 -0.6205 -0.5293
vn -0.4923 -0.6081 0.6228
vn 0.5786 -0.6205 -0.5293
vn 0.4923 -0.6081 0.6228
vn 0.9919 -0.0068 0.1267
vn 0.9863 0.0617 0.1531
vn 0.9978 0.0668 -0.0013
vn 0.9928 0.0078 -0.1195
vn 0.9968 -0.0635 0.0492
vn 0.9956 -0.0741 0.0574
vn 0.6673 -0.0316 0.7442
vn 0.6862 0.0562 -0.7253
vn 0.9923 -0.0502 -0.1133
vn 0.9904 -0.0750 0.1162
vn 0.9973 0.0668 0.0307
vn 0.9997 0.0013 -0.0247
vn 0.9960 0.0559 0.0699
vn 0.9976 -0.0673 0.0134
vn 0.7550 -0.0080 -0.6557
vn 0.7498 -0.0049 -0.6617
vn -0.3099 0.0194 0.9506
vn -0.1064 0.0016 0.9943
vn -0.1506 0.1055 0.9829
vn 0.1648 0.1054 0.9807
vn 0.0836 0.0011 0.9965
vn -0.0122 -0.1041 0.9945
vn 0.8953 -0.0290 0.4445
vn -0.0125 -0.1050 0.9944
vn 0.1085 -0.1087 0.9881
vn 0.0897 -0.1053 0.9904
vn 0.0054 0.1057 0.9944
vn 0.0634 0.0015 0.9980
vn -0.4899 0.0953 0.8666
vn -0.0472 0.1064 0.9932
vn 0.0915 -0.1078 0.9900
vn -0.7958 -0.0801 0.6002
vn 0.0863 -0.1047 0.9908
vn -0.5924 -0.0877 0.8008
vn 0.0036 0.1043 -0.9945
vn -0.1452 0.1135 -0.9829
vn -0.1740 -0.0051 -0.9847
vn -0.0127 0.1009 -0.9948
vn -0.9061 0.0230 -0.4224
vn -0.0738 -0.1143 -0.9907
vn -0.1264 0.1061 -0.9863
vn -0.9179 0.0150 -0.3966
vn -0.1179 0.1045 -0.9875
vn -0.9163 0.0163 -0.4002
vn 0.2677 -0.1043 -0.9578
vn 0.6754 -0.0397 0.7363
vn 0.9921 -0.0742 0.1009
vn 0.9978 0.0668 -0.0005
vn 0.6776 0.0232 -0.7351
vn 0.9944 0.0663 0.0829
vn 0.9827 0.0531 0.1773
vn 0.6677 -0.0448 0.7431
vn 0.6647 0.0393 -0.7461
vn 0.6650 -0.0397 0.7458
vn 0.6718 0.0484 -0.7391
vn 0.9876 -0.0637 -0.1438
vn -0.0128 0.1060 -0.9943
vn 0.0923 0.1030 -0.9904
vn 0.9099 0.0207 -0.4142
vn 0.1398 -0.1134 -0.9837
vn 0.0037 0.1058 -0.9944
vn 0.8979 0.0277 -0.4394
vn -0.1240 0.1080 -0.9864
vn -0.0409 0.1070 -0.9934
vn 0.8914 0.0303 -0.4522
vn 0.3335 -0.1146 -0.9358
vn 0.0059 0.1098 0.9939
vn -0.9292 0.0167 0.3693
vn 0.9120 -0.0193 0.4098
vn 0.1895 0.1126 0.9754
vn -0.1717 0.1123 0.9787
vn -0.8976 -0.0278 0.4400
vn -0.0454 0.1045 0.9935
vn -0.6647 0.0988 0.7405
vn -0.8502 -0.0456 0.5244
vn 0.6923 -0.0762 0.7176
vn 0.9185 0.0362 0.3939
vn -0.9170 0.0157 -0.3986
vn -0.0539 0.0010 0.9985
vn -0.1179 0.1045 0.9875
vn -0.1240 0.1080 0.9864
vn -0.0409 0.1070 0.9934
vn 0.1735 0.0059 0.9848
vn 0.8982 0.0394 0.4379
vn 0.0610 0.0019 0.9981
vn 0.1214 -0.0985 0.9877
vn 0.0497 0.0011 0.9988
vn -0.0738 -0.1143 0.9907
vn -0.0918 0.0023 0.9958
vn -0.2352 -0.0126 -0.9719
vn 0.0897 -0.1053 -0.9904
vn 0.1085 -0.1087 -0.9881
vn 0.6923 -0.0762 -0.7176
vn 0.5463 0.0215 -0.8373
vn 0.8027 0.0028 -0.5963
vn 0.9966 -0.0050 0.0820
vn 0.9925 0.0669 0.1020
vn 0.9989 0.0026 -0.0474
vn 0.9960 0.0032 -0.0898
vn 0.8661 -0.0872 0.4922
vn 0.9754 0.0033 0.2203
vn 0.9894 -0.0035 0.1454
vn 0.9978 0.0667 0.0001
vn 0.9671 0.0820 -0.2409
vn 0.9881 0.0052 -0.1537
vn 0.6659 0.0415 -0.7449
vn 0.9970 -0.0690 -0.0348
vn 0.9977 -0.0609 -0.0307
vn 0.7624 0.0097 0.6471
vn 0.9997 -0.0012 0.0264
vn 0.9967 0.0706 -0.0388
vn 0.9940 -0.0640 -0.0892
vn 0.9846 -0.0575 0.1651
vn 0.9933 0.0617 -0.0976
vn 0.9977 -0.0660 -0.0119
vn 0.6853 -0.0562 0.7261
vn 0.6829 -0.0534 0.7286
vn 0.0713 -0.0023 -0.9975
vn 0.1895 0.1126 -0.9754
vn -0.1717 0.1123 -0.9787
vn -0.0928 -0.0029 -0.9957
vn -0.4876 0.0088 -0.8730
vn -0.0125 -0.1050 -0.9944
vn -0.0122 -0.1041 -0.9945
vn 0.9210 0.0125 -0.3894
vn 0.0975 -0.1096 -0.9892
vn 0.1008 -0.1048 -0.9894
vn 0.0651 -0.0014 -0.9979
vn 0.0059 0.1098 -0.9939
vn -0.5924 -0.0877 -0.8008
vn 0.0863 -0.1047 -0.9908
vn -0.0454 0.1045 -0.9935
vn -0.6647 0.0988 -0.7405
vn -0.7958 -0.0801 -0.6002
vn 0.0915 -0.1078 -0.9900
vn -0.0116 0.0964 0.9953
vn -0.1937 0.0032 0.9810
vn -0.1264 0.1061 0.9863
vn 0.0037 0.1058 0.9944
vn -0.0643 -0.1069 0.9922
vn -0.9133 -0.0183 0.4069
vn -0.9002 -0.0264 0.4348
vn -0.1452 0.1135 0.9829
vn -0.9025 -0.0252 0.4300
vn -0.1264 0.1081 0.9861
vn 0.3335 -0.1146 0.9357
vn 0.9671 0.0820 -0.2408
vn 0.9978 0.0668 -0.0008
vn 0.9949 -0.0647 -0.0768
vn 0.6837 0.0247 -0.7294
vn 0.6694 -0.0450 0.7415
vn 0.9894 0.0776 -0.1228
vn 0.6716 0.0264 -0.7405
vn 0.9687 0.0713 -0.2379
vn 0.6649 -0.0353 0.7461
vn 0.6654 0.0344 -0.7457
vn 0.9671 -0.0836 0.2402
vn 0.6858 -0.0174 0.7276
vn -0.0140 0.1110 0.9937
vn 0.0923 0.1030 0.9904
vn 0.1220 -0.1061 0.9868
vn 0.9195 -0.0138 0.3929
vn 0.0036 0.1043 0.9945
vn 0.2677 -0.1043 0.9578
vn 0.9224 -0.0102 0.3861
vn -0.0468 0.1144 0.9923
vn -0.1158 0.1045 0.9878
vn 0.0054 0.1057 -0.9944
vn 0.9077 0.0221 -0.4190
vn -0.8255 0.0518 -0.5620
vn -0.9196 0.0136 -0.3926
vn -0.1506 0.1055 -0.9829
vn 0.1648 0.1054 -0.9807
vn -0.0472 0.1064 -0.9932
vn 0.7582 0.0671 -0.6486
vn 0.8768 -0.0562 -0.4776
vn -0.9319 -0.0071 -0.3625
vn -0.4899 0.0953 -0.8666
vn 0.5421 0.0204 -0.8400
vn -0.9012 -0.0258 0.4326
vn 0.0188 -0.8776 -0.4790
vn 0.0792 -0.7649 -0.6392
vn 0.0775 -0.7650 -0.6393
vn 0.0655 -0.7657 -0.6398
vn 0.0662 -0.7657 -0.6398
vn -0.0649 0.1590 0.9851
vn 0.0394 0.8261 -0.5621
vn 0.0379 0.8262 -0.5622
vn -0.1004 0.8225 -0.5598
vn -0.0403 -0.6037 0.7962
vn 0.0201 -0.6041 0.7967
vn 0.0213 -0.6040 0.7967
vn 0.0142 -0.6041 0.7968
vn 0.0284 -0.6039 0.7965
vn -0.0000 0.8268 -0.5626
vn 0.0200 0.8266 -0.5624
vn 0.0194 0.8266 -0.5625
vn -0.0024 0.1593 0.9872
vn 0.0028 0.1593 0.9872
vn 0.0024 0.1593 0.9872
vn -0.2405 -0.8520 -0.4650
vn 0.0610 -0.4273 -0.9021
vn 0.0610 -0.4275 -0.9020
vn 0.0310 -0.4242 -0.9050
vn 0.0301 -0.4242 -0.9051
vn -0.0000 -0.3322 0.9432
vn -0.0300 -0.3323 0.9427
vn -0.0309 -0.3323 0.9427
vn -0.0608 -0.3351 0.9402
vn -0.0608 -0.3349 0.9403
vn -0.0607 -0.3381 0.9391
vn 0.0675 -0.4344 -0.8982
vn 0.0642 -0.4327 -0.8992
vn 0.0641 -0.4327 -0.8993
vn -0.0000 -0.4242 -0.9056
vn 0.0265 -0.5813 -0.8133
vn -0.0000 -0.5815 -0.8136
vn 0.1052 -0.5780 -0.8092
vn 0.0998 -0.5784 -0.8097
vn 0.0765 -0.5797 -0.8113
vn 0.0792 -0.5795 -0.8111
vn -0.0861 -0.2524 0.9638
vn -0.0000 -0.2533 0.9674
vn 0.0529 -0.5807 -0.8124
vn 0.0591 -0.5964 -0.8005
vn 0.0591 -0.5969 -0.8002
vn 0.0301 -0.5887 -0.8078
vn 0.0293 -0.5887 -0.8079
vn -0.0865 -0.5446 0.8342
vn 0.0365 -0.5514 0.8334
vn 0.0365 -0.5512 0.8336
vn 0.0561 -0.5603 0.8264
vn 0.0564 -0.5603 0.8263
vn 0.0693 -0.6150 -0.7854
vn 0.0641 -0.6101 -0.7898
vn 0.0640 -0.6099 -0.7899
vn -0.0000 -0.5884 -0.8086
vn 0.0261 -0.5813 -0.8133
vn -0.0000 0.6626 0.7489
vn -0.0356 0.6680 0.7433
vn -0.0784 0.6633 0.7442
vn -0.0765 0.6635 0.7442
vn 0.1080 -0.5778 -0.8090
vn 0.0800 -0.5795 -0.8110
vn 0.0269 -0.5813 -0.8133
vn 0.0973 -0.5785 -0.8099
vn 0.0756 -0.5797 -0.8113
vn -0.0312 0.7146 0.6989
vn -0.0729 0.7160 0.6943
vn -0.0712 0.7159 0.6945
vn -0.0000 0.7209 0.6930
vn 0.0261 -0.6997 -0.7140
vn 0.0269 -0.6996 -0.7140
vn -0.0000 -0.6999 -0.7143
vn 0.0884 -0.6970 -0.7116
vn 0.0710 -0.6980 -0.7125
vn 0.0705 -0.6981 -0.7126
vn -0.0978 0.8409 0.5323
vn -0.0977 0.8413 0.5316
vn -0.1039 0.8595 0.5005
vn -0.1038 0.8595 0.5005
vn 0.0314 0.8444 0.5347
vn -0.0348 0.8395 0.5422
vn -0.0332 0.8397 0.5421
vn 0.0530 -0.6989 -0.7132
vn 0.0532 -0.7664 -0.6402
vn 0.0270 -0.7672 -0.6409
vn 0.0263 -0.7672 -0.6409
vn 0.0132 0.8415 0.5401
vn 0.0161 0.8417 0.5398
vn 0.1755 0.8384 0.5160
vn -0.1029 0.8208 0.5619
vn -0.0944 0.8122 0.5756
vn -0.0947 0.8125 0.5752
vn 0.0810 -0.7648 -0.6392
vn 0.0670 -0.7657 -0.6397
vn -0.0000 -0.7675 -0.6411
vn -0.0864 0.8039 0.5884
vn -0.1102 0.8679 0.4844
vn -0.1129 0.7161 0.6888
vn -0.1185 0.6578 0.7438
vn 0.9999 0.0100 0.0066
vn 0.9999 0.0102 0.0065
vn 0.9999 0.0101 0.0066
vn 0.0755 -0.5647 0.8219
vn 0.0064 -0.2534 0.9673
vn 0.9999 0.0099 0.0067
vn 0.9995 0.0216 0.0220
vn 0.0330 -0.3466 0.9374
vn 0.0815 -0.6022 0.7942
vn -0.1019 0.8224 -0.5597
vn -0.0025 0.1592 0.9872
vn 0.9996 0.0258 0.0102
vn -0.0792 -0.7649 -0.6392
vn -0.0635 -0.7792 -0.6236
vn -0.0600 -0.7920 -0.6076
vn -0.0775 -0.7650 -0.6393
vn 0.0337 0.1592 0.9867
vn 0.0182 0.1592 0.9871
vn 0.0181 0.1592 0.9871
vn -0.0394 0.8261 -0.5621
vn 0.1004 0.8225 -0.5598
vn -0.0379 0.8262 -0.5622
vn 0.0144 -0.6041 0.7968
vn -0.0338 -0.6038 0.7964
vn -0.0336 -0.6038 0.7964
vn -0.0476 -0.6678 0.7428
vn -0.0194 0.8266 -0.5625
vn -0.0200 0.8266 -0.5624
vn 0.0201 0.0893 0.9958
vn 0.4282 -0.8614 -0.2732
vn -0.0610 -0.4272 -0.9021
vn -0.0301 -0.4241 -0.9051
vn -0.0310 -0.4241 -0.9051
vn -0.0610 -0.4274 -0.9020
vn 0.1169 -0.3363 0.9345
vn -0.0675 -0.4344 -0.8982
vn -0.0641 -0.4326 -0.8993
vn -0.0642 -0.4326 -0.8993
vn -0.1052 -0.5780 -0.8092
vn -0.0792 -0.5795 -0.8111
vn -0.0765 -0.5797 -0.8113
vn -0.0998 -0.5784 -0.8097
vn 0.0650 -0.2528 0.9653
vn 0.0212 -0.2533 0.9672
vn 0.0434 -0.2531 0.9665
vn 0.0428 -0.2531 0.9665
vn -0.0529 -0.5807 -0.8124
vn -0.0265 -0.5813 -0.8133
vn -0.0591 -0.5961 -0.8008
vn -0.0293 -0.5885 -0.8080
vn -0.0301 -0.5885 -0.8079
vn -0.0591 -0.5965 -0.8004
vn -0.0000 -0.5466 0.8374
vn -0.0084 -0.5468 0.8372
vn -0.0081 -0.5468 0.8372
vn -0.0174 -0.5515 0.8340
vn -0.0470 -0.5605 0.8268
vn -0.0463 -0.5604 0.8269
vn -0.0173 -0.5513 0.8341
vn -0.0693 -0.6150 -0.7854
vn -0.0640 -0.6098 -0.7900
vn -0.0641 -0.6099 -0.7899
vn -0.0261 -0.5813 -0.8133
vn -0.0222 0.6727 0.7396
vn 0.0128 0.6678 0.7443
vn 0.0140 0.6676 0.7444
vn 0.0484 0.6619 0.7481
vn 0.0829 0.6603 0.7464
vn 0.0843 0.6602 0.7464
vn -0.1080 -0.5778 -0.8090
vn -0.0800 -0.5795 -0.8110
vn -0.0756 -0.5797 -0.8113
vn -0.0973 -0.5785 -0.8099
vn 0.0555 0.7203 0.6914
vn 0.0776 0.7189 0.6908
vn 0.0793 0.7188 0.6907
vn 0.0561 0.7203 0.6914
vn -0.0236 0.7105 0.7033
vn 0.0206 0.7158 0.6980
vn 0.0595 0.7192 0.6922
vn -0.0269 -0.5813 -0.8133
vn -0.0884 -0.6970 -0.7116
vn -0.0705 -0.6981 -0.7126
vn -0.0710 -0.6980 -0.7125
vn 0.2010 0.8188 0.5377
vn 0.0987 0.8588 0.5027
vn 0.0989 0.8589 0.5024
vn 0.1488 0.8346 0.5305
vn -0.0000 0.8356 0.5494
vn -0.0530 -0.6989 -0.7132
vn -0.0261 -0.6997 -0.7140
vn -0.0269 -0.6996 -0.7140
vn -0.0532 -0.7664 -0.6402
vn -0.0262 -0.7672 -0.6409
vn -0.0270 -0.7672 -0.6409
vn -0.0440 -0.8073 -0.5886
vn 0.0204 0.8507 0.5253
vn 0.0190 0.8507 0.5253
vn -0.0227 0.8510 0.5246
vn 0.0903 0.8247 0.5583
vn 0.0896 0.8142 0.5736
vn 0.0895 0.8139 0.5740
vn -0.0659 0.8495 0.5234
vn -0.0810 -0.7648 -0.6392
vn -0.0670 -0.7657 -0.6397
vn 0.0864 0.8039 0.5884
vn 0.1102 0.8679 0.4844
vn 0.1129 0.7161 0.6888
vn 0.1185 0.6578 0.7438
vn -0.9999 0.0100 0.0066
vn -0.9999 0.0101 0.0066
vn -0.9999 0.0102 0.0065
vn -0.0755 -0.5647 0.8219
vn -0.0064 -0.2534 0.9673
vn -0.9999 0.0099 0.0067
vn -0.9995 0.0216 0.0220
vn -0.0329 -0.3466 0.9374
vn -0.0815 -0.6022 0.7942
vn 0.1019 0.8224 -0.5597
vn 0.0025 0.1592 0.9872
vn -0.9996 0.0258 0.0102
vn -0.3934 0.7666 0.5075
vn -0.4027 0.7748 0.4873
vn 0.3228 0.6719 0.6666
vn 0.3063 0.6413 0.7035
vn 0.7392 -0.3681 0.5639
vn -0.3160 -0.2404 0.9178
vn -0.0000 0.1593 0.9872
vn -0.0000 -0.6042 0.7969
vn -0.0269 -0.9071 -0.4201
vn 0.2092 0.8161 0.5387
vn -0.6436 -0.2545 0.7218
vn -0.0411 -0.8190 -0.5723
vn 0.6847 -0.5289 0.5014
vn 0.1424 0.0765 0.9868
vn 0.1776 0.8382 0.5156
vn -0.2685 0.6877 0.6745
vn -0.2517 0.6479 0.7190
vn 0.0356 -0.5468 0.8365
vn 0.3459 -0.2377 0.9077
vn -0.4343 -0.5442 0.7178
vn 0.0100 0.1593 0.9872
vn 0.0208 -0.6760 -0.7366
vn 0.0875 -0.5173 -0.8513
vn 0.0856 -0.5174 -0.8515
vn 0.0725 -0.5180 -0.8523
vn 0.0732 -0.5180 -0.8523
vn -0.0717 -0.1674 0.9833
vn 0.0435 0.9632 -0.2654
vn 0.0405 0.9633 -0.2654
vn -0.1095 0.9583 -0.2641
vn -0.0445 -0.8282 0.5586
vn 0.0885 -0.8255 0.5574
vn -0.0430 -0.8283 0.5587
vn 0.0157 -0.8289 0.5591
vn 0.0314 -0.8286 0.5589
vn -0.0000 0.9641 -0.2656
vn 0.0221 0.9638 -0.2655
vn 0.0214 0.9639 -0.2655
vn -0.0027 -0.1679 0.9858
vn 0.0031 -0.1679 0.9858
vn 0.0027 -0.1679 0.9858
vn -0.2640 -0.6522 -0.7106
vn 0.0675 -0.1094 -0.9917
vn -0.0000 -0.6189 0.7855
vn -0.0331 -0.6187 0.7849
vn -0.0342 -0.6187 0.7849
vn -0.0672 -0.6204 0.7814
vn -0.0672 -0.6202 0.7815
vn 0.0350 -0.6305 0.7754
vn -0.0654 -0.6231 0.7794
vn 0.0746 -0.1212 -0.9898
vn 0.0710 -0.1193 -0.9903
vn 0.0745 -0.1211 -0.9898
vn -0.0000 -0.1092 -0.9940
vn 0.0293 -0.2876 -0.9573
vn -0.0000 -0.2878 -0.9577
vn 0.1160 -0.2856 -0.9513
vn 0.1101 -0.2858 -0.9520
vn 0.0845 -0.2866 -0.9543
vn 0.0875 -0.2865 -0.9541
vn -0.0951 -0.5495 0.8300
vn 0.0055 -0.5521 0.8338
vn -0.0935 -0.5496 0.8302
vn -0.0000 -0.5520 0.8338
vn 0.0584 -0.2873 -0.9561
vn 0.0656 -0.2965 -0.9528
vn 0.0333 -0.2964 -0.9545
vn 0.0323 -0.2964 -0.9545
vn -0.0956 -0.7840 0.6133
vn 0.0375 -0.7875 0.6152
vn -0.0938 -0.7842 0.6134
vn 0.0404 -0.7909 0.6107
vn 0.0403 -0.7906 0.6111
vn 0.0616 -0.7967 0.6012
vn 0.0629 -0.7969 0.6009
vn 0.0766 -0.3284 -0.9414
vn 0.0708 -0.3224 -0.9440
vn 0.0706 -0.3221 -0.9441
vn -0.0000 -0.2959 -0.9552
vn 0.0288 -0.2876 -0.9573
vn -0.0000 0.3855 0.9227
vn -0.0394 0.3923 0.9190
vn 0.1192 -0.2854 -0.9510
vn 0.1183 -0.2855 -0.9511
vn 0.0297 -0.2876 -0.9573
vn 0.1074 -0.2858 -0.9522
vn 0.0592 -0.2873 -0.9560
vn -0.0345 0.4507 0.8920
vn -0.0359 0.4508 0.8919
vn -0.1231 0.4548 0.8820
vn -0.0000 0.4586 0.8886
vn 0.0288 -0.4317 -0.9015
vn 0.0298 -0.4317 -0.9015
vn -0.0000 -0.4319 -0.9019
vn 0.0976 -0.4296 -0.8977
vn 0.0786 -0.4305 -0.8992
vn 0.0777 -0.4305 -0.8992
vn -0.1079 0.6233 0.7745
vn -0.1081 0.6102 0.7849
vn -0.1147 0.6513 0.7501
vn -0.1145 0.6509 0.7505
vn 0.0347 0.6266 0.7786
vn 0.0586 -0.4312 -0.9004
vn 0.0588 -0.5186 -0.8530
vn 0.0299 -0.5192 -0.8541
vn 0.0289 -0.5192 -0.8541
vn 0.0146 0.6221 0.7828
vn -0.1136 0.5948 0.7958
vn -0.1134 0.5945 0.7960
vn -0.0957 0.5709 0.8154
vn 0.0894 -0.5172 -0.8512
vn 0.0738 -0.5180 -0.8522
vn -0.0000 -0.5195 -0.8545
vn -0.0954 0.5705 0.8157
vn -0.1216 0.6642 0.7376
vn -0.1246 0.4548 0.8818
vn -0.1307 0.3819 0.9149
vn 0.9999 0.0066 0.0086
vn 0.9999 0.0069 0.0085
vn 0.9999 0.0067 0.0086
vn 0.0833 -0.7992 0.5953
vn 0.0071 -0.5521 0.8338
vn 0.9996 0.0121 0.0251
vn 0.0364 -0.6306 0.7753
vn 0.0900 -0.8257 0.5569
vn -0.1125 0.9579 -0.2640
vn -0.0028 -0.1679 0.9858
vn 0.9997 0.0191 0.0163
vn -0.0875 -0.5173 -0.8513
vn -0.0782 -0.5178 -0.8520
vn -0.0856 -0.5174 -0.8515
vn 0.0373 -0.1678 0.9851
vn -0.0435 0.9632 -0.2654
vn 0.1095 0.9583 -0.2641
vn -0.0405 0.9633 -0.2654
vn 0.0159 -0.8289 0.5591
vn -0.0379 -0.8284 0.5588
vn -0.0365 -0.8285 0.5588
vn -0.0257 -0.8508 0.5248
vn -0.0526 -0.8716 0.4874
vn -0.0214 0.9639 -0.2655
vn -0.0221 0.9638 -0.2655
vn 0.0222 -0.2369 0.9713
vn 0.4639 -0.7128 -0.5260
vn -0.0675 -0.1093 -0.9917
vn 0.1290 -0.6190 0.7747
vn -0.0746 -0.1212 -0.9898
vn -0.0745 -0.1211 -0.9898
vn -0.0710 -0.1192 -0.9903
vn -0.1160 -0.2856 -0.9513
vn -0.0875 -0.2865 -0.9541
vn -0.0845 -0.2866 -0.9543
vn -0.1101 -0.2858 -0.9520
vn 0.0718 -0.5506 0.8317
vn 0.0705 -0.5507 0.8318
vn -0.0058 -0.5521 0.8338
vn 0.0234 -0.5519 0.8336
vn 0.0479 -0.5514 0.8329
vn 0.0473 -0.5514 0.8329
vn -0.0584 -0.2873 -0.9561
vn -0.0292 -0.2876 -0.9573
vn -0.0293 -0.2876 -0.9573
vn -0.0656 -0.2961 -0.9529
vn -0.0323 -0.2962 -0.9546
vn -0.0333 -0.2962 -0.9545
vn -0.0000 -0.7876 0.6161
vn -0.0094 -0.7878 0.6159
vn -0.0089 -0.7878 0.6159
vn -0.0192 -0.7913 0.6112
vn -0.0527 -0.7973 0.6013
vn -0.0506 -0.7971 0.6017
vn -0.0191 -0.7909 0.6116
vn -0.0766 -0.3284 -0.9414
vn -0.0764 -0.3283 -0.9415
vn -0.0708 -0.3222 -0.9440
vn -0.0288 -0.2876 -0.9573
vn -0.0245 0.3980 0.9171
vn 0.0144 0.3918 0.9199
vn 0.0155 0.3916 0.9200
vn 0.0535 0.3849 0.9214
vn 0.1293 0.3820 0.9151
vn 0.0546 0.3849 0.9214
vn -0.1192 -0.2854 -0.9510
vn -0.1183 -0.2855 -0.9511
vn -0.0592 -0.2873 -0.9560
vn -0.1074 -0.2859 -0.9522
vn 0.0614 0.4584 0.8866
vn 0.1237 0.4549 0.8819
vn 0.0493 0.4587 0.8872
vn 0.0615 0.4584 0.8866
vn -0.0260 0.4455 0.8949
vn 0.0227 0.4521 0.8917
vn 0.0683 0.4574 0.8866
vn -0.0297 -0.2876 -0.9573
vn -0.0976 -0.4296 -0.8977
vn -0.0777 -0.4305 -0.8992
vn -0.0786 -0.4305 -0.8992
vn 0.0968 0.6358 0.7658
vn 0.1088 0.6496 0.7525
vn 0.1093 0.6502 0.7518
vn -0.0000 0.6136 0.7896
vn -0.0585 -0.4312 -0.9004
vn -0.0288 -0.4317 -0.9015
vn -0.0298 -0.4317 -0.9015
vn -0.0588 -0.5186 -0.8530
vn -0.0289 -0.5192 -0.8541
vn -0.0299 -0.5192 -0.8541
vn 0.0225 0.6356 0.7717
vn 0.0212 0.6356 0.7717
vn -0.0729 0.6352 0.7689
vn 0.1024 0.5991 0.7941
vn 0.0956 0.5711 0.8153
vn 0.0988 0.5842 0.8055
vn -0.0894 -0.5172 -0.8512
vn -0.0738 -0.5180 -0.8522
vn 0.0954 0.5705 0.8157
vn 0.1216 0.6642 0.7376
vn 0.1246 0.4548 0.8818
vn 0.1307 0.3819 0.9149
vn -0.9999 0.0066 0.0086
vn -0.9999 0.0067 0.0086
vn -0.9999 0.0069 0.0085
vn -0.0833 -0.7992 0.5953
vn -0.0071 -0.5521 0.8338
vn -0.9996 0.0120 0.0251
vn -0.0364 -0.6306 0.7753
vn -0.0900 -0.8257 0.5569
vn 0.1125 0.9579 -0.2640
vn 0.0028 -0.1679 0.9858
vn -0.9997 0.0191 0.0163
vn -0.4275 0.5524 0.7156
vn -0.4373 0.5660 0.6989
vn 0.3527 0.4160 0.8382
vn 0.3350 0.3761 0.8639
vn 0.7716 -0.5010 0.3919
vn -0.3454 -0.5180 0.7825
vn -0.0000 -0.1679 0.9858
vn -0.0297 -0.7229 -0.6903
vn -0.0752 0.6351 0.7687
vn 0.2301 0.5956 0.7696
vn -0.0650 -0.3158 -0.9466
vn -0.6807 -0.4535 0.5753
vn -0.0673 -0.1171 -0.9908
vn -0.0454 -0.5903 -0.8059
vn 0.7202 -0.6306 0.2892
vn 0.1570 -0.2456 0.9566
vn 0.1956 0.6247 0.7559
vn -0.1081 0.6095 0.7854
vn -0.2944 0.4298 0.8536
vn -0.2762 0.3785 0.8834
vn 0.0650 -0.3162 -0.9465
vn 0.3773 -0.5112 0.7722
vn 0.0673 -0.1173 -0.9908
vn -0.4702 -0.7317 0.4935
vn 0.0111 -0.1679 0.9857
vn 0.0180 -0.7544 -0.6562
vn 0.0756 -0.6101 -0.7887
vn 0.0740 -0.6101 -0.7888
vn 0.0625 -0.6107 -0.7894
vn 0.0632 -0.6107 -0.7894
vn -0.0619 -0.0562 0.9965
vn 0.0375 0.9276 -0.3717
vn 0.0361 0.9276 -0.3718
vn -0.0952 0.9240 -0.3704
vn -0.0384 -0.7606 0.6481
vn 0.0189 -0.7610 0.6485
vn 0.0206 -0.7610 0.6485
vn 0.0136 -0.7611 0.6485
vn 0.0135 -0.7611 0.6485
vn 0.0271 -0.7608 0.6484
vn -0.0000 0.9282 -0.3720
vn 0.0190 0.9281 -0.3719
vn 0.0185 0.9281 -0.3719
vn -0.0023 -0.0563 0.9984
vn 0.0026 -0.0563 0.9984
vn 0.0024 -0.0563 0.9984
vn -0.2300 -0.7343 -0.6387
vn 0.0581 -0.2276 -0.9720
vn 0.0583 -0.2202 -0.9737
vn 0.0295 -0.2201 -0.9750
vn 0.0288 -0.2201 -0.9751
vn -0.0000 -0.5269 0.8499
vn -0.0287 -0.5269 0.8495
vn -0.0295 -0.5269 0.8494
vn -0.0580 -0.5292 0.8465
vn -0.0580 -0.5290 0.8466
vn 0.0305 -0.5397 0.8413
vn -0.0568 -0.5320 0.8448
vn 0.0644 -0.2315 -0.9707
vn 0.0613 -0.2297 -0.9713
vn 0.0612 -0.2296 -0.9714
vn -0.0000 -0.2199 -0.9755
vn 0.0253 -0.3932 -0.9191
vn -0.0000 -0.3933 -0.9194
vn 0.1004 -0.3911 -0.9149
vn 0.0952 -0.3913 -0.9153
vn 0.0730 -0.3921 -0.9170
vn 0.0756 -0.3920 -0.9168
vn -0.0822 -0.4535 0.8874
vn 0.0051 -0.4551 0.8904
vn -0.0812 -0.4536 0.8875
vn -0.0000 -0.4551 0.8905
vn 0.0505 -0.3928 -0.9182
vn 0.0561 -0.4202 -0.9057
vn 0.0567 -0.4019 -0.9139
vn 0.0287 -0.4016 -0.9154
vn 0.0279 -0.4016 -0.9154
vn -0.0826 -0.7112 0.6981
vn 0.0325 -0.7137 0.6997
vn -0.0811 -0.7113 0.6982
vn 0.0348 -0.7175 0.6957
vn 0.0348 -0.7173 0.6959
vn 0.0534 -0.7247 0.6870
vn 0.0541 -0.7248 0.6868
vn 0.0661 -0.4322 -0.8993
vn 0.0612 -0.4264 -0.9025
vn 0.0610 -0.4262 -0.9026
vn -0.0000 -0.4011 -0.9160
vn 0.0249 -0.3932 -0.9191
vn -0.0000 0.4865 0.8737
vn -0.0340 0.4930 0.8694
vn -0.0352 0.4928 0.8694
vn -0.1119 0.4833 0.8683
vn 0.1031 -0.3909 -0.9146
vn 0.1025 -0.3910 -0.9147
vn 0.0256 -0.3932 -0.9191
vn 0.0929 -0.3914 -0.9155
vn 0.0722 -0.3921 -0.9171
vn -0.0298 0.5479 0.8360
vn -0.0309 0.5480 0.8359
vn -0.1070 0.5519 0.8270
vn -0.0000 0.5553 0.8316
vn 0.0249 -0.5301 -0.8476
vn 0.0257 -0.5301 -0.8475
vn -0.0000 -0.5303 -0.8478
vn 0.0844 -0.5282 -0.8449
vn 0.0678 -0.5290 -0.8459
vn 0.0672 -0.5290 -0.8460
vn -0.0933 0.7073 0.7007
vn -0.0933 0.7080 0.7001
vn -0.0992 0.7324 0.6736
vn -0.0990 0.7322 0.6738
vn 0.0299 0.7100 0.7035
vn -0.0334 0.7036 0.7098
vn -0.0319 0.7037 0.7097
vn 0.0506 -0.5296 -0.8467
vn 0.0508 -0.6112 -0.7899
vn 0.0258 -0.6118 -0.7906
vn 0.0250 -0.6118 -0.7906
vn 0.0126 0.7060 0.7081
vn 0.0917 0.7097 0.6985
vn 0.1677 0.7091 0.6849
vn -0.0982 0.6814 0.7253
vn -0.0900 0.6699 0.7370
vn -0.0905 0.6705 0.7364
vn 0.0772 -0.6100 -0.7887
vn 0.0638 -0.6106 -0.7893
vn -0.0000 -0.6120 -0.7909
vn -0.0825 0.6591 0.7475
vn -0.1052 0.7441 0.6597
vn -0.1078 0.5519 0.8269
vn -0.1131 0.4831 0.8682
vn 0.9999 0.0088 0.0090
vn 0.9999 0.0090 0.0089
vn 0.0720 -0.7281 0.6817
vn 0.0061 -0.4551 0.8904
vn 0.9999 0.0087 0.0090
vn 0.9995 0.0171 0.0274
vn 0.0314 -0.5398 0.8412
vn 0.0778 -0.7588 0.6466
vn -0.0972 0.9238 -0.3703
vn -0.0024 -0.0564 0.9984
vn 0.9996 0.0241 0.0162
vn -0.0756 -0.6101 -0.7887
vn -0.0675 -0.6105 -0.7892
vn -0.0740 -0.6101 -0.7888
vn 0.0322 -0.0563 0.9979
vn -0.0375 0.9276 -0.3717
vn 0.0959 0.9239 -0.3703
vn -0.0361 0.9276 -0.3718
vn 0.0137 -0.7611 0.6485
vn -0.0325 -0.7607 0.6483
vn -0.0318 -0.7608 0.6483
vn -0.0220 -0.7865 0.6172
vn -0.0454 -0.8118 0.5822
vn -0.0220 -0.7865 0.6171
vn -0.0185 0.9281 -0.3719
vn -0.0190 0.9281 -0.3719
vn 0.0192 -0.1265 0.9918
vn 0.4119 -0.7892 -0.4555
vn -0.0581 -0.2275 -0.9720
vn -0.0288 -0.2200 -0.9751
vn -0.0296 -0.2200 -0.9751
vn -0.0583 -0.2200 -0.9738
vn 0.1116 -0.5294 0.8410
vn -0.0644 -0.2315 -0.9707
vn -0.0612 -0.2295 -0.9714
vn -0.0613 -0.2296 -0.9714
vn -0.1004 -0.3911 -0.9149
vn -0.0756 -0.3920 -0.9168
vn -0.0730 -0.3921 -0.9170
vn -0.0952 -0.3913 -0.9153
vn 0.0620 -0.4542 0.8887
vn 0.0609 -0.4542 0.8888
vn -0.0050 -0.4551 0.8904
vn 0.0202 -0.4550 0.8903
vn 0.0414 -0.4547 0.8897
vn 0.0409 -0.4547 0.8897
vn -0.0505 -0.3928 -0.9182
vn -0.0252 -0.3932 -0.9191
vn -0.0253 -0.3932 -0.9191
vn -0.0561 -0.4198 -0.9059
vn -0.0279 -0.4014 -0.9155
vn -0.0287 -0.4014 -0.9155
vn -0.0567 -0.4016 -0.9141
vn -0.0000 -0.7136 0.7005
vn -0.0080 -0.7138 0.7003
vn -0.0077 -0.7138 0.7003
vn -0.0166 -0.7177 0.6961
vn -0.0452 -0.7251 0.6872
vn -0.0440 -0.7249 0.6874
vn -0.0165 -0.7174 0.6964
vn -0.0661 -0.4322 -0.8993
vn -0.0610 -0.4260 -0.9027
vn -0.0612 -0.4262 -0.9026
vn -0.0504 -0.3928 -0.9182
vn -0.0249 -0.3932 -0.9191
vn -0.0211 0.4983 0.8667
vn 0.0124 0.4924 0.8703
vn 0.0133 0.4923 0.8703
vn 0.0462 0.4859 0.8728
vn 0.1122 0.4831 0.8683
vn 0.0470 0.4859 0.8727
vn -0.1031 -0.3909 -0.9146
vn -0.1025 -0.3910 -0.9147
vn -0.0722 -0.3921 -0.9171
vn -0.0929 -0.3914 -0.9155
vn 0.0530 0.5552 0.8300
vn 0.0739 0.5541 0.8292
vn 0.0424 0.5555 0.8304
vn 0.0532 0.5552 0.8300
vn -0.0225 0.5430 0.8394
vn 0.0197 0.5493 0.8354
vn 0.0587 0.5542 0.8303
vn -0.0256 -0.3932 -0.9191
vn -0.0844 -0.5282 -0.8449
vn -0.0672 -0.5290 -0.8460
vn -0.0678 -0.5289 -0.8459
vn 0.1944 0.6847 0.7024
vn 0.0941 0.7311 0.6758
vn 0.0944 0.7314 0.6753
vn 0.1986 0.6832 0.7027
vn -0.0000 0.6982 0.7159
vn -0.0506 -0.5296 -0.8467
vn -0.0249 -0.5301 -0.8476
vn -0.0257 -0.5301 -0.8475
vn -0.0508 -0.6112 -0.7899
vn -0.0250 -0.6118 -0.7906
vn -0.0258 -0.6118 -0.7906
vn 0.0194 0.7181 0.6957
vn 0.0176 0.7181 0.6957
vn -0.0631 0.7179 0.6933
vn 0.0885 0.6853 0.7229
vn 0.0855 0.6725 0.7352
vn 0.0854 0.6718 0.7358
vn -0.0772 -0.6100 -0.7887
vn -0.0638 -0.6106 -0.7893
vn 0.0825 0.6591 0.7475
vn 0.1052 0.7441 0.6597
vn 0.1078 0.5519 0.8269
vn 0.1131 0.4831 0.8682
vn -0.9999 0.0088 0.0090
vn -0.9999 0.0090 0.0089
vn -0.0720 -0.7281 0.6817
vn -0.0061 -0.4551 0.8904
vn -0.9999 0.0087 0.0090
vn -0.9995 0.0171 0.0274
vn -0.0314 -0.5398 0.8412
vn -0.0778 -0.7588 0.6466
vn 0.0972 0.9238 -0.3703
vn 0.0024 -0.0564 0.9984
vn -0.9996 0.0241 0.0162
vn -0.3779 0.6443 0.6648
vn -0.3870 0.6570 0.6470
vn 0.3094 0.5156 0.7990
vn 0.2934 0.4774 0.8282
vn 0.7232 -0.4929 0.4838
vn -0.3028 -0.4337 0.8486
vn -0.0000 -0.0563 0.9984
vn -0.0256 -0.7958 -0.6050
vn -0.0649 0.7178 0.6932
vn 0.2000 0.6828 0.7027
vn -0.6257 -0.4112 0.6628
vn -0.0392 -0.6771 -0.7348
vn 0.6674 -0.6378 0.3844
vn 0.1360 -0.1372 0.9812
vn 0.1697 0.7090 0.6845
vn -0.2570 0.5286 0.8090
vn -0.2407 0.4798 0.8437
vn 0.3317 -0.4293 0.8400
vn -0.4178 -0.6915 0.5893
vn 0.0096 -0.0563 0.9984
vn 0.0180 -0.7544 0.6562
vn 0.0756 -0.6101 0.7887
vn 0.0632 -0.6107 0.7894
vn 0.0626 -0.6107 0.7894
vn 0.0740 -0.6101 0.7888
vn -0.0619 -0.0562 -0.9965
vn 0.0376 0.9276 0.3717
vn -0.0950 0.9240 0.3704
vn 0.0353 0.9277 0.3718
vn -0.0384 -0.7606 -0.6481
vn 0.0208 -0.7610 -0.6485
vn 0.0188 -0.7610 -0.6485
vn 0.0136 -0.7611 -0.6485
vn 0.0271 -0.7608 -0.6484
vn 0.0135 -0.7611 -0.6485
vn -0.0000 0.9282 0.3720
vn 0.0185 0.9281 0.3719
vn 0.0190 0.9281 0.3719
vn -0.0023 -0.0563 -0.9984
vn 0.0023 -0.0563 -0.9984
vn 0.0026 -0.0563 -0.9984
vn -0.2300 -0.7343 0.6387
vn 0.0583 -0.2200 0.9737
vn -0.0000 -0.5269 -0.8499
vn -0.0295 -0.5269 -0.8494
vn -0.0287 -0.5269 -0.8495
vn -0.0580 -0.5292 -0.8465
vn -0.0568 -0.5320 -0.8448
vn 0.0305 -0.5397 -0.8413
vn -0.0580 -0.5291 -0.8466
vn 0.0644 -0.2315 0.9707
vn 0.0612 -0.2296 0.9714
vn 0.0613 -0.2297 0.9713
vn -0.0000 -0.2199 0.9755
vn 0.0253 -0.3932 0.9191
vn -0.0000 -0.3933 0.9194
vn 0.1003 -0.3911 0.9149
vn 0.0756 -0.3920 0.9168
vn 0.0730 -0.3921 0.9170
vn 0.0952 -0.3913 0.9153
vn -0.0822 -0.4535 -0.8874
vn -0.0811 -0.4536 -0.8875
vn 0.0050 -0.4551 -0.8904
vn -0.0000 -0.4551 -0.8905
vn 0.0505 -0.3928 0.9182
vn 0.0561 -0.4202 0.9057
vn 0.0279 -0.4016 0.9154
vn 0.0287 -0.4016 0.9154
vn 0.0567 -0.4019 0.9139
vn -0.0826 -0.7112 -0.6981
vn -0.0810 -0.7113 -0.6982
vn 0.0329 -0.7137 -0.6997
vn 0.0348 -0.7176 -0.6956
vn 0.0542 -0.7248 -0.6868
vn 0.0533 -0.7246 -0.6871
vn 0.0348 -0.7173 -0.6959
vn 0.0661 -0.4322 0.8993
vn 0.0610 -0.4262 0.9026
vn 0.0611 -0.4264 0.9025
vn -0.0000 -0.4011 0.9160
vn 0.0249 -0.3932 0.9191
vn -0.0000 0.4865 -0.8737
vn -0.0340 0.4930 -0.8694
vn -0.1118 0.4833 -0.8683
vn -0.0349 0.4928 -0.8694
vn 0.1031 -0.3909 0.9146
vn 0.1023 -0.3910 0.9147
vn 0.0256 -0.3932 0.9191
vn 0.0722 -0.3921 0.9171
vn 0.0929 -0.3914 0.9155
vn -0.0298 0.5479 -0.8360
vn -0.1067 0.5519 -0.8271
vn -0.0308 0.5480 -0.8359
vn -0.0000 0.5553 -0.8316
vn 0.0249 -0.5301 0.8476
vn -0.0000 -0.5303 0.8478
vn 0.0257 -0.5301 0.8475
vn 0.0844 -0.5282 0.8449
vn 0.0672 -0.5290 0.8460
vn 0.0679 -0.5289 0.8459
vn -0.0933 0.7073 -0.7007
vn -0.0990 0.7322 -0.6739
vn -0.0992 0.7325 -0.6735
vn -0.0934 0.6953 -0.7127
vn 0.0299 0.7100 -0.7035
vn -0.0321 0.7037 -0.7097
vn -0.0335 0.7036 -0.7099
vn 0.0506 -0.5296 0.8467
vn 0.0508 -0.6112 0.7899
vn 0.0250 -0.6118 0.7906
vn 0.0258 -0.6118 0.7906
vn 0.0126 0.7060 -0.7081
vn -0.0982 0.6814 -0.7253
vn -0.0827 0.6594 -0.7472
vn -0.0980 0.6811 -0.7256
vn 0.0772 -0.6100 0.7887
vn 0.0638 -0.6106 0.7893
vn -0.0000 -0.6120 0.7909
vn -0.0825 0.6591 -0.7475
vn -0.1052 0.7441 -0.6597
vn -0.1078 0.5519 -0.8269
vn -0.1131 0.4831 -0.8682
vn 0.9999 0.0088 -0.0090
vn 0.9999 0.0090 -0.0089
vn 0.0720 -0.7281 -0.6817
vn 0.0061 -0.4551 -0.8904
vn 0.9999 0.0087 -0.0090
vn 0.9995 0.0171 -0.0274
vn 0.0314 -0.5398 -0.8412
vn 0.0778 -0.7588 -0.6466
vn -0.0972 0.9238 0.3703
vn -0.0024 -0.0564 -0.9984
vn 0.9996 0.0241 -0.0162
vn -0.0756 -0.6101 0.7887
vn -0.0740 -0.6101 0.7888
vn -0.0675 -0.6105 0.7892
vn 0.0322 -0.0563 -0.9979
vn 0.0175 -0.0563 -0.9983
vn 0.0172 -0.0563 -0.9983
vn -0.0376 0.9276 0.3717
vn -0.0360 0.9276 0.3718
vn 0.0957 0.9239 0.3704
vn 0.0137 -0.7611 -0.6485
vn -0.0316 -0.7608 -0.6483
vn -0.0326 -0.7607 -0.6482
vn -0.0221 -0.7867 -0.6170
vn -0.0454 -0.8118 -0.5822
vn -0.0190 0.9281 0.3719
vn -0.0185 0.9281 0.3719
vn 0.0192 -0.1265 -0.9918
vn 0.4119 -0.7892 0.4555
vn -0.0583 -0.2199 0.9738
vn 0.1116 -0.5294 -0.8410
vn -0.0644 -0.2315 0.9707
vn -0.0613 -0.2296 0.9714
vn -0.0612 -0.2295 0.9714
vn -0.1003 -0.3911 0.9149
vn -0.0952 -0.3913 0.9153
vn -0.0730 -0.3921 0.9170
vn -0.0756 -0.3920 0.9168
vn 0.0620 -0.4542 -0.8887
vn -0.0050 -0.4552 -0.8904
vn 0.0608 -0.4542 -0.8888
vn 0.0202 -0.4550 -0.8903
vn 0.0409 -0.4547 -0.8897
vn 0.0413 -0.4547 -0.8897
vn -0.0505 -0.3928 0.9182
vn -0.0253 -0.3932 0.9191
vn -0.0252 -0.3932 0.9191
vn -0.0561 -0.4198 0.9059
vn -0.0567 -0.4016 0.9141
vn -0.0287 -0.4014 0.9155
vn -0.0279 -0.4014 0.9155
vn -0.0000 -0.7136 -0.7005
vn -0.0077 -0.7138 -0.7003
vn -0.0081 -0.7138 -0.7003
vn -0.0166 -0.7178 -0.6961
vn -0.0165 -0.7174 -0.6964
vn -0.0439 -0.7249 -0.6875
vn -0.0454 -0.7251 -0.6872
vn -0.0661 -0.4322 0.8993
vn -0.0612 -0.4262 0.9026
vn -0.0610 -0.4260 0.9027
vn -0.0504 -0.3928 0.9182
vn -0.0249 -0.3932 0.9191
vn -0.0211 0.4983 -0.8667
vn 0.0133 0.4923 -0.8703
vn 0.0125 0.4924 -0.8703
vn 0.0462 0.4859 -0.8728
vn 0.0470 0.4859 -0.8727
vn 0.1123 0.4831 -0.8683
vn -0.1031 -0.3909 0.9146
vn -0.1023 -0.3910 0.9147
vn -0.0929 -0.3914 0.9155
vn -0.0722 -0.3921 0.9171
vn 0.0530 0.5552 -0.8300
vn 0.0425 0.5555 -0.8304
vn 0.1068 0.5520 -0.8270
vn -0.0225 0.5430 -0.8394
vn 0.0595 0.5543 -0.8302
vn 0.0197 0.5493 -0.8354
vn -0.0256 -0.3932 0.9191
vn -0.0844 -0.5282 0.8449
vn -0.0679 -0.5289 0.8459
vn -0.0672 -0.5290 0.8460
vn 0.1953 0.6844 -0.7024
vn 0.1983 0.6834 -0.7026
vn 0.0944 0.7315 -0.6753
vn 0.0941 0.7310 -0.6758
vn -0.0000 0.6982 -0.7159
vn -0.0506 -0.5296 0.8467
vn -0.0257 -0.5301 0.8475
vn -0.0249 -0.5301 0.8476
vn -0.0508 -0.6112 0.7899
vn -0.0258 -0.6118 0.7906
vn -0.0250 -0.6118 0.7906
vn 0.0194 0.7181 -0.6957
vn -0.0623 0.7179 -0.6933
vn 0.0176 0.7181 -0.6957
vn 0.0885 0.6853 -0.7229
vn 0.0854 0.6717 -0.7359
vn 0.0826 0.6596 -0.7470
vn -0.0772 -0.6100 0.7887
vn -0.0638 -0.6106 0.7893
vn 0.0825 0.6591 -0.7475
vn 0.1052 0.7441 -0.6597
vn 0.1078 0.5519 -0.8269
vn 0.1131 0.4831 -0.8682
vn -0.9999 0.0088 -0.0090
vn -0.9999 0.0090 -0.0089
vn -0.0720 -0.7281 -0.6817
vn -0.0061 -0.4551 -0.8904
vn -0.9999 0.0087 -0.0090
vn -0.9995 0.0171 -0.0274
vn -0.0314 -0.5398 -0.8412
vn -0.0778 -0.7588 -0.6466
vn 0.0972 0.9238 0.3703
vn 0.0024 -0.0564 -0.9984
vn -0.9996 0.0241 -0.0162
vn -0.3779 0.6443 -0.6648
vn -0.3870 0.6570 -0.6470
vn 0.3094 0.5156 -0.7990
vn 0.2934 0.4774 -0.8282
vn 0.7232 -0.4929 -0.4838
vn -0.3028 -0.4337 -0.8486
vn -0.0000 -0.0563 -0.9984
vn -0.0256 -0.7958 0.6050
vn -0.0649 0.7178 -0.6932
vn 0.2000 0.6828 -0.7027
vn -0.6257 -0.4112 -0.6628
vn -0.0581 -0.2276 0.9720
vn -0.0392 -0.6771 0.7348
vn 0.6674 -0.6378 -0.3844
vn 0.1360 -0.1372 -0.9812
vn 0.1697 0.7090 -0.6845
vn -0.2570 0.5286 -0.8090
vn -0.2407 0.4798 -0.8437
vn 0.3317 -0.4293 -0.8400
vn 0.0581 -0.2277 0.9720
vn -0.4178 -0.6915 -0.5893
vn 0.0096 -0.0563 -0.9984
vn -0.6783 -0.7347 -0.0103
vn -0.7879 -0.6140 -0.0460
vn -0.7880 -0.6141 -0.0449
vn -0.7881 -0.6143 -0.0378
vn -0.7881 -0.6143 -0.0384
vn 0.9869 -0.1543 0.0475
vn -0.0568 0.9981 -0.0221
vn -0.0568 0.9982 -0.0204
vn -0.0568 0.9968 0.0557
vn 0.3491 -0.9367 0.0253
vn 0.3488 -0.9359 -0.0497
vn 0.3491 -0.9368 0.0242
vn 0.3492 -0.9370 -0.0090
vn 0.3492 -0.9370 -0.0088
vn 0.3492 -0.9369 -0.0178
vn -0.0568 0.9984 -0.0000
vn -0.0568 0.9983 -0.0113
vn -0.0568 0.9983 -0.0108
vn 0.9880 -0.1545 0.0003
vn 0.9880 -0.1544 0.0032
vn 0.9880 -0.1544 -0.0067
vn 0.9880 -0.1544 0.0029
vn -0.6722 -0.7281 0.1342
vn -0.9769 -0.2097 -0.0414
vn -0.9750 -0.2184 -0.0412
vn -0.9770 -0.2094 -0.0414
vn 0.6570 -0.7539 -0.0000
vn 0.6560 -0.7536 0.0414
vn 0.6570 -0.7539 0.0012
vn 0.6526 -0.7565 0.0425
vn 0.6530 -0.7561 0.0425
vn 0.6418 -0.7665 -0.0217
vn 0.6495 -0.7593 0.0406
vn -0.9737 -0.2233 -0.0456
vn -0.9737 -0.2232 -0.0455
vn -0.9749 -0.2188 -0.0413
vn -0.9779 -0.2090 -0.0000
vn -0.9142 -0.4049 -0.0167
vn -0.9143 -0.4050 -0.0000
vn -0.9124 -0.4038 -0.0669
vn -0.9126 -0.4039 -0.0635
vn -0.9133 -0.4044 -0.0485
vn -0.9132 -0.4043 -0.0502
vn 0.7336 -0.6767 0.0618
vn 0.7350 -0.6781 -0.0023
vn 0.7337 -0.6768 0.0595
vn 0.7350 -0.6780 -0.0000
vn -0.9138 -0.4048 -0.0335
vn -0.9050 -0.4238 -0.0372
vn -0.9051 -0.4236 -0.0372
vn -0.9095 -0.4141 -0.0368
vn -0.9106 -0.4132 -0.0005
vn 0.4176 -0.9069 0.0558
vn 0.4175 -0.9084 -0.0209
vn 0.4176 -0.9070 0.0543
vn 0.4118 -0.9110 -0.0235
vn 0.4125 -0.9106 -0.0234
vn 0.4010 -0.9154 -0.0355
vn 0.4004 -0.9156 -0.0367
vn -0.8941 -0.4457 -0.0433
vn -0.8973 -0.4395 -0.0400
vn -0.8972 -0.4397 -0.0401
vn -0.9106 -0.4132 -0.0000
vn -0.9143 -0.4050 -0.0007
vn 0.8666 0.4990 -0.0000
vn 0.8626 0.5055 0.0217
vn 0.8638 0.5016 0.0473
vn 0.8638 0.5017 0.0472
vn -0.9123 -0.4038 -0.0687
vn -0.9132 -0.4043 -0.0512
vn -0.9138 -0.4048 -0.0331
vn -0.9127 -0.4040 -0.0618
vn -0.9133 -0.4044 -0.0475
vn 0.8301 0.5573 0.0186
vn 0.8273 0.5601 0.0428
vn 0.8273 0.5601 0.0426
vn 0.8258 0.5640 -0.0000
vn -0.8410 -0.5407 -0.0161
vn -0.8411 -0.5407 -0.0156
vn -0.8412 -0.5408 -0.0000
vn -0.8401 -0.5398 -0.0531
vn -0.8405 -0.5402 -0.0424
vn 0.7143 0.6977 0.0545
vn 0.7139 0.6981 0.0545
vn 0.6931 0.7185 0.0574
vn 0.6932 0.7184 0.0574
vn 0.7154 0.6985 -0.0175
vn 0.7205 0.6932 0.0191
vn 0.7205 0.6932 0.0192
vn -0.8407 -0.5405 -0.0318
vn -0.7883 -0.6145 -0.0308
vn -0.7886 -0.6148 -0.0153
vn -0.7886 -0.6148 -0.0155
vn 0.7190 0.6950 -0.0073
vn 0.7050 0.7025 -0.0974
vn 0.7127 0.6995 -0.0527
vn 0.7345 0.6761 0.0580
vn 0.7438 0.6662 0.0535
vn 0.7436 0.6665 0.0536
vn -0.7879 -0.6140 -0.0469
vn -0.7881 -0.6143 -0.0389
vn -0.7887 -0.6148 -0.0000
vn 0.7525 0.6567 0.0491
vn 0.6825 0.7284 0.0607
vn 0.8240 0.5626 0.0671
vn 0.8644 0.4975 0.0725
vn 0.0156 0.0147 -0.9998
vn 0.0155 0.0152 -0.9998
vn 0.0156 0.0149 -0.9998
vn 0.3945 -0.9176 -0.0482
vn 0.7349 -0.6781 -0.0046
vn 0.0156 0.0146 -0.9998
vn 0.0433 0.0278 -0.9987
vn 0.6417 -0.7666 -0.0230
vn 0.3488 -0.9358 -0.0512
vn -0.0568 0.9967 0.0574
vn 0.9880 -0.1545 0.0019
vn 0.0316 0.0414 -0.9986
vn -0.7879 -0.6140 0.0459
vn -0.7956 -0.6045 0.0391
vn -0.7422 -0.6697 0.0237
vn -0.7880 -0.6141 0.0449
vn 0.9877 -0.1544 -0.0247
vn 0.9880 -0.1545 -0.0031
vn 0.9877 -0.1544 -0.0234
vn -0.0568 0.9981 0.0221
vn -0.0568 0.9968 -0.0557
vn -0.0568 0.9982 0.0204
vn 0.3491 -0.9368 0.0214
vn 0.3491 -0.9368 0.0209
vn 0.3103 -0.9505 0.0142
vn 0.2695 -0.9626 0.0289
vn 0.3097 -0.9507 0.0145
vn -0.0568 0.9983 0.0108
vn -0.0568 0.9983 0.0113
vn 0.9675 -0.2523 -0.0148
vn -0.5481 -0.8007 -0.2417
vn -0.9751 -0.2179 0.0412
vn -0.9770 -0.2092 0.0414
vn -0.9769 -0.2098 0.0414
vn 0.6482 -0.7571 -0.0819
vn 0.6481 -0.7573 -0.0805
vn 0.6418 -0.7666 0.0219
vn -0.9737 -0.2233 0.0456
vn -0.9738 -0.2230 0.0453
vn -0.9749 -0.2188 0.0414
vn -0.9124 -0.4038 0.0667
vn -0.9132 -0.4043 0.0504
vn -0.9133 -0.4044 0.0486
vn -0.9126 -0.4039 0.0633
vn 0.7342 -0.6773 -0.0466
vn 0.7348 -0.6779 -0.0205
vn 0.7348 -0.6779 -0.0214
vn 0.7349 -0.6780 -0.0152
vn 0.7347 -0.6777 -0.0307
vn 0.7347 -0.6777 -0.0310
vn -0.9138 -0.4048 0.0335
vn -0.9142 -0.4049 0.0168
vn -0.9010 -0.4323 0.0369
vn -0.9097 -0.4137 0.0362
vn -0.9106 -0.4132 0.0015
vn -0.9092 -0.4146 0.0375
vn 0.4183 -0.9083 -0.0000
vn 0.4180 -0.9084 0.0054
vn 0.4180 -0.9084 0.0052
vn 0.4122 -0.9110 0.0112
vn 0.4007 -0.9157 0.0305
vn 0.4011 -0.9156 0.0294
vn 0.4128 -0.9108 0.0111
vn -0.8941 -0.4457 0.0433
vn -0.8944 -0.4452 0.0430
vn -0.9003 -0.4337 0.0371
vn -0.9138 -0.4048 0.0322
vn 0.8597 0.5106 0.0134
vn 0.8660 0.4992 -0.0284
vn 0.8599 0.5103 0.0123
vn 0.8662 0.4988 -0.0295
vn 0.8645 0.4976 -0.0710
vn 0.8662 0.4988 -0.0313
vn -0.9123 -0.4038 0.0687
vn -0.9124 -0.4038 0.0672
vn -0.9138 -0.4047 0.0348
vn -0.9127 -0.4040 0.0618
vn 0.8249 0.5643 -0.0332
vn 0.8241 0.5626 -0.0657
vn 0.8251 0.5644 -0.0273
vn 0.8249 0.5643 -0.0329
vn 0.8333 0.5527 0.0140
vn 0.8250 0.5638 -0.0381
vn 0.8253 0.5635 -0.0368
vn -0.9143 -0.4050 0.0011
vn -0.8401 -0.5398 0.0531
vn -0.8401 -0.5399 0.0524
vn -0.8407 -0.5405 0.0324
vn 0.7206 0.6837 -0.1157
vn 0.6832 0.7278 -0.0603
vn 0.7053 0.7072 -0.0490
vn 0.7207 0.6835 -0.1161
vn 0.7252 0.6885 -0.0000
vn -0.8407 -0.5405 0.0317
vn -0.8408 -0.5405 0.0309
vn -0.8412 -0.5408 0.0008
vn -0.7883 -0.6146 0.0308
vn -0.7883 -0.6146 0.0301
vn -0.7887 -0.6148 0.0010
vn -0.7528 -0.6578 0.0250
vn 0.7091 0.7051 -0.0113
vn 0.7086 0.7055 0.0129
vn 0.7313 0.6804 -0.0481
vn 0.7517 0.6577 -0.0493
vn 0.7328 0.6785 -0.0521
vn 0.7083 0.7050 0.0359
vn -0.7879 -0.6140 0.0469
vn -0.7881 -0.6143 0.0384
vn 0.7525 0.6567 -0.0491
vn 0.6825 0.7284 -0.0607
vn 0.8240 0.5626 -0.0672
vn 0.8644 0.4975 -0.0725
vn 0.0156 0.0147 0.9998
vn 0.0156 0.0149 0.9998
vn 0.0155 0.0152 0.9998
vn 0.3945 -0.9176 0.0482
vn 0.7349 -0.6781 0.0046
vn 0.0156 0.0146 0.9998
vn 0.0433 0.0278 0.9987
vn 0.6417 -0.7666 0.0229
vn 0.3488 -0.9358 0.0512
vn -0.0568 0.9967 -0.0574
vn 0.9880 -0.1545 -0.0019
vn 0.0316 0.0414 0.9986
vn 0.7071 0.6678 0.2327
vn 0.6933 0.6804 0.2375
vn 0.8172 0.5409 -0.1990
vn 0.8434 0.5021 -0.1915
vn 0.3416 -0.7419 -0.5769
vn 0.7150 -0.6595 0.2319
vn 0.9880 -0.1545 -0.0000
vn -0.6398 -0.7684 0.0145
vn 0.7212 0.6825 -0.1188
vn 0.5660 -0.6500 0.5071
vn -0.7410 -0.6711 0.0232
vn 0.1716 -0.8573 -0.4853
vn 0.9577 -0.2676 -0.1056
vn 0.7046 0.7026 -0.0995
vn 0.8198 0.5489 0.1634
vn 0.8516 0.5005 0.1560
vn 0.7107 -0.6556 -0.2551
vn 0.3343 -0.8970 0.2892
vn 0.9880 -0.1544 -0.0073
vn 0.6783 -0.7347 -0.0103
vn 0.7879 -0.6140 -0.0460
vn 0.7881 -0.6143 -0.0384
vn 0.7881 -0.6143 -0.0378
vn 0.7880 -0.6141 -0.0449
vn -0.9869 -0.1543 0.0475
vn 0.0568 0.9981 -0.0221
vn 0.0568 0.9968 0.0557
vn 0.0568 0.9982 -0.0204
vn -0.3491 -0.9367 0.0253
vn -0.3491 -0.9368 0.0237
vn -0.3488 -0.9359 -0.0497
vn -0.3492 -0.9370 -0.0090
vn -0.3492 -0.9369 -0.0178
vn -0.3492 -0.9370 -0.0088
vn 0.0568 0.9984 -0.0000
vn 0.0568 0.9983 -0.0108
vn 0.0568 0.9983 -0.0113
vn -0.9880 -0.1545 0.0003
vn -0.9880 -0.1545 0.0030
vn -0.9880 -0.1545 -0.0069
vn -0.9880 -0.1545 0.0034
vn 0.6722 -0.7281 0.1342
vn 0.9769 -0.2097 -0.0414
vn 0.9770 -0.2094 -0.0414
vn 0.9750 -0.2184 -0.0412
vn -0.6570 -0.7539 -0.0000
vn -0.6570 -0.7539 0.0012
vn -0.6560 -0.7536 0.0414
vn -0.6526 -0.7565 0.0425
vn -0.6495 -0.7593 0.0406
vn -0.6419 -0.7665 -0.0213
vn -0.6530 -0.7561 0.0425
vn 0.9737 -0.2233 -0.0456
vn 0.9749 -0.2188 -0.0413
vn 0.9737 -0.2232 -0.0455
vn 0.9779 -0.2090 -0.0000
vn 0.9142 -0.4049 -0.0167
vn 0.9143 -0.4050 -0.0000
vn 0.9124 -0.4038 -0.0669
vn 0.9132 -0.4043 -0.0502
vn 0.9133 -0.4044 -0.0485
vn 0.9126 -0.4039 -0.0635
vn -0.7336 -0.6767 0.0618
vn -0.7337 -0.6768 0.0595
vn -0.7350 -0.6781 -0.0023
vn -0.7350 -0.6780 -0.0000
vn 0.9138 -0.4047 -0.0335
vn 0.9050 -0.4238 -0.0372
vn 0.9106 -0.4132 -0.0005
vn 0.9095 -0.4141 -0.0371
vn 0.9051 -0.4236 -0.0372
vn -0.4176 -0.9069 0.0558
vn -0.4176 -0.9070 0.0539
vn -0.4175 -0.9084 -0.0214
vn -0.4118 -0.9110 -0.0235
vn -0.4004 -0.9156 -0.0367
vn -0.4010 -0.9154 -0.0355
vn -0.4125 -0.9106 -0.0234
vn 0.8941 -0.4457 -0.0433
vn 0.8972 -0.4397 -0.0401
vn 0.8973 -0.4395 -0.0400
vn 0.9106 -0.4132 -0.0000
vn 0.9138 -0.4048 -0.0335
vn 0.9143 -0.4050 -0.0005
vn -0.8666 0.4990 -0.0000
vn -0.8626 0.5055 0.0217
vn -0.8638 0.5017 0.0472
vn -0.8638 0.5016 0.0473
vn 0.9123 -0.4037 -0.0687
vn 0.9132 -0.4043 -0.0512
vn 0.9138 -0.4048 -0.0331
vn 0.9133 -0.4044 -0.0475
vn 0.9127 -0.4040 -0.0618
vn -0.8301 0.5573 0.0186
vn -0.8273 0.5601 0.0426
vn -0.8273 0.5601 0.0428
vn -0.8258 0.5640 -0.0000
vn 0.8410 -0.5407 -0.0161
vn 0.8412 -0.5408 -0.0000
vn 0.8411 -0.5407 -0.0156
vn 0.8401 -0.5398 -0.0531
vn 0.8405 -0.5402 -0.0424
vn -0.7143 0.6977 0.0545
vn -0.6932 0.7184 0.0574
vn -0.6931 0.7185 0.0574
vn -0.7139 0.6981 0.0545
vn -0.7154 0.6985 -0.0175
vn -0.7205 0.6932 0.0192
vn -0.7205 0.6932 0.0191
vn 0.8407 -0.5405 -0.0317
vn 0.7883 -0.6145 -0.0308
vn 0.7886 -0.6148 -0.0155
vn 0.7886 -0.6148 -0.0153
vn -0.7190 0.6950 -0.0073
vn -0.7127 0.6995 -0.0527
vn -0.7050 0.7025 -0.0974
vn -0.7345 0.6761 0.0580
vn -0.7436 0.6665 0.0536
vn -0.7438 0.6662 0.0535
vn 0.7879 -0.6140 -0.0469
vn 0.7881 -0.6143 -0.0389
vn 0.7887 -0.6148 -0.0000
vn -0.7525 0.6567 0.0491
vn -0.6825 0.7284 0.0607
vn -0.8240 0.5625 0.0672
vn -0.8644 0.4975 0.0725
vn -0.0156 0.0147 -0.9998
vn -0.0156 0.0149 -0.9998
vn -0.0155 0.0152 -0.9998
vn -0.3945 -0.9176 -0.0482
vn -0.7349 -0.6781 -0.0046
vn -0.0156 0.0146 -0.9998
vn -0.0433 0.0278 -0.9987
vn -0.6417 -0.7666 -0.0230
vn -0.3487 -0.9358 -0.0512
vn 0.0568 0.9967 0.0574
vn -0.9880 -0.1545 0.0019
vn -0.0316 0.0414 -0.9986
vn 0.7879 -0.6140 0.0459
vn 0.7880 -0.6141 0.0449
vn 0.7422 -0.6697 0.0237
vn 0.7957 -0.6045 0.0391
vn -0.9877 -0.1544 -0.0247
vn -0.9877 -0.1544 -0.0233
vn -0.9880 -0.1545 -0.0031
vn 0.0568 0.9981 0.0221
vn 0.0568 0.9982 0.0204
vn 0.0568 0.9968 -0.0562
vn -0.3491 -0.9368 0.0209
vn -0.3491 -0.9368 0.0214
vn -0.3103 -0.9505 0.0142
vn -0.3097 -0.9507 0.0145
vn -0.2695 -0.9626 0.0289
vn 0.0568 0.9983 0.0113
vn 0.0568 0.9983 0.0108
vn -0.9675 -0.2523 -0.0148
vn 0.5481 -0.8007 -0.2417
vn 0.9751 -0.2179 0.0412
vn 0.9769 -0.2098 0.0414
vn 0.9770 -0.2092 0.0414
vn -0.6482 -0.7571 -0.0819
vn -0.6418 -0.7666 0.0215
vn -0.6481 -0.7573 -0.0805
vn 0.9737 -0.2233 0.0456
vn 0.9749 -0.2188 0.0414
vn 0.9738 -0.2230 0.0453
vn 0.9124 -0.4038 0.0667
vn 0.9126 -0.4039 0.0633
vn 0.9133 -0.4044 0.0486
vn 0.9132 -0.4043 0.0504
vn -0.7342 -0.6773 -0.0466
vn -0.7348 -0.6779 -0.0214
vn -0.7348 -0.6779 -0.0205
vn -0.7349 -0.6780 -0.0152
vn -0.7347 -0.6777 -0.0310
vn -0.7347 -0.6777 -0.0307
vn 0.9138 -0.4048 0.0335
vn 0.9142 -0.4049 0.0168
vn 0.9010 -0.4323 0.0369
vn 0.9092 -0.4146 0.0375
vn 0.9106 -0.4132 0.0012
vn 0.9097 -0.4137 0.0362
vn -0.4183 -0.9083 -0.0000
vn -0.4180 -0.9084 0.0052
vn -0.4180 -0.9084 0.0054
vn -0.4122 -0.9110 0.0112
vn -0.4127 -0.9108 0.0111
vn -0.4010 -0.9156 0.0294
vn -0.4007 -0.9157 0.0305
vn 0.8941 -0.4457 0.0433
vn 0.9003 -0.4337 0.0371
vn 0.8944 -0.4452 0.0430
vn 0.9138 -0.4047 0.0335
vn 0.9138 -0.4048 0.0324
vn -0.8597 0.5106 0.0134
vn -0.8600 0.5102 0.0121
vn -0.8660 0.4992 -0.0284
vn -0.8662 0.4988 -0.0295
vn -0.8662 0.4988 -0.0313
vn -0.8645 0.4976 -0.0710
vn 0.9123 -0.4037 0.0687
vn 0.9124 -0.4038 0.0672
vn 0.9127 -0.4040 0.0618
vn 0.9138 -0.4047 0.0348
vn -0.8249 0.5643 -0.0332
vn -0.8249 0.5643 -0.0329
vn -0.8251 0.5644 -0.0273
vn -0.8241 0.5626 -0.0657
vn -0.8333 0.5527 0.0140
vn -0.8253 0.5635 -0.0368
vn -0.8250 0.5638 -0.0384
vn 0.9143 -0.4050 0.0011
vn 0.8401 -0.5398 0.0531
vn 0.8407 -0.5405 0.0327
vn 0.8401 -0.5399 0.0524
vn -0.7205 0.6837 -0.1154
vn -0.7207 0.6835 -0.1161
vn -0.7051 0.7074 -0.0492
vn -0.6832 0.7278 -0.0603
vn -0.7252 0.6885 -0.0000
vn 0.8407 -0.5405 0.0317
vn 0.8412 -0.5408 0.0011
vn 0.8408 -0.5405 0.0309
vn 0.7883 -0.6145 0.0308
vn 0.7530 -0.6576 0.0251
vn 0.7887 -0.6148 0.0006
vn 0.7883 -0.6146 0.0301
vn -0.7091 0.7051 -0.0113
vn -0.7086 0.7055 0.0129
vn -0.7313 0.6804 -0.0481
vn -0.7083 0.7050 0.0359
vn -0.7328 0.6785 -0.0521
vn -0.7519 0.6574 -0.0492
vn 0.7879 -0.6140 0.0469
vn 0.7881 -0.6143 0.0384
vn -0.7525 0.6567 -0.0491
vn -0.6825 0.7284 -0.0607
vn -0.8240 0.5625 -0.0672
vn -0.8644 0.4975 -0.0725
vn -0.0156 0.0147 0.9998
vn -0.0155 0.0152 0.9998
vn -0.0156 0.0149 0.9998
vn -0.3945 -0.9176 0.0482
vn -0.7349 -0.6781 0.0046
vn -0.0156 0.0146 0.9998
vn -0.0433 0.0278 0.9987
vn -0.6417 -0.7666 0.0229
vn -0.3488 -0.9358 0.0512
vn 0.0568 0.9967 -0.0574
vn -0.9880 -0.1545 -0.0019
vn -0.0316 0.0414 0.9986
vn -0.7071 0.6678 0.2327
vn -0.6933 0.6804 0.2375
vn -0.8172 0.5409 -0.1990
vn -0.8434 0.5021 -0.1915
vn -0.3416 -0.7419 -0.5769
vn -0.7150 -0.6595 0.2319
vn -0.9880 -0.1545 -0.0000
vn 0.6398 -0.7684 0.0145
vn -0.7212 0.6825 -0.1188
vn -0.5660 -0.6500 0.5071
vn 0.7410 -0.6711 0.0232
vn -0.1716 -0.8573 -0.4853
vn -0.9577 -0.2676 -0.1056
vn -0.7046 0.7026 -0.0995
vn -0.8198 0.5488 0.1634
vn -0.8516 0.5005 0.1560
vn -0.7107 -0.6556 -0.2551
vn -0.3343 -0.8970 0.2893
vn -0.9880 -0.1545 -0.0073
vn 0.9999 0.0099 0.0066
vn -0.0200 0.8266 -0.5625
vn 0.0128 0.6678 0.7442
vn 0.0600 0.7193 0.6921
vn 0.0183 0.8507 0.5253
vn 0.0898 0.8248 0.5582
vn -0.0653 0.8495 0.5236
vn 0.0188 -0.8776 0.4790
vn 0.0792 -0.7649 0.6392
vn 0.0662 -0.7657 0.6398
vn 0.0655 -0.7657 0.6398
vn 0.0775 -0.7650 0.6393
vn -0.0649 0.1590 -0.9851
vn 0.0394 0.8261 0.5621
vn -0.1002 0.8226 0.5598
vn 0.0376 0.8262 0.5622
vn -0.0403 -0.6037 -0.7962
vn 0.0215 -0.6040 -0.7967
vn 0.0200 -0.6041 -0.7967
vn 0.0142 -0.6041 -0.7968
vn 0.0284 -0.6039 -0.7965
vn -0.0000 0.8268 0.5626
vn 0.0194 0.8266 0.5625
vn 0.0200 0.8266 0.5624
vn -0.0024 0.1593 -0.9872
vn 0.0024 0.1593 -0.9872
vn 0.0027 0.1593 -0.9872
vn -0.2405 -0.8520 0.4650
vn 0.0610 -0.4273 0.9021
vn 0.0301 -0.4242 0.9051
vn 0.0310 -0.4242 0.9050
vn 0.0610 -0.4275 0.9020
vn -0.0000 -0.3322 -0.9432
vn -0.0309 -0.3323 -0.9427
vn -0.0300 -0.3323 -0.9427
vn -0.0608 -0.3351 -0.9402
vn -0.0607 -0.3381 -0.9391
vn -0.0608 -0.3349 -0.9403
vn 0.0675 -0.4344 0.8982
vn 0.0641 -0.4327 0.8993
vn 0.0643 -0.4327 0.8992
vn -0.0000 -0.4242 0.9056
vn 0.0265 -0.5813 0.8133
vn -0.0000 -0.5815 0.8136
vn 0.1052 -0.5780 0.8092
vn 0.0792 -0.5795 0.8111
vn 0.0765 -0.5797 0.8113
vn 0.0998 -0.5784 0.8097
vn -0.0861 -0.2524 -0.9638
vn -0.0000 -0.2533 -0.9674
vn 0.0529 -0.5807 0.8124
vn 0.0591 -0.5963 0.8005
vn 0.0293 -0.5887 0.8079
vn 0.0301 -0.5887 0.8078
vn 0.0591 -0.5968 0.8002
vn -0.0865 -0.5446 -0.8342
vn -0.0852 -0.5446 -0.8343
vn 0.0343 -0.5469 -0.8365
vn 0.0365 -0.5514 -0.8334
vn 0.0566 -0.5604 -0.8263
vn 0.0560 -0.5602 -0.8264
vn 0.0365 -0.5512 -0.8336
vn 0.0693 -0.6150 0.7854
vn 0.0639 -0.6099 0.7899
vn 0.0641 -0.6101 0.7898
vn -0.0000 -0.5884 0.8086
vn 0.0261 -0.5813 0.8133
vn -0.0000 0.6626 -0.7489
vn -0.0356 0.6680 -0.7433
vn -0.1174 0.6579 -0.7439
vn -0.0368 0.6679 -0.7433
vn 0.1080 -0.5778 0.8090
vn 0.0799 -0.5795 0.8110
vn 0.0269 -0.5813 0.8133
vn 0.0756 -0.5797 0.8113
vn 0.0973 -0.5785 0.8099
vn -0.0312 0.7146 -0.6989
vn -0.0711 0.7159 -0.6945
vn -0.0730 0.7160 -0.6943
vn -0.0000 0.7209 -0.6930
vn 0.0261 -0.6997 0.7140
vn -0.0000 -0.6999 0.7143
vn 0.0269 -0.6996 0.7140
vn 0.0884 -0.6970 0.7116
vn 0.0705 -0.6981 0.7126
vn 0.0710 -0.6980 0.7125
vn -0.0978 0.8409 -0.5323
vn -0.1038 0.8594 -0.5006
vn -0.1039 0.8595 -0.5004
vn -0.0977 0.8413 -0.5316
vn 0.0314 0.8444 -0.5347
vn -0.0332 0.8397 -0.5421
vn -0.0350 0.8395 -0.5423
vn 0.0530 -0.6989 0.7132
vn 0.0532 -0.7664 0.6402
vn 0.0262 -0.7672 0.6409
vn 0.0270 -0.7672 0.6409
vn 0.0132 0.8415 -0.5401
vn 0.1755 0.8384 -0.5160
vn 0.0147 0.8416 -0.5399
vn -0.1029 0.8208 -0.5619
vn -0.0948 0.8126 -0.5751
vn -0.0944 0.8122 -0.5757
vn 0.0810 -0.7648 0.6392
vn 0.0669 -0.7657 0.6397
vn -0.0000 -0.7675 0.6411
vn -0.0864 0.8039 -0.5884
vn -0.1102 0.8679 -0.4844
vn -0.1129 0.7161 -0.6888
vn -0.1185 0.6578 -0.7438
vn 0.9999 0.0100 -0.0066
vn 0.9999 0.0101 -0.0066
vn 0.9999 0.0102 -0.0065
vn 0.0755 -0.5647 -0.8219
vn 0.0064 -0.2534 -0.9673
vn 0.9999 0.0099 -0.0066
vn 0.9995 0.0216 -0.0220
vn 0.0330 -0.3466 -0.9374
vn 0.0815 -0.6022 -0.7942
vn -0.1019 0.8224 0.5597
vn -0.0025 0.1592 -0.9872
vn 0.9996 0.0258 -0.0102
vn -0.0792 -0.7649 0.6392
vn -0.0775 -0.7650 0.6393
vn -0.0601 -0.7917 0.6079
vn -0.0636 -0.7791 0.6237
vn 0.0337 0.1592 -0.9867
vn -0.0394 0.8261 0.5621
vn -0.0376 0.8262 0.5622
vn 0.1002 0.8226 0.5598
vn 0.0144 -0.6041 -0.7968
vn -0.0334 -0.6038 -0.7964
vn -0.0339 -0.6038 -0.7964
vn -0.0476 -0.6678 -0.7428
vn -0.0200 0.8266 0.5625
vn -0.0194 0.8266 0.5625
vn 0.0201 0.0893 -0.9958
vn 0.4282 -0.8614 0.2732
vn -0.0610 -0.4271 0.9021
vn -0.0610 -0.4274 0.9020
vn -0.0310 -0.4241 0.9051
vn -0.0301 -0.4241 0.9051
vn 0.1169 -0.3363 -0.9345
vn -0.0675 -0.4344 0.8982
vn -0.0642 -0.4326 0.8993
vn -0.0641 -0.4326 0.8993
vn -0.1052 -0.5780 0.8092
vn -0.0998 -0.5784 0.8097
vn -0.0765 -0.5797 0.8113
vn -0.0792 -0.5795 0.8111
vn 0.0650 -0.2528 -0.9653
vn 0.0212 -0.2533 -0.9672
vn 0.0428 -0.2531 -0.9665
vn 0.0434 -0.2531 -0.9665
vn -0.0529 -0.5807 0.8124
vn -0.0265 -0.5813 0.8133
vn -0.0591 -0.5960 0.8008
vn -0.0591 -0.5965 0.8004
vn -0.0301 -0.5885 0.8079
vn -0.0293 -0.5885 0.8080
vn -0.0000 -0.5466 -0.8374
vn -0.0081 -0.5468 -0.8372
vn -0.0084 -0.5468 -0.8372
vn -0.0174 -0.5516 -0.8339
vn -0.0173 -0.5513 -0.8342
vn -0.0462 -0.5604 -0.8269
vn -0.0472 -0.5606 -0.8268
vn -0.0693 -0.6150 0.7854
vn -0.0641 -0.6099 0.7899
vn -0.0639 -0.6097 0.7900
vn -0.0261 -0.5813 0.8133
vn -0.0222 0.6727 -0.7396
vn 0.0140 0.6676 -0.7444
vn 0.0129 0.6678 -0.7443
vn 0.0484 0.6619 -0.7481
vn 0.0844 0.6602 -0.7464
vn 0.0828 0.6603 -0.7465
vn -0.1080 -0.5778 0.8090
vn -0.0799 -0.5795 0.8110
vn -0.0973 -0.5785 0.8099
vn -0.0756 -0.5797 0.8113
vn 0.0555 0.7203 -0.6914
vn 0.0560 0.7203 -0.6914
vn 0.0442 0.7207 -0.6918
vn 0.0775 0.7189 -0.6908
vn -0.0236 0.7105 -0.7033
vn 0.0605 0.7193 -0.6921
vn 0.0206 0.7158 -0.6980
vn -0.0269 -0.5813 0.8133
vn -0.0884 -0.6970 0.7116
vn -0.0710 -0.6980 0.7125
vn -0.0705 -0.6981 0.7126
vn 0.2020 0.8185 -0.5379
vn 0.2077 0.8166 -0.5386
vn 0.0989 0.8590 -0.5024
vn 0.0987 0.8587 -0.5028
vn -0.0000 0.8356 -0.5494
vn -0.0530 -0.6989 0.7132
vn -0.0269 -0.6996 0.7140
vn -0.0261 -0.6997 0.7140
vn -0.0532 -0.7664 0.6402
vn -0.0440 -0.8071 0.5887
vn -0.0270 -0.7672 0.6409
vn -0.0262 -0.7672 0.6409
vn 0.0204 0.8507 -0.5253
vn -0.0667 0.8498 -0.5229
vn 0.0187 0.8507 -0.5253
vn 0.0927 0.8241 -0.5588
vn 0.0895 0.8139 -0.5741
vn 0.0896 0.8143 -0.5735
vn -0.0810 -0.7648 0.6392
vn -0.0669 -0.7657 0.6397
vn 0.0864 0.8039 -0.5884
vn 0.1102 0.8679 -0.4844
vn 0.1129 0.7161 -0.6888
vn 0.1185 0.6578 -0.7438
vn -0.9999 0.0100 -0.0066
vn -0.9999 0.0102 -0.0065
vn -0.9999 0.0101 -0.0066
vn -0.0755 -0.5646 -0.8219
vn -0.0064 -0.2534 -0.9673
vn -0.9999 0.0099 -0.0067
vn -0.9995 0.0216 -0.0220
vn -0.0329 -0.3466 -0.9374
vn -0.0815 -0.6022 -0.7942
vn 0.1019 0.8224 0.5597
vn 0.0025 0.1592 -0.9872
vn -0.9996 0.0258 -0.0102
vn -0.3934 0.7666 -0.5075
vn -0.4027 0.7748 -0.4873
vn 0.3228 0.6719 -0.6666
vn 0.3063 0.6413 -0.7035
vn 0.7392 -0.3681 -0.5639
vn -0.3160 -0.2404 -0.9178
vn -0.0000 0.1593 -0.9872
vn -0.0000 -0.6042 -0.7969
vn -0.0269 -0.9071 0.4201
vn -0.0680 0.8497 -0.5229
vn 0.2092 0.8161 -0.5388
vn -0.6436 -0.2545 -0.7218
vn -0.0411 -0.8190 0.5723
vn 0.6847 -0.5289 -0.5014
vn 0.1424 0.0765 -0.9868
vn 0.1776 0.8382 -0.5156
vn -0.2685 0.6877 -0.6745
vn -0.2516 0.6479 -0.7190
vn 0.3459 -0.2377 -0.9077
vn -0.4343 -0.5442 -0.7178
vn 0.0100 0.1593 -0.9872
vn 0.0200 0.8266 0.5625
vn -0.0200 0.8266 0.5624
vn 0.0827 0.6603 -0.7465
vn 0.2015 0.8186 -0.5378
vn 0.0990 0.8590 -0.5024
vn -0.0261 -0.6996 0.7140
vn -0.0661 0.8498 -0.5230
vn -0.0755 -0.5647 -0.8219
vn 0.2092 0.8161 -0.5387
vn 0.0208 -0.6760 0.7366
vn 0.0875 -0.5173 0.8513
vn 0.0732 -0.5180 0.8523
vn 0.0725 -0.5180 0.8523
vn 0.0856 -0.5174 0.8515
vn -0.0717 -0.1674 -0.9833
vn 0.0435 0.9632 0.2654
vn -0.1094 0.9583 0.2641
vn 0.0403 0.9633 0.2654
vn -0.0445 -0.8282 -0.5586
vn -0.0431 -0.8283 -0.5587
vn 0.0886 -0.8258 -0.5570
vn 0.0158 -0.8289 -0.5591
vn 0.0314 -0.8286 -0.5589
vn 0.0157 -0.8289 -0.5591
vn -0.0000 0.9641 0.2656
vn 0.0214 0.9639 0.2655
vn 0.0221 0.9638 0.2655
vn -0.0027 -0.1679 -0.9858
vn 0.0025 -0.1679 -0.9858
vn 0.0032 -0.1679 -0.9858
vn -0.2640 -0.6522 0.7106
vn 0.0675 -0.1094 0.9917
vn -0.0000 -0.6189 -0.7855
vn -0.0342 -0.6187 -0.7849
vn -0.0331 -0.6187 -0.7849
vn -0.0672 -0.6204 -0.7814
vn -0.0655 -0.6231 -0.7794
vn 0.0351 -0.6305 -0.7754
vn -0.0672 -0.6203 -0.7815
vn 0.0746 -0.1212 0.9898
vn -0.0000 -0.1092 0.9940
vn -0.0000 -0.2878 0.9577
vn 0.1160 -0.2856 0.9513
vn 0.1163 -0.2855 0.9513
vn 0.0845 -0.2866 0.9543
vn 0.1101 -0.2858 0.9520
vn -0.0951 -0.5495 -0.8300
vn -0.0933 -0.5496 -0.8302
vn 0.0053 -0.5521 -0.8338
vn -0.0000 -0.5520 -0.8338
vn 0.0584 -0.2873 0.9561
vn 0.0656 -0.2965 0.9528
vn -0.0956 -0.7840 -0.6133
vn -0.0938 -0.7842 -0.6134
vn 0.0375 -0.7875 -0.6152
vn 0.0404 -0.7909 -0.6106
vn 0.0631 -0.7969 -0.6008
vn 0.0615 -0.7967 -0.6013
vn 0.0403 -0.7905 -0.6111
vn 0.0766 -0.3284 0.9414
vn -0.0000 -0.2959 0.9552
vn -0.0000 0.3855 -0.9227
vn -0.0394 0.3923 -0.9190
vn 0.1192 -0.2854 0.9510
vn 0.0592 -0.2873 0.9560
vn 0.1074 -0.2858 0.9522
vn -0.0345 0.4507 -0.8920
vn -0.0000 0.4586 -0.8886
vn 0.0288 -0.4317 0.9015
vn -0.0000 -0.4319 0.9019
vn 0.0298 -0.4317 0.9015
vn 0.0976 -0.4296 0.8977
vn 0.0776 -0.4305 0.8993
vn 0.0787 -0.4305 0.8992
vn -0.1077 0.6377 -0.7627
vn -0.1144 0.6508 -0.7506
vn -0.1079 0.6385 -0.7620
vn -0.1081 0.6102 -0.7848
vn 0.0347 0.6266 -0.7786
vn 0.0586 -0.4312 0.9004
vn 0.0588 -0.5186 0.8530
vn 0.0289 -0.5192 0.8541
vn 0.0299 -0.5192 0.8541
vn 0.0146 0.6221 -0.7828
vn -0.1136 0.5948 -0.7958
vn -0.0958 0.5710 -0.8154
vn -0.1133 0.5944 -0.7962
vn 0.0894 -0.5172 0.8512
vn 0.0738 -0.5180 0.8522
vn -0.0000 -0.5195 0.8545
vn -0.0954 0.5705 -0.8157
vn -0.1216 0.6642 -0.7376
vn -0.1246 0.4548 -0.8818
vn -0.1307 0.3819 -0.9149
vn 0.9999 0.0066 -0.0086
vn 0.9999 0.0067 -0.0086
vn 0.9999 0.0069 -0.0085
vn 0.0833 -0.7992 -0.5953
vn 0.0071 -0.5521 -0.8338
vn 0.9996 0.0121 -0.0251
vn 0.0364 -0.6306 -0.7753
vn 0.0900 -0.8257 -0.5569
vn -0.1125 0.9579 0.2640
vn -0.0028 -0.1679 -0.9858
vn 0.9997 0.0191 -0.0163
vn -0.0875 -0.5173 0.8513
vn -0.0856 -0.5174 0.8515
vn -0.0782 -0.5178 0.8520
vn 0.0373 -0.1678 -0.9851
vn 0.0203 -0.1679 -0.9856
vn 0.0198 -0.1679 -0.9856
vn -0.0435 0.9632 0.2654
vn -0.0403 0.9633 0.2654
vn 0.1094 0.9583 0.2641
vn 0.0159 -0.8289 -0.5591
vn -0.0364 -0.8285 -0.5588
vn -0.0381 -0.8284 -0.5588
vn -0.0258 -0.8510 -0.5246
vn -0.0258 -0.8509 -0.5247
vn -0.0526 -0.8716 -0.4874
vn -0.0221 0.9638 0.2655
vn -0.0214 0.9639 0.2655
vn 0.0222 -0.2369 -0.9713
vn 0.4639 -0.7128 0.5260
vn -0.0675 -0.1093 0.9917
vn 0.1290 -0.6190 -0.7747
vn -0.0746 -0.1212 0.9898
vn -0.1160 -0.2856 0.9513
vn -0.1131 -0.2857 0.9516
vn -0.1163 -0.2855 0.9513
vn 0.0718 -0.5506 -0.8317
vn -0.0054 -0.5521 -0.8338
vn 0.0705 -0.5506 -0.8318
vn 0.0234 -0.5519 -0.8336
vn 0.0474 -0.5514 -0.8329
vn 0.0479 -0.5514 -0.8329
vn -0.0584 -0.2873 0.9561
vn -0.0656 -0.2961 0.9529
vn -0.0000 -0.7876 -0.6161
vn -0.0089 -0.7878 -0.6159
vn -0.0094 -0.7878 -0.6159
vn -0.0192 -0.7913 -0.6112
vn -0.0191 -0.7909 -0.6117
vn -0.0505 -0.7971 -0.6017
vn -0.0216 -0.7945 -0.6069
vn -0.0766 -0.3284 0.9414
vn -0.0245 0.3980 -0.9171
vn 0.0535 0.3849 -0.9214
vn -0.1192 -0.2854 0.9510
vn -0.1074 -0.2858 0.9522
vn -0.0592 -0.2873 0.9560
vn -0.0744 -0.2869 0.9551
vn 0.0614 0.4584 -0.8866
vn 0.0613 0.4584 -0.8866
vn 0.0493 0.4588 -0.8872
vn 0.1233 0.4549 -0.8820
vn -0.0260 0.4455 -0.8949
vn -0.0976 -0.4296 0.8977
vn -0.0787 -0.4304 0.8992
vn -0.0776 -0.4305 0.8993
vn 0.0968 0.6358 -0.7658
vn 0.0972 0.6363 -0.7653
vn 0.1213 0.6639 -0.7379
vn -0.0000 0.6136 -0.7896
vn -0.0586 -0.4312 0.9004
vn -0.0298 -0.4317 0.9015
vn -0.0288 -0.4317 0.9015
vn -0.0588 -0.5186 0.8530
vn -0.0299 -0.5192 0.8541
vn -0.0289 -0.5192 0.8541
vn 0.0225 0.6356 -0.7717
vn -0.0721 0.6353 -0.7689
vn 0.0207 0.6356 -0.7717
vn 0.1024 0.5991 -0.7941
vn 0.1023 0.5987 -0.7944
vn 0.0956 0.5712 -0.8152
vn -0.0894 -0.5172 0.8512
vn -0.0738 -0.5180 0.8522
vn 0.0954 0.5705 -0.8157
vn 0.1216 0.6642 -0.7376
vn 0.1246 0.4548 -0.8818
vn 0.1307 0.3819 -0.9149
vn -0.9999 0.0066 -0.0086
vn -0.9999 0.0069 -0.0085
vn -0.9999 0.0067 -0.0086
vn -0.0833 -0.7992 -0.5953
vn -0.0071 -0.5521 -0.8338
vn -0.9996 0.0120 -0.0251
vn -0.0364 -0.6306 -0.7753
vn -0.0900 -0.8257 -0.5569
vn 0.1125 0.9579 0.2640
vn 0.0028 -0.1679 -0.9858
vn -0.9997 0.0191 -0.0163
vn -0.4275 0.5524 -0.7156
vn -0.4373 0.5660 -0.6989
vn 0.3527 0.4160 -0.8382
vn 0.3350 0.3761 -0.8639
vn 0.7716 -0.5010 -0.3919
vn -0.3454 -0.5180 -0.7825
vn -0.0000 -0.1679 -0.9858
vn -0.0297 -0.7229 0.6903
vn -0.0752 0.6351 -0.7687
vn 0.2301 0.5956 -0.7696
vn 0.0737 0.4580 -0.8859
vn -0.0650 -0.3158 0.9466
vn -0.6807 -0.4535 -0.5753
vn -0.0673 -0.1171 0.9908
vn -0.0454 -0.5903 0.8059
vn 0.7202 -0.6306 -0.2892
vn 0.1570 -0.2456 -0.9566
vn 0.1956 0.6247 -0.7559
vn -0.1081 0.6095 -0.7854
vn -0.2944 0.4298 -0.8536
vn -0.2762 0.3785 -0.8834
vn 0.0650 -0.3162 0.9465
vn 0.3772 -0.5112 -0.7722
vn 0.0673 -0.1173 0.9908
vn -0.4702 -0.7317 -0.4935
vn 0.0111 -0.1679 -0.9857
vn -0.0000 0.5552 -0.8317
vn -0.0000 0.6004 -0.7997
vn -0.0000 0.8593 -0.5115
vn -0.0000 0.5552 0.8317
vn -0.0000 0.6004 0.7997
vn -0.0000 0.8593 0.5115
vn -0.0000 0.5612 0.8277
vn -0.0000 0.5612 -0.8277
vn -0.0000 0.4947 0.8691
vn -0.0000 0.7568 0.6537
vn -0.0000 0.4947 -0.8691
vn -0.0000 0.7568 -0.6537
vn 0.9093 0.4162 -0.0000
vn 0.7441 0.6681 -0.0000
vn -0.9093 0.4162 -0.0000
vn -0.7441 0.6681 -0.0000
vn -0.0000 0.4352 0.9004
vn -0.0000 0.3661 0.9306
vn -0.0000 0.6551 0.7555
vn -0.0000 0.4352 -0.9004
vn -0.0000 0.3661 -0.9306
vn -0.0000 0.6551 -0.7555
vn 0.3577 -0.0852 0.9299
vn 0.4155 0.0637 0.9074
vn -0.4155 0.0637 0.9074
vn -0.3577 -0.0852 0.9299
vn 0.9667 -0.0457 -0.2517
vn 0.8998 0.0589 -0.4323
vn 0.9667 0.0457 0.2517
vn 0.8998 -0.0589 0.4323
vn 0.8694 0.1181 -0.4797
vn -0.8694 0.1181 -0.4797
vn -0.7394 -0.1026 -0.6655
vn 0.7394 -0.1026 -0.6655
vn -0.8998 -0.0589 0.4323
vn -0.9667 0.0457 0.2517
vn -0.8998 0.0589 -0.4323
vn -0.9667 -0.0457 -0.2517
vn -0.4155 -0.0637 -0.9074
vn -0.3577 0.0852 -0.9299
vn 0.3577 0.0852 -0.9299
vn 0.4155 -0.0637 -0.9074
vn -0.7170 -0.4102 0.5637
vn -0.7193 0.1577 0.6765
vn -0.6931 -0.4308 -0.5779
vn 0.7170 -0.4102 0.5637
vn 0.7193 0.1577 0.6765
vn 0.6931 -0.4308 -0.5779
vn 0.5409 -0.0068 0.8411
vn 0.7247 0.0523 -0.6871
vn -0.7246 0.0523 -0.6871
vn 0.7448 0.0663 -0.6639
vn -0.7448 0.0663 -0.6640
vn -0.5409 -0.0068 0.8411
vn 0.8995 0.0405 0.4351
vn 0.7334 -0.0704 0.6761
vn 0.9026 -0.0446 -0.4282
vn -0.8995 0.0405 0.4351
vn -0.9026 -0.0446 -0.4282
vn -0.7334 -0.0704 0.6761
vn 0.7907 -0.0913 0.6053
vn 0.8828 -0.0035 -0.4698
vn 0.8080 -0.0417 0.5877
vn -0.7907 -0.0913 0.6053
vn 0.6376 0.1045 -0.7632
vn 0.8798 0.0967 0.4655
vn -0.8080 -0.0417 0.5877
vn -0.8828 -0.0036 -0.4698
vn -0.6376 0.1045 -0.7632
vn -0.8798 0.0967 0.4655
vn 0.3984 -0.0842 0.9133
vn 0.4703 0.0618 0.8803
vn -0.4703 0.0618 0.8803
vn -0.3984 -0.0842 0.9133
vn 0.9721 -0.0462 -0.2300
vn 0.9155 0.0578 -0.3982
vn 0.9721 0.0462 0.2299
vn 0.9155 -0.0578 0.3982
vn 0.8758 0.1174 -0.4682
vn -0.8758 0.1174 -0.4682
vn -0.7645 -0.1028 -0.6364
vn 0.7645 -0.1028 -0.6364
vn -0.9155 -0.0578 0.3982
vn -0.9721 0.0462 0.2300
vn -0.9155 0.0578 -0.3982
vn -0.9721 -0.0462 -0.2300
vn -0.4703 -0.0618 -0.8803
vn -0.3984 0.0842 -0.9133
vn 0.3984 0.0842 -0.9133
vn 0.4703 -0.0618 -0.8803
vn -0.7333 -0.4063 0.5451
vn -0.7307 0.1582 0.6641
vn -0.7102 -0.4295 -0.5578
vn 0.7333 -0.4063 0.5452
vn 0.7307 0.1582 0.6641
vn 0.7102 -0.4295 -0.5578
vn 0.6213 -0.0067 0.7835
vn 0.7888 0.0487 -0.6127
vn -0.7888 0.0487 -0.6127
vn 0.7437 0.0663 -0.6652
vn -0.7437 0.0663 -0.6652
vn -0.6213 -0.0067 0.7835
vn 0.8990 0.0405 0.4361
vn -0.8990 0.0405 0.4361
vn 0.8148 -0.0914 0.5724
vn 0.8760 -0.0037 -0.4824
vn 0.7997 -0.0421 0.5989
vn -0.8148 -0.0914 0.5724
vn 0.6562 0.1047 -0.7473
vn 0.8924 0.0944 0.4412
vn -0.7997 -0.0421 0.5989
vn -0.8760 -0.0037 -0.4824
vn -0.6562 0.1047 -0.7473
vn -0.8924 0.0944 0.4412
vn 0.9721 0.0462 0.2300
vn -0.9721 0.0462 0.2299
vn -0.7333 -0.4063 0.5452
vn 0.7333 -0.4063 0.5451
vn -0.7888 0.0487 -0.6128
vn -0.6213 -0.0067 0.7836
vn 0.8990 0.0404 0.4361
vn -0.8990 0.0404 0.4361
vn 0.8148 -0.0914 0.5725
vn -0.8148 -0.0914 0.5725
vn -0.9995 -0.0226 0.0227
vn -0.0000 -0.7133 -0.7009
vn -0.0000 -0.7180 -0.6961
vn 0.9995 -0.0226 0.0227
vn -0.0000 0.7035 0.7107
vn -0.0000 0.6988 0.7153
vn -0.0000 0.7092 0.7050
vn -0.0000 -0.7078 -0.7065
vn -0.9960 0.0634 -0.0637
vn -0.0000 -0.6809 -0.7324
vn 0.9960 0.0634 -0.0637
vn -0.0000 0.7350 0.6781
vn -0.0227 -0.0226 -0.9995
vn 0.7008 -0.7134 -0.0000
vn 0.6961 -0.7180 -0.0000
vn 0.7010 -0.7132 -0.0000
vn -0.0227 -0.0226 0.9995
vn -0.7105 0.7037 -0.0000
vn -0.7153 0.6988 -0.0000
vn -0.7107 0.7034 -0.0000
vn -0.7049 0.7093 -0.0000
vn -0.6922 0.7217 -0.0000
vn 0.7195 -0.6944 -0.0000
vn 0.7064 -0.7078 -0.0000
vn 0.0637 0.0634 -0.9960
vn 0.7324 -0.6809 -0.0000
vn 0.0637 0.0634 0.9960
vn -0.6781 0.7350 -0.0000
vn -0.0002 -0.0200 -0.9998
vn 0.9998 -0.0198 -0.0000
vn -0.0002 -0.0200 0.9998
vn -1.0000 -0.0009 -0.0000
vn -0.0095 -1.0000 -0.0000
vn 0.0095 1.0000 -0.0000
vn -1.0000 0.0095 -0.0000
vn 1.0000 -0.0095 -0.0000
vn 0.0005 0.0498 -0.9988
vn 0.9999 0.0163 -0.0000
vn 0.0005 0.0498 0.9988
vn -0.9994 0.0352 -0.0000
vn 0.0100 -0.0000 -1.0000
vn 0.0200 -0.0000 -0.9998
vn 0.0100 -0.0000 -0.9999
vn 0.0052 1.0000 -0.0000
vn 0.0103 0.9999 -0.0000
vn 0.0100 -0.0000 0.9999
vn 0.0200 -0.0000 0.9998
vn 0.0052 -1.0000 -0.0000
vn 0.0104 -0.9999 -0.0000
vn -0.0130 -0.9999 -0.0000
vn -0.0130 0.9999 -0.0000
vn -0.0498 -0.0000 -0.9988
vn -0.0258 0.9997 -0.0000
vn -0.0498 -0.0000 0.9988
vn -0.0258 -0.9997 -0.0000
vn -0.9998 -0.0200 0.0002
vn -0.0000 -0.0198 -0.9998
vn 0.9998 -0.0200 0.0002
vn -0.0000 -0.0009 1.0000
vn -0.0000 -1.0000 0.0095
vn -0.0000 1.0000 -0.0095
vn -0.0000 0.0095 1.0000
vn -0.0000 -0.0095 -1.0000
vn -0.9988 0.0498 -0.0005
vn -0.0000 0.0163 -0.9999
vn 0.9988 0.0498 -0.0005
vn -0.0000 0.0352 0.9994
vn -0.9998 -0.0000 -0.0200
vn -0.0000 1.0000 -0.0052
vn -0.0000 0.9999 -0.0104
vn 0.9998 -0.0000 -0.0200
vn -0.0000 -1.0000 -0.0052
vn -0.0000 -0.9999 -0.0103
vn -0.0000 -0.9999 0.0132
vn -0.0000 0.9999 0.0132
vn -0.9988 -0.0000 0.0498
vn -0.0000 0.9997 0.0258
vn 0.9988 -0.0000 0.0498
vn -0.0000 -0.9997 0.0258
vn 0.7090 0.7052 -0.0000
vn -0.7052 0.7090 -0.0000
vn -0.7090 -0.7052 -0.0000
vn 0.7052 -0.7090 -0.0000
vn -0.0000 0.7052 -0.7090
vn -0.0000 0.7090 0.7052
vn -0.0000 -0.7052 0.7090
vn -0.0000 -0.7090 -0.7052
vn -0.0000 0.9997 -0.0227
vn -0.0000 0.9999 -0.0158
vn 0.9969 -0.0000 -0.0782
vn -0.0000 -0.9997 -0.0227
vn -0.0000 -0.9999 -0.0157
vn -0.9969 -0.0000 -0.0782
vn -0.9988 -0.0000 0.0492
vn -0.0000 -0.9997 0.0238
vn 0.9988 -0.0000 0.0492
vn -0.0000 0.9997 0.0238
vn -0.9996 -0.0000 -0.0285
vn 0.9996 -0.0000 -0.0285
vn 0.9979 -0.0000 0.0644
vn -0.0000 -0.9999 0.0131
vn -0.9979 -0.0000 0.0644
vn -0.5534 -0.0000 0.8329
vn 0.5534 -0.0000 0.8329
vn -0.8223 -0.0000 -0.5691
vn 0.8223 -0.0000 -0.5691
vn 0.0131 -0.9999 -0.0000
vn 0.0096 -1.0000 -0.0000
vn 0.0095 -1.0000 -0.0000
vn 0.0176 -0.0000 0.9998
vn 0.0175 -0.0000 0.9998
vn 0.0138 -0.0000 0.9999
vn 0.0137 -0.0000 0.9999
vn 0.0131 0.9999 -0.0000
vn 0.0096 1.0000 -0.0000
vn 0.0111 -0.0000 -0.9999
vn 0.0073 -0.0000 -1.0000
vn -0.0119 -0.0000 -0.9999
vn 0.0039 1.0000 -0.0000
vn 0.0034 1.0000 -0.0000
vn -0.0185 -0.0000 -0.9998
vn -0.0060 -0.0000 -1.0000
vn -0.0139 0.9999 -0.0000
vn -0.0025 1.0000 -0.0000
vn -0.0026 1.0000 -0.0000
vn -0.0120 -0.0000 0.9999
vn 0.0004 -0.0000 1.0000
vn -0.0139 -0.9999 -0.0000
vn -0.0026 -1.0000 -0.0000
vn -0.0025 -1.0000 -0.0000
vn -0.0079 -1.0000 -0.0000
vn -0.0078 -1.0000 -0.0000
vn -0.0054 -0.0000 1.0000
vn -0.0078 1.0000 -0.0000
vn -0.0079 1.0000 -0.0000
vn -0.3774 -0.0000 -0.9261
vn -0.3714 -0.0000 0.9285
vn -0.3451 0.9386 0.0011
vn -0.3450 -0.9386 0.0011
vn 0.1623 0.9867 -0.0005
vn 0.1636 0.9865 -0.0005
vn 0.0037 -1.0000 -0.0000
vn 0.0036 -1.0000 -0.0000
vn 0.1625 -0.9867 -0.0005
vn 0.1634 -0.9866 -0.0005
vn 0.1794 -0.0000 -0.9838
vn 0.1857 -0.0000 0.9826
vn 0.0153 -0.0000 0.9999
vn 0.0152 -0.0000 0.9999
vn 0.0120 -0.0000 0.9999
vn 0.0119 -0.0000 0.9999
vn 0.0097 -0.0000 -1.0000
vn 0.0096 -0.0000 -1.0000
vn 0.0063 -0.0000 -1.0000
vn -0.0103 -0.0000 -0.9999
vn -0.0028 -0.0000 -1.0000
vn 0.0035 1.0000 -0.0000
vn 0.0029 1.0000 -0.0000
vn -0.0161 -0.0000 -0.9999
vn -0.0052 -0.0000 -1.0000
vn -0.0139 0.9999 0.0001
vn -0.0105 -0.0000 0.9999
vn -0.0139 -0.9999 0.0001
vn -0.0047 -0.0000 1.0000
vn -0.3337 -0.0000 -0.9427
vn 0.0028 -0.0000 1.0000
vn -0.3283 -0.0000 0.9446
vn -0.3450 0.9386 0.0013
vn -0.3450 -0.9386 0.0013
vn 0.1627 0.9867 -0.0006
vn 0.1634 0.9866 -0.0006
vn 0.0032 -1.0000 -0.0000
vn 0.1638 -0.9865 -0.0006
vn 0.1565 -0.0000 -0.9877
vn 0.1621 -0.0000 0.9868
vn -1.0000 -0.0000 0.0037
vn 1.0000 -0.0000 -0.0037
vn 0.0205 -0.9998 -0.0000
vn 0.0148 -0.9999 -0.0000
vn 0.0149 -0.9999 -0.0000
vn 0.0416 -0.0000 0.9991
vn 0.0205 0.9998 -0.0000
vn 0.0148 0.9999 -0.0000
vn 0.0306 -0.0000 -0.9995
vn -0.0055 -0.0000 -1.0000
vn -0.0317 -0.0000 -0.9995
vn -0.0282 -0.0000 -0.9996
vn -0.0217 0.9998 -0.0000
vn -0.0040 1.0000 -0.0000
vn -0.0207 -0.0000 0.9998
vn -0.0206 -0.0000 0.9998
vn -0.0171 -0.0000 0.9999
vn -0.0217 -0.9998 -0.0000
vn -0.0040 -1.0000 -0.0000
vn 0.0076 -0.0000 -1.0000
vn 0.0186 -0.0000 0.9998
vn -0.0122 -0.9999 -0.0000
vn -0.0242 -0.0000 0.9997
vn -0.0122 0.9999 -0.0000
vn -0.0352 -0.0000 -0.9994
vn -0.5728 -0.0000 -0.8197
vn 0.0055 -0.0000 1.0000
vn -0.5657 -0.0000 0.8246
vn -0.4978 0.8673 0.0009
vn -0.4978 -0.8673 0.0009
vn 0.2552 0.9669 -0.0005
vn -0.0056 -0.0000 -1.0000
vn 0.2552 -0.9669 -0.0005
vn 0.2984 -0.0000 -0.9544
vn 0.3084 -0.0000 0.9513
vn -1.0000 -0.0000 0.0019
vn 1.0000 -0.0000 -0.0019
vn 0.0056 -0.0000 1.0000
vn -0.0000 -0.9999 -0.0121
vn -0.0000 -1.0000 -0.0088
vn 0.9997 -0.0000 -0.0239
vn -0.0000 0.9999 -0.0121
vn -0.0000 1.0000 -0.0088
vn -0.9998 -0.0000 -0.0175
vn -0.9999 -0.0000 0.0167
vn -0.9998 -0.0000 0.0196
vn -0.9999 -0.0000 0.0162
vn -0.0000 0.9999 0.0129
vn -0.0000 1.0000 0.0024
vn -0.0000 1.0000 0.0023
vn 0.9999 -0.0000 0.0133
vn 0.9999 -0.0000 0.0104
vn 1.0000 -0.0000 0.0098
vn -0.0000 -0.9999 0.0129
vn -0.0000 -1.0000 0.0024
vn 0.9999 -0.0000 -0.0107
vn -0.0000 -1.0000 0.0072
vn -0.0000 1.0000 0.0072
vn -0.9998 -0.0000 0.0202
vn -0.9283 -0.0000 0.3719
vn 0.9306 -0.0000 0.3660
vn 0.0011 0.9469 0.3216
vn 0.0011 -0.9469 0.3217
vn -0.0005 0.9880 -0.1544
vn -0.0000 -1.0000 -0.0057
vn -0.0000 -1.0000 -0.0055
vn -0.0005 -0.9890 -0.1482
vn -0.0005 -0.9890 -0.1479
vn -0.9843 -0.0000 -0.1765
vn 0.9832 -0.0000 -0.1827
vn 0.0033 -0.0000 1.0000
vn -0.0033 -0.0000 -1.0000
vn 0.0181 -0.9998 -0.0000
vn 0.0132 -0.9999 -0.0000
vn 0.0211 -0.0000 0.9998
vn 0.0291 -0.0000 0.9996
vn 0.0181 0.9998 -0.0000
vn 0.0132 0.9999 -0.0000
vn 0.0134 -0.0000 -0.9999
vn 0.0133 -0.0000 -0.9999
vn 0.0214 -0.0000 -0.9998
vn -0.0142 -0.0000 -0.9999
vn -0.0039 -0.0000 -1.0000
vn -0.0143 -0.0000 -0.9999
vn -0.0222 -0.0000 -0.9998
vn -0.0197 -0.0000 -0.9998
vn -0.0192 0.9998 0.0001
vn -0.0035 1.0000 -0.0000
vn -0.0145 -0.0000 0.9999
vn -0.0144 -0.0000 0.9999
vn -0.0192 -0.9998 0.0001
vn -0.0035 -1.0000 -0.0000
vn 0.0053 -0.0000 -1.0000
vn 0.0130 -0.0000 0.9999
vn -0.0109 -0.9999 -0.0000
vn -0.0108 -0.9999 -0.0000
vn -0.0065 -0.0000 1.0000
vn -0.0108 0.9999 -0.0000
vn -0.0109 0.9999 -0.0000
vn -0.4396 -0.0000 -0.8982
vn 0.0039 -0.0000 1.0000
vn -0.4330 -0.0000 0.9014
vn -0.4530 0.8915 0.0012
vn -0.4530 -0.8915 0.0012
vn 0.2276 0.9738 -0.0006
vn 0.2276 -0.9738 -0.0006
vn 0.2139 -0.0000 -0.9769
vn 0.2214 -0.0000 0.9752
vn -1.0000 -0.0000 0.0027
vn 1.0000 -0.0000 -0.0027
vn 0.0412 -0.1044 0.9937
vn 0.0721 -0.1031 0.9921
vn -0.0031 -0.1033 0.9946
vn -0.3944 -0.1129 0.9120
vn -0.2341 0.0073 0.9722
vn -0.4550 -0.0873 0.8862
vn -0.8869 0.0319 0.4608
vn 0.0369 0.1046 0.9938
vn 0.0815 0.1032 0.9913
vn 0.2164 0.0095 0.9763
vn 0.5436 -0.1079 0.8324
vn -0.1000 -0.0998 0.9900
vn 0.0658 -0.1033 0.9925
vn 0.0721 -0.1034 0.9920
vn 0.0658 -0.1034 0.9925
vn 0.2245 -0.1000 0.9693
vn 0.1819 -0.1050 0.9777
vn 0.0651 -0.1019 0.9927
vn -0.0334 0.0008 0.9994
vn 0.0345 0.0007 0.9994
vn -0.3008 0.9220 0.2437
vn -0.0536 0.0011 0.9986
vn -0.0179 -0.1046 0.9944
vn -0.0175 -0.1039 0.9944
vn -0.9035 -0.0241 0.4278
vn 0.0660 0.1033 0.9925
vn 0.9043 0.0251 0.4263
vn 0.2472 -0.0992 0.9639
vn 0.1923 0.0021 0.9813
vn 0.0095 -0.1102 0.9939
vn -0.9135 0.0171 0.4065
vn -0.2295 0.0995 0.9682
vn -0.2406 0.0992 0.9656
vn -0.1139 0.1057 0.9879
vn 0.1462 0.1051 0.9837
vn 0.2668 0.0984 0.9587
vn 0.1388 -0.0993 0.9853
vn -0.1268 0.1049 0.9864
vn 0.0507 0.1051 0.9932
vn 0.9124 0.0201 0.4087
vn 0.8915 -0.0308 0.4519
vn 0.0508 -0.1011 0.9936
vn -0.0418 -0.1034 0.9938
vn -0.0031 0.1007 0.9949
vn 0.1519 0.1047 0.9828
vn 0.9124 0.0198 0.4089
vn 0.0166 -0.1042 0.9944
vn -0.0168 -0.1052 0.9943
vn -0.9141 0.0168 0.4051
vn -0.2058 0.1003 0.9734
vn 0.1414 -0.1022 0.9847
vn 0.1395 -0.1049 0.9846
vn 0.0165 -0.1038 0.9945
vn 0.9162 0.0172 0.4003
vn 0.0653 -0.1076 0.9920
vn -0.9165 0.0150 0.3998
vn 0.0003 0.1036 0.9946
vn 0.0736 0.1050 0.9917
vn 0.0554 0.0011 0.9985
vn -0.0787 0.1054 0.9913
vn 0.2109 0.1049 0.9719
vn 0.1184 0.0014 0.9930
vn 0.0588 -0.1034 0.9929
vn 0.0215 -0.1062 0.9941
vn -0.3142 -0.1134 0.9426
vn -0.1214 0.0027 0.9926
vn -0.1247 0.1052 0.9866
vn 0.0339 0.1045 0.9940
vn 0.0296 -0.1062 0.9939
vn 0.0288 -0.1045 0.9941
vn -0.0856 0.1098 0.9903
vn -0.0164 -0.1041 0.9944
vn -0.0458 0.1034 0.9936
vn -0.1147 -0.1094 0.9874
vn -0.1051 -0.1050 0.9889
vn -0.1843 0.1035 0.9774
vn -0.0621 0.1037 0.9927
vn -0.1876 0.0029 0.9822
vn -0.9232 -0.0091 0.3841
vn 0.0384 0.1066 0.9936
vn 0.2484 0.1131 0.9620
vn -0.9025 -0.0247 0.4300
vn -0.1278 0.1043 0.9863
vn -0.0223 0.1041 0.9943
vn 0.0342 0.1043 0.9940
vn -0.0070 0.1036 0.9946
vn 0.0231 0.1043 0.9943
vn 0.9041 0.0252 0.4266
vn 0.1990 -0.1043 0.9744
vn -0.8982 -0.0264 0.4388
vn -0.2061 0.1004 0.9734
vn -0.9132 0.0174 0.4071
vn 0.4422 0.0982 0.8915
vn 0.9325 -0.0029 0.3613
vn 0.0223 0.1056 0.9942
vn -0.1382 0.1105 0.9842
vn 0.0351 0.1063 0.9937
vn -0.3117 0.0994 0.9450
vn -0.1082 0.1045 0.9886
vn -0.0044 0.1042 0.9945
vn 0.0080 0.1045 0.9945
vn 0.9078 -0.0226 0.4188
vn 0.0424 0.1064 0.9934
vn 0.0030 0.1077 0.9942
vn 0.9110 -0.0206 0.4119
vn 0.9298 -0.0010 0.3680
vn 0.9169 -0.0163 0.3987
vn 0.0785 0.1083 0.9910
vn -0.0108 -0.1087 0.9940
vn -0.0098 -0.1053 0.9944
vn 0.4113 -0.0995 0.9061
vn 0.0352 0.1057 0.9938
vn -0.0228 0.1053 0.9942
vn -0.1370 0.1078 0.9847
vn 0.0217 0.1043 0.9943
vn -0.0748 0.1115 0.9909
vn -0.0418 -0.1035 0.9938
vn -0.0459 0.1034 0.9936
vn -0.0630 0.1044 0.9925
vn -0.2020 0.1081 0.9734
vn -0.9183 -0.0120 0.3958
vn -0.9078 -0.0212 0.4189
vn -0.1000 -0.1056 0.9894
vn -0.0030 -0.1039 0.9946
vn 0.0653 -0.1046 0.9924
vn 0.1740 -0.1027 0.9794
vn 0.2245 -0.0999 0.9693
vn 0.9093 -0.0213 0.4156
vn 0.1675 0.1097 0.9798
vn -0.0035 0.1066 0.9943
vn -0.3106 -0.1030 0.9449
vn 0.1908 -0.1022 0.9763
vn 0.9171 -0.0162 0.3984
vn 0.0237 0.1057 0.9941
vn 0.0512 -0.1056 0.9931
vn 0.0410 -0.1025 0.9939
vn 0.0079 0.1039 0.9946
vn -0.0045 0.1054 0.9944
vn -0.1158 0.1081 0.9874
vn -0.3473 0.1038 0.9320
vn 0.8620 -0.0423 0.5051
vn 0.5940 0.1051 0.7976
vn -0.2567 -0.1041 0.9609
vn 0.0210 -0.1045 0.9943
vn 0.0409 0.1045 0.9937
vn -0.2408 0.0992 0.9655
vn -0.8992 -0.0265 0.4366
vn 0.0623 -0.1048 0.9925
vn 0.9051 -0.0240 0.4244
vn 0.2672 0.0985 0.9586
vn 0.1632 0.1108 0.9804
vn -0.1278 0.1118 0.9855
vn 0.8922 -0.0305 0.4506
vn 0.9243 0.0099 0.3815
vn 0.9098 -0.0214 0.4145
vn 0.0539 0.1084 0.9926
vn -0.1391 0.1097 0.9842
vn -0.2298 0.0996 0.9681
vn -0.9031 -0.0242 0.4287
vn 0.0092 -0.1058 0.9943
vn 0.8940 -0.0299 0.4470
vn 0.0717 -0.1027 -0.9921
vn 0.0425 -0.1062 -0.9934
vn 0.0815 0.1031 -0.9913
vn 0.0383 0.1066 -0.9936
vn -0.9228 -0.0089 -0.3851
vn -0.4546 -0.0872 -0.8864
vn -0.2687 -0.0035 -0.9632
vn -0.3108 -0.1029 -0.9449
vn -0.0030 -0.1028 -0.9947
vn -0.0898 -0.0949 -0.9914
vn 0.4111 -0.0996 -0.9061
vn 0.2975 -0.0004 -0.9547
vn 0.0659 -0.1034 -0.9925
vn 0.0658 -0.1033 -0.9925
vn 0.0726 -0.1038 -0.9919
vn 0.0345 -0.0007 -0.9994
vn 0.0028 0.1077 -0.9942
vn -0.0338 -0.0008 -0.9994
vn 0.0621 -0.0995 -0.9931
vn 0.1739 -0.1028 -0.9794
vn 0.2248 -0.1001 -0.9693
vn -0.3235 0.9163 -0.2361
vn -0.0502 -0.0014 -0.9987
vn -0.9136 0.0176 -0.4061
vn -0.0178 -0.1046 -0.9944
vn -0.0176 -0.1039 -0.9944
vn 0.2474 -0.0992 -0.9638
vn 0.9173 -0.0165 -0.3978
vn 0.0660 0.1033 -0.9925
vn 0.2668 0.0984 -0.9587
vn 0.1627 0.1107 -0.9804
vn -0.1282 0.1118 -0.9854
vn -0.2408 0.0992 -0.9655
vn -0.2298 0.0996 -0.9681
vn -0.9027 -0.0240 -0.4295
vn 0.0090 -0.1058 -0.9943
vn 0.1594 -0.0054 -0.9872
vn 0.9239 0.0097 -0.3825
vn 0.9102 -0.0216 -0.4137
vn 0.0537 0.1084 -0.9927
vn -0.1395 0.1097 -0.9841
vn 0.1261 -0.0947 -0.9875
vn 0.9098 -0.0215 -0.4146
vn 0.1671 0.1096 -0.9798
vn -0.0033 0.1025 -0.9947
vn -0.0418 -0.1034 -0.9938
vn 0.0472 -0.0972 -0.9942
vn 0.1414 -0.1022 -0.9847
vn -0.2061 0.1004 -0.9734
vn -0.9021 -0.0245 -0.4309
vn -0.0164 -0.1041 -0.9944
vn 0.0165 -0.1038 -0.9945
vn 0.0167 -0.1042 -0.9944
vn 0.1538 -0.1100 -0.9820
vn -0.8989 -0.0263 -0.4375
vn 0.0621 -0.1048 -0.9926
vn 0.9055 -0.0242 -0.4237
vn 0.0993 -0.0033 -0.9951
vn 0.2477 0.1130 -0.9622
vn -0.0859 0.1098 -0.9902
vn 0.0534 -0.0013 -0.9986
vn 0.0782 0.1083 -0.9910
vn 0.0003 0.1036 -0.9946
vn -0.2570 -0.1040 -0.9608
vn 0.0209 -0.1045 -0.9943
vn 0.0588 -0.1034 -0.9929
vn -0.1201 -0.0028 -0.9928
vn 0.0349 0.1063 -0.9937
vn -0.1386 0.1106 -0.9842
vn 0.0287 -0.1045 -0.9941
vn 0.0297 -0.1062 -0.9939
vn -0.0785 0.1054 -0.9913
vn -0.0168 -0.1052 -0.9943
vn -0.0459 0.1034 -0.9936
vn -0.1052 -0.1050 -0.9889
vn -0.1143 -0.1093 -0.9874
vn -0.1675 -0.0050 -0.9859
vn -0.0631 0.1044 -0.9925
vn -0.2024 0.1081 -0.9733
vn 0.0370 0.1046 -0.9938
vn -0.8873 0.0321 -0.4600
vn 0.2112 0.1048 -0.9718
vn -0.9145 0.0170 -0.4042
vn 0.1908 -0.1023 -0.9763
vn 0.9175 -0.0165 -0.3974
vn 0.0236 0.1057 -0.9941
vn -0.0070 0.1036 -0.9946
vn 0.0351 0.1057 -0.9938
vn -0.0228 0.1053 -0.9942
vn -0.1373 0.1079 -0.9846
vn -0.9169 0.0143 -0.3990
vn -0.4543 -0.0872 -0.8866
vn 0.8624 -0.0425 -0.5044
vn 0.5924 0.1051 -0.7988
vn -0.9032 -0.0238 -0.4285
vn 0.0218 0.1043 -0.9943
vn 0.0339 0.1045 -0.9939
vn -0.1244 0.1052 -0.9866
vn 0.0079 0.1039 -0.9946
vn -0.0046 0.1054 -0.9944
vn -0.1161 0.1081 -0.9873
vn -0.3480 0.1039 -0.9317
vn 0.9139 0.0187 -0.4055
vn 0.0410 0.1045 -0.9937
vn 0.8725 0.0384 -0.4870
vn 0.9038 0.0249 -0.4273
vn 0.0738 0.1050 -0.9917
vn -0.0100 -0.1053 -0.9944
vn -0.0106 -0.1087 -0.9940
vn 0.5452 -0.1079 -0.8313
vn -0.1276 0.1043 -0.9863
vn -0.0222 0.1042 -0.9943
vn 0.0343 0.1043 -0.9940
vn -0.0418 -0.1035 -0.9937
vn -0.9136 0.0176 -0.4062
vn -0.0672 0.1060 -0.9921
vn 0.0222 0.1056 -0.9942
vn -0.8946 0.0276 -0.4461
vn -0.1842 0.1036 -0.9774
vn -0.0621 0.1037 -0.9927
vn -0.1111 -0.1110 -0.9876
vn -0.9095 0.0201 -0.4151
vn -0.0031 -0.1044 -0.9945
vn 0.2245 -0.1000 -0.9693
vn 0.1822 -0.1051 -0.9776
vn 0.0685 -0.1072 -0.9919
vn -0.0032 0.1046 -0.9945
vn 0.1521 0.1046 -0.9828
vn -0.3931 -0.1129 -0.9125
vn 0.0231 0.1043 -0.9943
vn 0.9037 0.0249 -0.4274
vn 0.1993 -0.1044 -0.9744
vn 0.0553 -0.1099 -0.9924
vn -0.3117 0.0995 -0.9450
vn -0.1080 0.1046 -0.9886
vn -0.0044 0.1042 -0.9945
vn 0.0080 0.1045 -0.9945
vn 0.0398 -0.1008 -0.9941
vn 0.4423 0.0981 -0.8915
vn 0.9321 -0.0030 -0.3622
vn 0.0423 0.1063 -0.9934
vn 0.0216 -0.1062 -0.9941
vn -0.3132 -0.1134 -0.9429
vn -0.2408 0.0993 -0.9655
vn 0.9158 0.0170 -0.4012
vn 0.0655 -0.1076 -0.9920
vn -0.9169 0.0152 -0.3989
vn -0.1136 0.1057 -0.9879
vn 0.1464 0.1050 -0.9836
vn 0.9236 0.0100 -0.3833
vn -0.2298 0.0997 -0.9681
vn -0.1266 0.1049 -0.9864
vn 0.0509 0.1051 -0.9932
vn 0.9120 0.0199 -0.4096
vn 0.8919 -0.0310 -0.4511
vn 0.0097 -0.1102 -0.9939
vn -0.9139 0.0173 -0.4056
vn -0.9079 0.0215 -0.4186
vn 0.9231 0.0111 -0.3844
vn -0.9979 -0.0651 0.0002
vn -0.9067 -0.0455 -0.4193
vn -0.0000 -0.1079 -0.9942
vn -0.7303 0.0698 -0.6795
vn -0.0000 0.1021 -0.9948
vn -0.0000 1.0000 -0.0029
vn 0.8793 0.0628 -0.4721
vn 0.6766 0.0885 -0.7310
vn -0.0000 0.1079 0.9942
vn -0.9067 0.0455 0.4193
vn -0.7303 -0.0698 0.6795
vn -0.0000 -0.1021 0.9948
vn 0.9979 -0.0651 0.0002
vn 0.9979 0.0651 -0.0002
vn 0.9067 0.0455 0.4193
vn 0.7303 -0.0698 0.6795
vn -0.9979 0.0651 -0.0002
vn 0.9857 0.0814 0.1475
vn 0.6433 0.0811 0.7613
vn -0.0548 0.1191 0.9914
vn 0.1137 0.1075 0.9877
vn -0.6314 0.0799 0.7713
vn -0.9876 0.0457 -0.1499
vn -0.6180 0.0895 -0.7810
vn -0.3810 0.1105 -0.9180
vn 0.8113 0.0501 -0.5824
vn 0.8379 0.2078 0.5048
vn 0.6999 0.0853 -0.7091
vn 0.6623 0.0859 -0.7443
vn 0.7028 0.0847 -0.7063
vn 0.2610 0.1000 -0.9601
vn 0.3747 0.0902 -0.9227
vn 0.9215 0.1005 -0.3751
vn -0.1029 0.1976 0.9749
vn -0.9822 0.0489 0.1812
vn -0.0133 0.1118 -0.9936
vn -0.9943 0.0333 0.1018
vn 0.3699 0.1896 0.9095
vn 0.9366 0.0646 0.3443
vn 0.9733 0.0569 0.2223
vn 0.5104 0.0630 0.8576
vn -0.7005 0.0857 -0.7085
vn -0.3383 0.0695 -0.9385
vn 0.2364 0.1004 -0.9664
vn 0.9067 -0.0455 -0.4193
vn 0.7303 0.0698 -0.6795
vn 0.2559 0.1103 -0.9604
vn 0.9813 0.0474 0.1866
vn 0.1833 0.0985 0.9781
vn -0.2488 0.1059 0.9627
vn -0.2373 0.1061 0.9656
vn -0.8530 0.0641 0.5180
vn -0.8310 0.0518 -0.5538
vn -0.2182 0.1007 -0.9707
vn 0.7823 0.1034 -0.6143
vn -0.6634 0.0815 0.7438
vn -0.9958 0.0432 -0.0812
vn 0.0966 0.0701 -0.9929
vn 0.2528 0.0929 -0.9631
vn 0.9794 0.1995 0.0306
vn 0.8087 0.0836 0.5822
vn -0.9680 0.1446 0.2051
vn -0.6848 0.0635 -0.7259
vn 0.0205 0.0863 -0.9961
vn 0.9853 0.0581 -0.1605
vn 0.9419 0.0609 0.3304
vn 0.3505 0.0925 0.9320
vn -0.2770 0.1054 0.9551
vn 0.4046 0.0969 -0.9094
vn 0.6590 0.0773 -0.7482
vn 0.9669 0.0618 -0.2475
vn 0.1483 0.0800 -0.9857
vn 0.9552 0.0459 -0.2924
vn 0.6594 0.0772 0.7478
vn -0.9970 0.0656 0.0422
vn -0.9530 0.0451 -0.2995
vn 0.2989 0.1249 -0.9461
vn -0.8637 0.0636 0.5000
vn -0.8296 0.0505 -0.5561
vn 0.9100 0.1513 -0.3861
vn 0.7416 0.0834 -0.6656
vn 0.9986 0.0469 -0.0225
vn 0.6381 0.0817 0.7656
vn 0.0134 0.1292 0.9915
vn -0.7404 0.0751 0.6680
vn -0.9866 0.0466 -0.1566
vn 0.9933 0.0465 -0.1058
vn 0.9278 0.0574 -0.3687
vn -0.9819 0.0434 0.1843
vn 0.9889 0.0514 0.1392
vn -0.7852 0.0845 0.6135
vn 0.7319 0.0764 0.6771
vn 0.8662 0.0533 0.4968
vn -0.4033 0.0973 0.9099
vn -0.6883 0.0870 0.7201
vn 0.0812 0.1245 0.9889
vn -0.8168 0.0501 0.5748
vn -0.9069 0.0590 -0.4171
vn -0.6795 0.0747 -0.7299
vn 0.4641 0.0670 0.8833
vn -0.5403 0.0908 0.8366
vn -0.9186 0.0636 0.3901
vn -0.9709 0.0494 -0.2343
vn -0.9853 0.0670 0.1573
vn -0.9936 0.0484 -0.1025
vn -0.4209 0.0650 -0.9048
vn 0.3339 0.0928 -0.9380
vn 0.0898 0.0941 0.9915
vn -0.2771 0.1052 0.9551
vn 0.3182 0.0933 0.9434
vn -0.9963 0.0740 0.0433
vn -0.8642 0.0465 -0.5010
vn 0.9043 0.0426 -0.4247
vn -0.9452 0.0571 -0.3214
vn -0.6178 0.0895 -0.7812
vn -0.8843 0.0508 0.4642
vn -0.9109 0.0592 -0.4084
vn -0.2142 0.1042 0.9712
vn -0.6312 0.0849 0.7710
vn -0.9784 0.0548 0.1991
vn -0.9886 0.0571 -0.1391
vn 0.2365 0.1004 -0.9664
vn 0.2242 0.0896 -0.9704
vn -0.8842 0.0620 -0.4631
vn -0.9823 0.0478 -0.1811
vn -0.0089 0.0890 -0.9960
vn -0.3202 0.0911 -0.9430
vn -0.6999 0.0856 -0.7091
vn -0.2676 0.0904 -0.9593
vn -0.8306 0.0648 -0.5530
vn 0.9684 0.0504 0.2441
vn 0.9891 0.0458 -0.1402
vn 0.6520 0.0757 -0.7544
vn -0.9971 0.0650 0.0390
vn -0.8977 0.0621 -0.4361
vn -0.9768 0.0521 0.2079
vn -0.6131 0.0758 0.7864
vn -0.9855 0.0667 0.1559
vn -0.9944 0.0487 -0.0933
vn -0.9987 0.0427 -0.0284
vn 0.4236 0.0678 0.9033
vn 0.8120 0.0817 0.5780
vn -0.7853 0.0844 0.6133
vn -0.7224 0.0799 0.6869
vn -0.4455 0.0865 0.8911
vn -0.0587 0.0981 0.9934
vn 0.0152 0.0916 0.9957
vn 0.9801 0.0429 0.1936
vn 0.9980 0.0562 0.0274
vn 0.8114 0.0676 -0.5805
vn 0.3569 0.0956 -0.9293
vn 0.2611 0.1000 -0.9601
vn 0.0183 0.0970 -0.9951
vn -0.5829 0.0823 -0.8084
vn -0.9928 0.0478 -0.1098
vn 0.7951 0.0553 0.6039
vn 0.4046 0.0969 -0.9093
vn 0.3214 0.0969 -0.9420
vn -0.3248 0.0884 -0.9416
vn -0.9410 0.0574 -0.3335
vn 0.9349 0.0528 -0.3511
vn 0.9625 0.0975 -0.2532
vn -0.9974 0.0589 -0.0405
vn -0.9984 0.0555 -0.0070
vn -0.9983 0.0504 -0.0291
vn -0.7312 0.0663 0.6789
vn -0.2236 0.0998 0.9696
vn 0.7214 0.0700 -0.6890
vn -0.6959 0.0727 -0.7144
vn 0.7836 0.0568 0.6186
vn 0.9512 0.0545 -0.3037
vn -0.9715 0.0473 -0.2322
vn -0.2374 0.1060 0.9656
vn 0.8662 0.0452 0.4976
vn 0.8417 0.0644 -0.5360
vn 0.1259 0.0948 -0.9875
vn -0.2181 0.1006 -0.9707
vn -0.6919 0.0747 -0.7181
vn -0.9808 0.0426 0.1904
vn 0.2201 0.0939 -0.9710
vn 0.2992 0.0771 -0.9511
vn 0.0740 0.0920 -0.9930
vn -0.9086 0.0567 -0.4139
vn -0.7881 0.0595 0.6126
vn -0.2489 0.1057 0.9627
vn 0.2248 0.0803 0.9711
vn 0.9743 0.0474 -0.2203
vn -0.1490 0.0678 0.9865
vn 0.7280 0.0689 -0.6821
vn -0.6766 0.0885 -0.7310
vn -0.8793 0.0628 -0.4721
vn 0.6180 0.0895 -0.7810
vn 0.9876 0.0457 -0.1499
vn 0.6314 0.0799 0.7713
vn -0.1137 0.1075 0.9877
vn 0.0548 0.1191 0.9914
vn -0.6433 0.0811 0.7613
vn -0.9857 0.0814 0.1475
vn -0.8378 0.2078 0.5048
vn -0.8113 0.0501 -0.5824
vn 0.3810 0.1105 -0.9180
vn -0.6999 0.0853 -0.7091
vn -0.7028 0.0847 -0.7063
vn -0.6623 0.0859 -0.7443
vn 0.0133 0.1118 -0.9936
vn 0.9822 0.0489 0.1812
vn 0.1029 0.1976 0.9749
vn -0.9215 0.1005 -0.3751
vn -0.3747 0.0902 -0.9227
vn -0.2610 0.1000 -0.9601
vn 0.9942 0.0333 0.1018
vn -0.3699 0.1896 0.9095
vn -0.5104 0.0630 0.8576
vn -0.9733 0.0569 0.2223
vn -0.9366 0.0646 0.3443
vn -0.2364 0.1004 -0.9664
vn 0.3383 0.0695 -0.9385
vn 0.7005 0.0857 -0.7085
vn 0.2182 0.1007 -0.9707
vn 0.8310 0.0518 -0.5539
vn 0.8530 0.0641 0.5180
vn 0.2373 0.1060 0.9656
vn 0.2488 0.1059 0.9627
vn -0.1833 0.0985 0.9781
vn -0.9813 0.0474 0.1866
vn -0.2559 0.1103 -0.9604
vn -0.2528 0.0929 -0.9631
vn -0.0966 0.0700 -0.9929
vn 0.9958 0.0432 -0.0812
vn 0.6634 0.0815 0.7438
vn -0.7823 0.1034 -0.6143
vn -0.0205 0.0863 -0.9961
vn 0.6848 0.0635 -0.7259
vn 0.9680 0.1446 0.2051
vn -0.8087 0.0836 0.5822
vn -0.9794 0.1995 0.0306
vn -0.4046 0.0969 -0.9094
vn 0.2770 0.1054 0.9551
vn -0.3505 0.0925 0.9320
vn -0.9419 0.0609 0.3304
vn -0.9853 0.0581 -0.1605
vn -0.9669 0.0618 -0.2475
vn -0.6590 0.0773 -0.7482
vn -0.6594 0.0772 0.7478
vn -0.9552 0.0459 -0.2924
vn -0.1483 0.0800 -0.9857
vn -0.9100 0.1513 -0.3861
vn 0.8296 0.0505 -0.5561
vn 0.8637 0.0636 0.5000
vn -0.2989 0.1249 -0.9461
vn 0.9530 0.0451 -0.2995
vn 0.9970 0.0656 0.0422
vn -0.6381 0.0817 0.7656
vn -0.9986 0.0469 -0.0225
vn -0.7416 0.0834 -0.6656
vn -0.0134 0.1292 0.9915
vn 0.9866 0.0466 -0.1565
vn 0.7404 0.0751 0.6680
vn -0.9933 0.0465 -0.1058
vn -0.9278 0.0574 -0.3686
vn 0.9819 0.0434 0.1843
vn -0.9889 0.0514 0.1392
vn 0.7852 0.0845 0.6135
vn -0.7319 0.0764 0.6771
vn -0.8662 0.0533 0.4968
vn -0.0812 0.1245 0.9889
vn 0.6883 0.0870 0.7201
vn 0.4033 0.0973 0.9099
vn 0.9069 0.0590 -0.4171
vn 0.8167 0.0501 0.5748
vn 0.6795 0.0748 -0.7299
vn -0.4641 0.0670 0.8833
vn -0.3339 0.0928 -0.9380
vn 0.4209 0.0650 -0.9048
vn 0.9936 0.0484 -0.1024
vn 0.9853 0.0670 0.1573
vn 0.9709 0.0494 -0.2344
vn 0.9186 0.0636 0.3901
vn 0.5403 0.0908 0.8366
vn -0.0898 0.0941 0.9915
vn 0.2771 0.1052 0.9551
vn -0.9043 0.0426 -0.4247
vn 0.8642 0.0465 -0.5010
vn 0.9963 0.0740 0.0433
vn -0.3182 0.0933 0.9434
vn 0.9452 0.0571 -0.3214
vn 0.6178 0.0895 -0.7812
vn 0.9109 0.0592 -0.4084
vn 0.8843 0.0508 0.4642
vn 0.9886 0.0571 -0.1391
vn 0.9784 0.0548 0.1991
vn 0.6312 0.0849 0.7710
vn 0.2142 0.1042 0.9712
vn -0.2365 0.1004 -0.9664
vn -0.2242 0.0896 -0.9704
vn 0.8842 0.0620 -0.4630
vn 0.0089 0.0890 -0.9960
vn 0.9823 0.0478 -0.1811
vn 0.3202 0.0911 -0.9430
vn 0.2676 0.0904 -0.9593
vn 0.6999 0.0856 -0.7091
vn 0.8306 0.0648 -0.5530
vn -0.9684 0.0504 0.2441
vn -0.9891 0.0458 -0.1402
vn -0.6520 0.0757 -0.7544
vn 0.9971 0.0650 0.0391
vn 0.6131 0.0758 0.7864
vn 0.9768 0.0521 0.2079
vn 0.8977 0.0621 -0.4361
vn -0.8120 0.0817 0.5780
vn -0.4236 0.0678 0.9033
vn 0.9987 0.0427 -0.0284
vn 0.9944 0.0487 -0.0933
vn 0.9855 0.0667 0.1559
vn 0.0587 0.0981 0.9934
vn 0.4455 0.0865 0.8911
vn 0.7224 0.0799 0.6869
vn 0.7853 0.0844 0.6133
vn -0.9801 0.0429 0.1936
vn -0.0152 0.0916 0.9957
vn -0.9980 0.0562 0.0274
vn -0.2611 0.1000 -0.9601
vn -0.3569 0.0956 -0.9293
vn -0.8114 0.0676 -0.5805
vn 0.9928 0.0478 -0.1098
vn 0.5829 0.0823 -0.8084
vn -0.0183 0.0970 -0.9951
vn -0.7951 0.0553 0.6039
vn -0.4046 0.0969 -0.9093
vn 0.9410 0.0574 -0.3335
vn 0.3248 0.0884 -0.9416
vn -0.3214 0.0969 -0.9420
vn -0.9349 0.0527 -0.3510
vn 0.2236 0.0998 0.9696
vn 0.7312 0.0663 0.6789
vn 0.9983 0.0504 -0.0291
vn 0.9984 0.0555 -0.0070
vn 0.9974 0.0589 -0.0405
vn -0.9625 0.0975 -0.2532
vn 0.6959 0.0727 -0.7144
vn -0.7214 0.0700 -0.6890
vn 0.9715 0.0473 -0.2322
vn -0.9512 0.0545 -0.3037
vn -0.7836 0.0567 0.6186
vn 0.2374 0.1060 0.9656
vn 0.2181 0.1006 -0.9707
vn -0.1259 0.0948 -0.9875
vn -0.8417 0.0644 -0.5360
vn -0.8662 0.0452 0.4976
vn 0.9808 0.0426 0.1905
vn 0.6919 0.0747 -0.7181
vn -0.2201 0.0939 -0.9710
vn 0.2489 0.1057 0.9627
vn 0.7881 0.0595 0.6126
vn 0.9086 0.0567 -0.4139
vn -0.0740 0.0920 -0.9930
vn -0.2992 0.0771 -0.9511
vn -0.9743 0.0474 -0.2204
vn -0.2248 0.0804 0.9711
vn 0.1490 0.0678 0.9865
vn -0.7280 0.0689 -0.6821
vn 0.8378 0.2078 0.5048
vn 0.9813 0.0474 0.1867
vn -0.2488 0.1059 0.9628
vn 0.9278 0.0574 -0.3686
vn -0.6795 0.0748 -0.7299
vn -0.5403 0.0907 0.8366
vn -0.9709 0.0494 -0.2344
vn 0.9685 0.0504 0.2441
vn -0.9971 0.0650 0.0391
vn 0.7951 0.0554 0.6039
vn 0.7836 0.0567 0.6186
vn -0.1490 0.0679 0.9865
vn -0.0000 0.9865 0.1637
vn -0.0000 0.1637 -0.9865
vn -0.0000 -0.9865 -0.1637
vn -0.0000 -0.1637 0.9865
vn -0.0000 0.9865 -0.1637
vn -0.0000 0.1637 0.9865
vn -0.0000 -0.9865 0.1637
vn -0.0000 -0.1637 -0.9865
vn 1.0000 -0.0000 -0.0029
vn 0.9979 0.0651 -0.0029
vn -1.0000 -0.0000 0.0029
vn -0.9972 -0.0681 0.0321
vn -0.9963 -0.0671 0.0540
vn 0.9979 -0.0651 -0.0029
vn -0.9979 -0.0651 0.0029
vn -0.9039 -0.0445 -0.4253
vn -0.9979 0.0651 0.0029
vn -0.9979 -0.0644 -0.0012
vn -0.9803 -0.0610 -0.1877
vn -0.9874 0.0089 -0.1579
vn -0.9638 -0.0446 -0.2630
vn -0.6754 0.0503 -0.7358
vn -0.9975 0.0656 0.0267
vn -0.9965 0.0621 0.0567
vn -0.9761 0.0013 0.2175
vn -0.8788 -0.0865 0.4693
vn -0.9967 -0.0573 -0.0572
vn -0.9965 -0.0673 0.0494
vn -0.9962 -0.0678 0.0546
vn -0.9808 -0.0709 0.1816
vn -0.9869 -0.0729 0.1437
vn -0.9967 -0.0647 0.0485
vn -0.9997 0.0013 -0.0229
vn -0.9977 0.0675 0.0016
vn -0.9997 -0.0011 0.0257
vn -0.4912 0.8000 -0.3445
vn -0.9992 0.0018 -0.0398
vn -0.9978 -0.0650 -0.0116
vn -0.6693 0.0318 -0.7423
vn -0.9969 0.0627 0.0464
vn -0.6673 -0.0295 0.7442
vn -0.9768 -0.0711 0.2021
vn -0.9948 -0.0063 0.1014
vn -0.9975 -0.0693 0.0113
vn -0.6698 0.0310 -0.7419
vn -0.9801 0.0710 -0.1853
vn -0.9781 0.0711 -0.1954
vn -0.9920 0.0754 -0.1017
vn -0.9931 0.0639 0.0984
vn -0.9843 0.0541 0.1679
vn -0.9925 -0.0636 0.1040
vn -0.9913 0.0745 -0.1088
vn -0.9972 0.0661 0.0357
vn -0.6633 -0.0381 0.7474
vn -0.6706 -0.0483 0.7403
vn -0.9973 -0.0628 0.0393
vn -0.9976 -0.0634 -0.0282
vn -0.9980 0.0636 -0.0021
vn -0.9927 0.0631 0.1027
vn -0.6665 -0.0363 0.7447
vn -0.9977 -0.0660 0.0128
vn -0.9978 -0.0654 -0.0107
vn -0.6692 0.0307 -0.7424
vn -0.9839 0.0707 -0.1642
vn -0.9915 -0.0694 0.1097
vn -0.9897 -0.0751 0.1220
vn -0.6652 -0.0410 0.7456
vn -0.9963 -0.0699 0.0500
vn -0.6713 0.0276 -0.7407
vn -0.9979 0.0652 0.0011
vn -0.9965 0.0652 0.0516
vn -0.9993 -0.0019 0.0380
vn -0.9952 0.0724 -0.0658
vn -0.9886 0.0631 0.1365
vn -0.9980 -0.0039 0.0630
vn -0.9968 -0.0670 0.0441
vn -0.9976 -0.0674 0.0169
vn -0.9853 -0.0620 -0.1594
vn -0.9960 0.0043 -0.0888
vn -0.9912 0.0750 -0.1089
vn -0.9975 0.0655 0.0246
vn -0.9974 -0.0677 0.0228
vn -0.9974 -0.0677 0.0227
vn -0.9952 0.0724 -0.0661
vn -0.9972 0.0668 -0.0328
vn -0.9954 -0.0644 -0.0703
vn -0.9954 -0.0644 -0.0704
vn -0.9839 0.0761 -0.1615
vn -0.9966 0.0680 -0.0458
vn -0.9891 0.0047 -0.1469
vn -0.6758 0.0501 -0.7354
vn -0.9975 0.0656 0.0266
vn -0.9886 0.0631 0.1363
vn -0.6703 0.0305 -0.7414
vn -0.9917 0.0732 -0.1057
vn -0.9976 0.0671 -0.0158
vn -0.9976 0.0652 0.0250
vn -0.9978 0.0655 -0.0042
vn -0.9977 0.0656 0.0171
vn -0.6670 -0.0295 0.7445
vn -0.9847 -0.0731 0.1584
vn -0.6846 0.0228 -0.7286
vn -0.9638 -0.0446 -0.2629
vn -0.9839 0.0708 -0.1643
vn -0.6684 0.0319 -0.7432
vn -0.9979 0.0648 0.0028
vn -0.9651 0.0582 0.2555
vn -0.6856 -0.0574 0.7257
vn -0.9977 0.0656 0.0161
vn -0.9912 0.0751 -0.1092
vn -0.9975 0.0656 0.0245
vn -0.9523 0.0788 -0.2949
vn -0.9934 0.0725 -0.0885
vn -0.9978 0.0664 -0.0026
vn -0.9978 0.0655 0.0064
vn -0.9768 -0.0711 0.2020
vn -0.6625 -0.0402 0.7480
vn -0.9974 0.0653 0.0295
vn -0.9977 0.0676 0.0015
vn -0.6619 -0.0374 0.7486
vn -0.7418 0.0039 0.6706
vn -0.9969 0.0628 0.0464
vn -0.6661 -0.0297 0.7453
vn -0.9965 0.0652 0.0515
vn -0.9977 -0.0677 -0.0044
vn -0.9977 -0.0677 -0.0045
vn -0.8795 -0.0866 0.4680
vn -0.9976 0.0652 0.0249
vn -0.9976 0.0671 -0.0159
vn -0.9917 0.0732 -0.1060
vn -0.9977 0.0656 0.0162
vn -0.9956 0.0730 -0.0595
vn -0.6695 0.0317 -0.7422
vn -0.9976 -0.0635 -0.0283
vn -0.9966 0.0680 -0.0459
vn -0.9839 0.0761 -0.1619
vn -0.6777 0.0408 -0.7342
vn -0.6711 0.0343 -0.7406
vn -0.9957 -0.0655 -0.0661
vn -0.9979 -0.0654 -0.0013
vn -0.9962 -0.0698 0.0520
vn -0.9870 -0.0729 0.1435
vn -0.9809 -0.0709 0.1814
vn -0.6655 -0.0365 0.7455
vn -0.9927 0.0631 0.1026
vn -0.9977 0.0671 -0.0024
vn -0.9803 -0.0610 -0.1878
vn -0.9915 -0.0693 0.1097
vn -0.9847 -0.0731 0.1583
vn -0.6659 -0.0297 0.7455
vn -0.9965 -0.0709 0.0439
vn -0.9974 -0.0647 0.0307
vn -0.9979 0.0654 0.0028
vn -0.9978 0.0655 0.0065
vn -0.9978 0.0664 -0.0027
vn -0.9934 0.0725 -0.0887
vn -0.9521 0.0788 -0.2954
vn -0.6854 -0.0577 0.7259
vn -0.9651 0.0583 0.2554
vn -0.9852 -0.0620 -0.1596
vn -0.9976 -0.0674 0.0168
vn -0.9974 0.0653 0.0296
vn -0.9781 0.0712 -0.1956
vn -0.6725 0.0274 -0.7396
vn -0.9963 -0.0699 0.0499
vn -0.6643 -0.0412 0.7463
vn -0.9843 0.0542 0.1680
vn -0.9931 0.0639 0.0983
vn -0.9919 0.0754 -0.1021
vn -0.6703 -0.0478 0.7405
vn -0.6711 -0.0480 0.7398
vn -0.6624 -0.0383 0.7482
vn -0.9972 0.0661 0.0356
vn -0.9912 0.0745 -0.1091
vn -0.9800 0.0711 -0.1856
vn -0.6709 0.0308 -0.7409
vn -0.9975 -0.0693 0.0111
vn -0.6673 0.0381 -0.7438
vn -0.6685 -0.0488 0.7421
vn -0.6754 0.0503 -0.7357
vn -0.9970 0.0627 0.0464
vn -0.6705 -0.0483 0.7403
vn -0.6664 -0.0363 0.7447
vn -0.6651 -0.0410 0.7456
vn -0.6759 0.0500 -0.7353
vn -0.6704 0.0305 -0.7414
vn -0.6684 0.0319 -0.7431
vn -0.6620 -0.0374 0.7486
vn -0.9977 -0.0676 -0.0045
vn -0.9917 0.0732 -0.1059
vn -0.6778 0.0408 -0.7341
vn -0.9870 -0.0729 0.1436
vn -0.9808 -0.0709 0.1814
vn -0.9965 -0.0709 0.0438
vn -0.6854 -0.0577 0.7258
vn -0.9843 0.0542 0.1681
vn -0.6703 -0.0478 0.7406
vn -0.6623 -0.0383 0.7482
vn -0.6709 0.0307 -0.7409
vn -0.9968 0.0622 0.0503
vn -0.9974 0.0652 0.0297
vn -0.9958 -0.0677 0.0615
vn -0.9972 -0.0683 0.0293
vn -0.6927 0.0142 -0.7210
vn -0.9149 0.0673 -0.3980
vn -0.9779 0.0048 -0.2091
vn -0.9352 0.0862 -0.3434
vn -0.9979 0.0648 -0.0014
vn -0.9953 0.0628 -0.0733
vn -0.9687 0.0588 0.2411
vn -0.9920 -0.0091 0.1260
vn -0.9969 0.0628 0.0463
vn -0.9967 0.0628 0.0507
vn -0.9997 -0.0012 0.0263
vn -0.9977 -0.0676 0.0043
vn -0.9997 0.0013 -0.0237
vn -0.9972 0.0607 0.0434
vn -0.9914 0.0600 0.1167
vn -0.9879 0.0561 0.1443
vn -0.4603 -0.8420 -0.2814
vn -0.9994 0.0020 -0.0335
vn -0.6682 0.0416 -0.7429
vn -0.9977 0.0665 -0.0121
vn -0.9860 0.0551 0.1571
vn -0.6648 -0.0425 0.7458
vn -0.9965 -0.0672 0.0495
vn -0.9729 -0.0712 0.2199
vn -0.9885 -0.0760 0.1310
vn -0.9951 -0.0655 -0.0743
vn -0.9870 -0.0551 -0.1508
vn -0.9879 -0.0556 -0.1445
vn -0.6681 0.0416 -0.7429
vn -0.9976 0.0688 0.0041
vn -0.9881 -0.0032 0.1536
vn -0.6900 -0.0150 0.7237
vn -0.6635 -0.0358 0.7473
vn -0.9967 -0.0700 0.0418
vn -0.9944 -0.0638 -0.0842
vn -0.9949 0.0563 0.0837
vn -0.6673 -0.0336 0.7440
vn -0.9882 -0.0754 0.1336
vn -0.9980 -0.0632 -0.0007
vn -0.9973 0.0666 -0.0298
vn -0.9977 0.0599 0.0316
vn -0.9937 0.0597 0.0948
vn -0.9898 -0.0566 -0.1310
vn -0.6679 0.0425 -0.7431
vn -0.9977 0.0668 -0.0114
vn -0.9978 0.0650 0.0126
vn -0.9935 0.0638 0.0943
vn -0.6689 0.0449 -0.7420
vn -0.9969 0.0652 0.0440
vn -0.6678 -0.0302 0.7437
vn -0.9955 -0.0024 0.0952
vn -0.9745 -0.0811 0.2092
vn -0.9965 -0.0657 -0.0522
vn -0.9991 -0.0018 0.0416
vn -0.9957 -0.0709 0.0604
vn -0.9979 -0.0650 0.0011
vn -0.9593 0.0840 -0.2695
vn -0.9977 0.0660 0.0154
vn -0.9971 0.0630 0.0417
vn -0.9963 0.0044 -0.0863
vn -0.9973 -0.0679 0.0267
vn -0.9945 -0.0644 -0.0823
vn -0.9976 0.0657 0.0210
vn -0.9976 0.0657 0.0209
vn -0.9965 -0.0656 -0.0524
vn -0.9977 0.0668 -0.0115
vn -0.9975 -0.0633 -0.0310
vn -0.9934 0.0732 -0.0882
vn -0.9934 0.0733 -0.0885
vn -0.9936 0.0066 -0.1125
vn -0.9971 -0.0633 -0.0422
vn -0.9908 -0.0611 -0.1209
vn -0.9972 -0.0683 0.0292
vn -0.6941 0.0141 -0.7197
vn -0.9747 -0.0810 0.2085
vn -0.6687 0.0423 -0.7424
vn -0.9902 0.0591 0.1269
vn -0.6647 -0.0428 0.7459
vn -0.9976 -0.0671 0.0182
vn -0.9979 -0.0647 -0.0041
vn -0.9974 -0.0676 0.0266
vn -0.9978 -0.0652 -0.0148
vn -0.9944 -0.0628 -0.0855
vn -0.6732 0.0419 -0.7382
vn -0.9151 0.0672 -0.3977
vn -0.9898 -0.0567 -0.1310
vn -0.7641 0.0114 0.6450
vn -0.8598 -0.0859 0.5034
vn -0.9979 -0.0648 0.0029
vn -0.6675 0.0417 -0.7435
vn -0.9976 -0.0670 0.0171
vn -0.9958 -0.0677 0.0616
vn -0.9973 -0.0679 0.0266
vn -0.9945 -0.0644 -0.0824
vn -0.9978 -0.0658 0.0066
vn -0.9978 -0.0659 -0.0021
vn -0.9953 -0.0636 -0.0727
vn -0.9791 -0.0554 -0.1957
vn -0.9861 0.0551 0.1571
vn -0.6629 -0.0341 0.7479
vn -0.9972 -0.0682 0.0321
vn -0.6619 -0.0375 0.7487
vn -0.9977 -0.0675 0.0042
vn -0.6802 -0.0540 0.7311
vn -0.6640 -0.0428 0.7465
vn -0.9957 -0.0709 0.0602
vn -0.9976 0.0687 -0.0088
vn -0.9976 0.0687 -0.0090
vn -0.9687 0.0589 0.2410
vn -0.9974 -0.0676 0.0265
vn -0.9973 0.0667 -0.0298
vn -0.6683 0.0415 -0.7428
vn -0.9968 -0.0670 -0.0433
vn -0.9979 -0.0648 -0.0041
vn -0.7020 0.0161 -0.7120
vn -0.9908 -0.0610 -0.1210
vn -0.9934 0.0742 -0.0876
vn -0.6705 0.0361 -0.7410
vn -0.9978 0.0658 -0.0015
vn -0.9880 0.0561 0.1442
vn -0.9968 0.0649 0.0461
vn -0.9978 -0.0666 -0.0009
vn -0.9882 -0.0754 0.1333
vn -0.6663 -0.0339 0.7449
vn -0.9348 0.0862 -0.3445
vn -0.9976 -0.0671 0.0181
vn -0.6640 -0.0430 0.7465
vn -0.9902 0.0591 0.1268
vn -0.9971 0.0670 0.0348
vn -0.9791 -0.0553 -0.1958
vn -0.9953 -0.0636 -0.0728
vn -0.9979 -0.0654 0.0029
vn -0.9977 0.0622 0.0285
vn -0.8605 -0.0859 0.5021
vn -0.7630 0.0114 0.6463
vn -0.9591 0.0840 -0.2704
vn -0.9728 -0.0713 0.2202
vn -0.6667 -0.0304 0.7447
vn -0.9969 0.0652 0.0439
vn -0.6696 0.0447 -0.7413
vn -0.9951 -0.0654 -0.0745
vn -0.9885 -0.0760 0.1307
vn -0.6896 -0.0154 0.7241
vn -0.9879 -0.0556 -0.1446
vn -0.9944 -0.0638 -0.0843
vn -0.9967 -0.0699 0.0417
vn -0.6625 -0.0361 0.7482
vn -0.6913 -0.0148 0.7224
vn -0.9976 0.0688 0.0039
vn -0.6689 0.0414 -0.7422
vn -0.6674 0.0362 -0.7438
vn -0.6779 -0.0194 0.7349
vn -0.6928 0.0142 -0.7210
vn -0.6679 0.0425 -0.7430
vn -0.6690 0.0449 -0.7419
vn -0.6733 0.0418 -0.7382
vn -0.6619 -0.0375 0.7486
vn -0.7020 0.0161 -0.7119
vn -0.6697 0.0447 -0.7413
vn -0.6895 -0.0154 0.7241
vn -0.6690 0.0414 -0.7422
vn -0.9999 -0.0106 -0.0017
vn -0.0000 0.1486 -0.9889
vn -0.0000 -0.1710 0.9853
vn -0.0000 -0.9871 -0.1598
vn -0.0000 0.9871 0.1598
vn -0.0000 -0.1598 0.9871
vn -0.0000 0.1598 -0.9871
vn -0.9995 0.0300 0.0048
vn -0.0000 0.1912 -0.9816
vn 0.9995 0.0300 0.0049
vn -0.0000 -0.1282 0.9917
vn -0.9999 -0.0107 -0.0015
vn -0.0000 0.1311 -0.9914
vn 0.9999 -0.0107 -0.0015
vn -0.0000 -0.1535 0.9881
vn -0.0000 -0.9898 -0.1423
vn -0.0000 0.9898 0.1423
vn -0.0000 -0.1423 0.9898
vn -0.0000 0.1423 -0.9898
vn -0.9995 0.0300 0.0043
vn -0.0000 0.1738 -0.9848
vn 0.9995 0.0300 0.0043
vn -0.0000 -0.1107 0.9939
vn -0.9999 -0.0106 0.0017
vn -0.0000 0.1486 0.9889
vn -0.0000 -0.1710 -0.9853
vn -0.0000 -0.9871 0.1598
vn -0.0000 0.9871 -0.1598
vn -0.0000 -0.1598 -0.9871
vn -0.0000 0.1598 0.9871
vn -0.9995 0.0300 -0.0049
vn -0.0000 0.1912 0.9816
vn 0.9995 0.0300 -0.0048
vn -0.0000 -0.1282 -0.9917
vn -0.9999 -0.0107 0.0015
vn -0.0000 0.1311 0.9914
vn 0.9999 -0.0107 0.0015
vn -0.0000 -0.1535 -0.9881
vn -0.0000 -0.9898 0.1423
vn -0.0000 0.9898 -0.1423
vn -0.0000 -0.1423 -0.9898
vn -0.0000 0.1423 0.9898
vn -0.9995 0.0300 -0.0043
vn -0.0000 0.1738 0.9848
vn 0.9995 0.0300 -0.0043
vn -0.0000 -0.1107 -0.9939
vn -0.9999 -0.0122 -0.0018
vn 0.9999 -0.0122 -0.0018
vn -0.9994 0.0344 0.0049
vn 0.9994 0.0344 0.0049
vn -0.9999 -0.0122 0.0018
vn 0.9999 -0.0122 0.0018
vn -0.9994 0.0344 -0.0049
vn 0.9994 0.0344 -0.0049
vn -0.0000 0.6938 -0.7202
vn -0.0000 0.6938 0.7202
vn 0.8928 0.4504 -0.0000
vn -0.8928 0.4504 -0.0000
vt 0.560895 0.155303
vt 0.561624 0.236264
vt 0.552513 0.236336
vt 0.553918 0.155276
vt 0.611752 0.194238
vt 0.619348 0.194238
vt 0.619348 0.231685
vt 0.611752 0.231685
vt 0.559646 0.169059
vt 0.560987 0.236001
vt 0.552478 0.236649
vt 0.553304 0.169192
vt 0.539080 0.141253
vt 0.539956 0.234980
vt 0.533492 0.236062
vt 0.534122 0.141768
vt 0.539332 0.013313
vt 0.533459 0.013413
vt 0.533458 0.011595
vt 0.539328 0.011502
vt 0.560998 0.237714
vt 0.552478 0.238375
vt 0.539023 0.099747
vt 0.538978 0.120312
vt 0.534163 0.120743
vt 0.534052 0.100123
vt 0.559525 0.140366
vt 0.559485 0.154554
vt 0.553361 0.154610
vt 0.553231 0.140350
vt 0.608233 0.194238
vt 0.609987 0.194238
vt 0.609987 0.231685
vt 0.608233 0.231685
vt 0.561044 0.119422
vt 0.560866 0.137223
vt 0.554092 0.137179
vt 0.554050 0.119357
vt 0.561962 0.044475
vt 0.553695 0.044309
vt 0.600625 0.194238
vt 0.600625 0.231685
vt 0.559853 0.081962
vt 0.552546 0.081593
vt 0.532447 0.004129
vt 0.540264 0.004045
vt 0.546875 0.062500
vt 0.546875 0.125000
vt 0.553703 0.042742
vt 0.561966 0.042910
vt 0.552546 0.080397
vt 0.559845 0.080773
vt 0.515625 0.125000
vt 0.546875 0.187500
vt 0.515625 0.187500
vt 0.551329 0.074257
vt 0.561097 0.074809
vt 0.552324 0.035684
vt 0.563346 0.035920
vt 0.561854 0.244734
vt 0.551718 0.245579
vt 0.561619 0.238281
vt 0.552502 0.238356
vt 0.539962 0.237310
vt 0.533493 0.238402
vt 0.586534 0.001337
vt 0.604871 0.001337
vt 0.604871 0.025974
vt 0.586534 0.025974
vt 0.562404 0.246470
vt 0.551620 0.246572
vt 0.540548 0.246816
vt 0.532904 0.248157
vt 0.607414 0.198828
vt 0.614541 0.198828
vt 0.614541 0.233960
vt 0.607414 0.233960
vt 0.539890 0.091017
vt 0.539867 0.129288
vt 0.533985 0.128779
vt 0.534456 0.090409
vt 0.509546 0.096193
vt 0.509833 0.141145
vt 0.505159 0.141304
vt 0.505304 0.096338
vt 0.532770 0.118156
vt 0.533190 0.168159
vt 0.525770 0.170361
vt 0.526504 0.119380
vt 0.586587 0.001389
vt 0.604096 0.001389
vt 0.604096 0.024626
vt 0.586587 0.024626
vt 0.606739 0.000626
vt 0.624042 0.000626
vt 0.624042 0.025104
vt 0.606739 0.025104
vt 0.532727 0.097106
vt 0.532748 0.107441
vt 0.526576 0.108513
vt 0.526645 0.098035
vt 0.509513 0.075365
vt 0.509529 0.085745
vt 0.505288 0.085890
vt 0.505271 0.075510
vt 0.540043 0.072843
vt 0.539966 0.081942
vt 0.534507 0.081299
vt 0.534559 0.072164
vt 0.604113 0.198828
vt 0.605758 0.198828
vt 0.605758 0.233960
vt 0.604113 0.233960
vt 0.596975 0.198828
vt 0.596975 0.233960
vt 0.541273 0.032359
vt 0.534029 0.031268
vt 0.510051 0.030318
vt 0.504591 0.030503
vt 0.533410 0.054459
vt 0.525970 0.054955
vt 0.610698 0.118002
vt 0.614580 0.118002
vt 0.614580 0.137141
vt 0.610698 0.137141
vt 0.608899 0.118002
vt 0.609795 0.118002
vt 0.609795 0.137141
vt 0.608899 0.137141
vt 0.605011 0.118002
vt 0.605011 0.137141
vt 0.607493 0.123766
vt 0.613717 0.123766
vt 0.613717 0.154447
vt 0.607493 0.154447
vt 0.604609 0.123766
vt 0.606046 0.123766
vt 0.606046 0.154447
vt 0.604609 0.154447
vt 0.598376 0.123766
vt 0.598376 0.154447
vt 0.546875 0.000000
vt 0.578125 0.000000
vt 0.578125 0.062500
vt 0.578125 0.125000
vt 0.506125 0.183814
vt 0.501205 0.184374
vt 0.501160 0.158231
vt 0.506190 0.158266
vt 0.606990 0.208287
vt 0.606993 0.200631
vt 0.609403 0.199725
vt 0.610136 0.206282
vt 0.574084 0.180188
vt 0.563698 0.179452
vt 0.563851 0.170739
vt 0.574389 0.171496
vt 0.613126 0.195580
vt 0.616015 0.199394
vt 0.564018 0.156881
vt 0.574619 0.157660
vt 0.501132 0.142520
vt 0.506225 0.141966
vt 0.574832 0.126043
vt 0.564305 0.125229
vt 0.564391 0.096060
vt 0.574444 0.096872
vt 0.501108 0.128761
vt 0.506257 0.128145
vt 0.501079 0.112393
vt 0.506309 0.112369
vt 0.616875 0.185789
vt 0.619454 0.187905
vt 0.573791 0.072343
vt 0.564364 0.071554
vt 0.564305 0.056538
vt 0.573249 0.057302
vt 0.618612 0.173648
vt 0.621418 0.174009
vt 0.501038 0.088822
vt 0.506341 0.088370
vt 0.506370 0.073505
vt 0.501012 0.073755
vt 0.500991 0.056642
vt 0.506392 0.055951
vt 0.619165 0.163548
vt 0.622219 0.162865
vt 0.619670 0.155419
vt 0.622685 0.154173
vt 0.564254 0.046348
vt 0.572848 0.047093
vt 0.620007 0.136691
vt 0.623018 0.135481
vt 0.564128 0.028961
vt 0.572031 0.029662
vt 0.500947 0.036966
vt 0.506442 0.037290
vt 0.578125 0.187500
vt 0.619856 0.111057
vt 0.623826 0.111978
vt 0.562468 0.010583
vt 0.572743 0.011516
vt 0.500896 0.007454
vt 0.506509 0.007041
vt 0.604254 0.200714
vt 0.606978 0.200631
vt 0.606974 0.208288
vt 0.604249 0.208382
vt 0.601083 0.206587
vt 0.601831 0.199950
vt 0.595106 0.200013
vt 0.598061 0.195991
vt 0.553704 0.143535
vt 0.553484 0.138445
vt 0.561350 0.138553
vt 0.561308 0.143630
vt 0.502131 0.192930
vt 0.502210 0.176658
vt 0.508634 0.177618
vt 0.508493 0.193599
vt 0.553123 0.123113
vt 0.553120 0.102160
vt 0.561517 0.102341
vt 0.561443 0.123254
vt 0.502272 0.159306
vt 0.508728 0.160278
vt 0.502387 0.142972
vt 0.508945 0.142843
vt 0.591579 0.188542
vt 0.594239 0.186276
vt 0.553335 0.079814
vt 0.553573 0.063849
vt 0.561605 0.064090
vt 0.561574 0.080033
vt 0.589561 0.174472
vt 0.592465 0.174021
vt 0.502492 0.122902
vt 0.509121 0.122536
vt 0.502593 0.103701
vt 0.502674 0.080825
vt 0.509453 0.080206
vt 0.509307 0.104145
vt 0.588741 0.163128
vt 0.591906 0.163773
vt 0.588265 0.154264
vt 0.591394 0.155515
vt 0.553764 0.052225
vt 0.561626 0.052481
vt 0.587941 0.135180
vt 0.591067 0.136464
vt 0.554203 0.030209
vt 0.561657 0.030488
vt 0.502859 0.049772
vt 0.509765 0.049623
vt 0.586818 0.111139
vt 0.590948 0.110387
vt 0.553167 0.005824
vt 0.563189 0.006252
vt 0.503122 0.002893
vt 0.510182 0.002413
vt 0.615916 0.156683
vt 0.615461 0.213464
vt 0.609857 0.213768
vt 0.611193 0.156647
vt 0.565446 0.062500
vt 0.565446 0.125000
vt 0.527789 0.089854
vt 0.527829 0.140944
vt 0.520354 0.140984
vt 0.521152 0.089858
vt 0.541387 0.077104
vt 0.541469 0.116131
vt 0.535641 0.114814
vt 0.536030 0.076615
vt 0.609375 0.125000
vt 0.609375 0.187500
vt 0.541469 0.056472
vt 0.541428 0.066793
vt 0.536051 0.066494
vt 0.536072 0.056364
vt 0.527918 0.064116
vt 0.527854 0.076884
vt 0.521248 0.076879
vt 0.521343 0.064104
vt 0.559573 0.062500
vt 0.562500 0.062500
vt 0.562500 0.125000
vt 0.559573 0.125000
vt 0.616246 0.130130
vt 0.616084 0.143139
vt 0.611443 0.143035
vt 0.611683 0.129963
vt 0.617507 0.077163
vt 0.611981 0.076641
vt 0.529001 0.008846
vt 0.520615 0.008786
vt 0.542357 0.010075
vt 0.535255 0.011068
vt 0.609237 0.138828
vt 0.622344 0.138432
vt 0.622360 0.145473
vt 0.609228 0.145169
vt 0.503560 0.075566
vt 0.503120 0.022026
vt 0.510369 0.022672
vt 0.509929 0.076212
vt 0.509733 0.105995
vt 0.509759 0.153894
vt 0.501985 0.153748
vt 0.502677 0.105862
vt 0.558862 0.097656
vt 0.559213 0.140444
vt 0.552905 0.140444
vt 0.553257 0.097656
vt 0.558862 0.075409
vt 0.558862 0.086496
vt 0.553257 0.086496
vt 0.553257 0.075409
vt 0.509906 0.081094
vt 0.509820 0.093505
vt 0.502764 0.093371
vt 0.502850 0.080961
vt 0.503560 0.103403
vt 0.503560 0.089529
vt 0.509929 0.090175
vt 0.509929 0.104049
vt 0.602482 0.138853
vt 0.605844 0.138841
vt 0.605829 0.145173
vt 0.602462 0.145176
vt 0.587691 0.137937
vt 0.587631 0.146085
vt 0.502320 0.164079
vt 0.509877 0.163433
vt 0.511297 0.026837
vt 0.502214 0.026666
vt 0.559853 0.026917
vt 0.552266 0.026917
vt 0.527170 0.143396
vt 0.529806 0.232884
vt 0.504355 0.232884
vt 0.506991 0.143396
vt 0.601093 0.105218
vt 0.601694 0.140385
vt 0.596212 0.140711
vt 0.596915 0.105407
vt 0.553038 0.104587
vt 0.551747 0.014891
vt 0.561097 0.017140
vt 0.560421 0.105681
vt 0.563914 0.103316
vt 0.563411 0.012785
vt 0.572658 0.013227
vt 0.571246 0.103666
vt 0.540915 0.065274
vt 0.540915 0.079147
vt 0.540428 0.079147
vt 0.540428 0.065274
vt 0.551740 0.012728
vt 0.561090 0.014998
vt 0.563646 0.145232
vt 0.563890 0.124347
vt 0.571060 0.124690
vt 0.571093 0.145588
vt 0.553115 0.146008
vt 0.553190 0.125338
vt 0.560408 0.126253
vt 0.560616 0.146798
vt 0.601052 0.089766
vt 0.601023 0.097431
vt 0.596963 0.097602
vt 0.596846 0.089930
vt 0.527330 0.101938
vt 0.526948 0.122600
vt 0.507213 0.122600
vt 0.506831 0.101938
vt 0.529502 0.012315
vt 0.504659 0.012315
vt 0.601262 0.056810
vt 0.596199 0.056941
vt 0.552594 0.236179
vt 0.561713 0.236290
vt 0.562402 0.235815
vt 0.571428 0.236247
vt 0.562392 0.237772
vt 0.571418 0.238204
vt 0.572859 0.245554
vt 0.560878 0.244981
vt 0.596198 0.056245
vt 0.601259 0.056116
vt 0.504659 0.010379
vt 0.529502 0.010379
vt 0.561720 0.238215
vt 0.552601 0.238122
vt 0.586700 0.000336
vt 0.603837 0.000336
vt 0.603837 0.025599
vt 0.586700 0.024627
vt 0.595038 0.052557
vt 0.601926 0.052391
vt 0.563255 0.246609
vt 0.551076 0.246592
vt 0.500592 0.003180
vt 0.533569 0.003180
vt 0.550865 0.003811
vt 0.561884 0.006585
vt 0.529806 0.235040
vt 0.504355 0.235040
vt 0.545703 0.047270
vt 0.545703 0.033057
vt 0.546246 0.033057
vt 0.546246 0.047270
vt 0.601698 0.141248
vt 0.596213 0.141576
vt 0.532027 0.243589
vt 0.502134 0.243589
vt 0.572669 0.011047
vt 0.563422 0.010605
vt 0.562658 0.001923
vt 0.573519 0.002442
vt 0.602110 0.145410
vt 0.595554 0.145813
vt 0.555382 0.258480
vt 0.556164 0.328613
vt 0.510962 0.329577
vt 0.513343 0.255810
vt 0.546875 0.312500
vt 0.578125 0.312500
vt 0.578125 0.375000
vt 0.546875 0.375000
vt 0.554503 0.256149
vt 0.554462 0.332119
vt 0.509948 0.332732
vt 0.510867 0.256293
vt 0.546875 0.437500
vt 0.578125 0.437500
vt 0.578125 0.250000
vt 0.546875 0.250000
vt 0.515625 0.375000
vt 0.515625 0.437500
vt 0.553074 0.363974
vt 0.513616 0.366495
vt 0.552130 0.368570
vt 0.512644 0.368739
vt 0.609375 0.375000
vt 0.609375 0.437500
vt 0.540736 0.395014
vt 0.522818 0.395127
vt 0.540087 0.396755
vt 0.526771 0.398111
vt 0.577361 0.137204
vt 0.578306 0.234954
vt 0.572124 0.234714
vt 0.572780 0.137035
vt 0.608197 0.169836
vt 0.616462 0.169836
vt 0.616462 0.210579
vt 0.608197 0.210579
vt 0.523114 0.100684
vt 0.521659 0.015217
vt 0.528485 0.013903
vt 0.528557 0.100626
vt 0.553854 0.102118
vt 0.553210 0.012396
vt 0.561332 0.011215
vt 0.560280 0.102325
vt 0.553053 0.234516
vt 0.561053 0.236872
vt 0.561052 0.238873
vt 0.553051 0.236485
vt 0.521642 0.013173
vt 0.528466 0.011830
vt 0.553765 0.143702
vt 0.553894 0.122959
vt 0.560181 0.123421
vt 0.560307 0.144451
vt 0.523409 0.140799
vt 0.523346 0.120724
vt 0.528680 0.120894
vt 0.528969 0.141212
vt 0.604369 0.169836
vt 0.606277 0.169836
vt 0.606277 0.210579
vt 0.604369 0.210579
vt 0.577294 0.095894
vt 0.577253 0.116248
vt 0.572835 0.116087
vt 0.572758 0.095730
vt 0.577576 0.012662
vt 0.572337 0.012481
vt 0.596091 0.169836
vt 0.596091 0.210579
vt 0.523539 0.229410
vt 0.530390 0.231206
vt 0.562604 0.247930
vt 0.551630 0.247518
vt 0.572338 0.010788
vt 0.577571 0.010968
vt 0.530408 0.233161
vt 0.523555 0.231337
vt 0.585866 0.249853
vt 0.604222 0.249853
vt 0.604222 0.024600
vt 0.585866 0.024600
vt 0.531646 0.242419
vt 0.522455 0.239802
vt 0.571493 0.002772
vt 0.578490 0.003012
vt 0.520952 0.004903
vt 0.528998 0.003175
vt 0.578313 0.237460
vt 0.572122 0.237219
vt 0.553212 0.010247
vt 0.561333 0.009031
vt 0.585545 0.000347
vt 0.605036 0.000347
vt 0.605036 0.024072
vt 0.585545 0.024072
vt 0.578944 0.248188
vt 0.571576 0.247899
vt 0.552594 0.001266
vt 0.562179 0.249658
vt 0.522640 0.141240
vt 0.527452 0.141382
vt 0.528408 0.226431
vt 0.522140 0.226333
vt 0.552554 0.149655
vt 0.558209 0.149648
vt 0.558977 0.238635
vt 0.551843 0.238515
vt 0.503071 0.147219
vt 0.510044 0.147086
vt 0.510688 0.234432
vt 0.501963 0.234311
vt 0.502664 0.015723
vt 0.502670 0.013739
vt 0.511475 0.013127
vt 0.511467 0.015118
vt 0.558978 0.240764
vt 0.551845 0.240641
vt 0.503135 0.106335
vt 0.510266 0.106089
vt 0.510041 0.126591
vt 0.503202 0.126774
vt 0.552472 0.108415
vt 0.558234 0.108360
vt 0.558138 0.128971
vt 0.552603 0.129001
vt 0.522557 0.103154
vt 0.527383 0.103326
vt 0.527339 0.122263
vt 0.522665 0.122111
vt 0.521991 0.023234
vt 0.527697 0.023511
vt 0.551742 0.017970
vt 0.558799 0.017772
vt 0.501307 0.005452
vt 0.513108 0.004595
vt 0.521989 0.021571
vt 0.527691 0.021850
vt 0.551741 0.016007
vt 0.558799 0.015807
vt 0.550490 0.007616
vt 0.559948 0.007331
vt 0.521103 0.013564
vt 0.528694 0.013944
vt 0.559600 0.249780
vt 0.551186 0.249618
vt 0.528414 0.228560
vt 0.522143 0.228464
vt 0.510679 0.236505
vt 0.501958 0.236377
vt 0.587029 0.000842
vt 0.587029 0.023980
vt 0.604737 0.023980
vt 0.604737 0.000842
vt 0.529044 0.236659
vt 0.521635 0.236555
vt 0.511482 0.245261
vt 0.501206 0.245077
vt 0.519766 0.106026
vt 0.516098 0.016012
vt 0.548246 0.019025
vt 0.545203 0.106175
vt 0.605761 0.119880
vt 0.618439 0.119880
vt 0.618439 0.182380
vt 0.605761 0.182380
vt 0.557415 0.102120
vt 0.556460 0.012682
vt 0.569601 0.019215
vt 0.567910 0.103413
vt 0.553480 0.103558
vt 0.552704 0.013406
vt 0.557514 0.013509
vt 0.557221 0.103476
vt 0.552910 0.235241
vt 0.557616 0.234840
vt 0.557617 0.236790
vt 0.552911 0.237195
vt 0.556472 0.010553
vt 0.569609 0.017202
vt 0.553460 0.144461
vt 0.553551 0.124035
vt 0.557205 0.123919
vt 0.557268 0.144302
vt 0.557098 0.143634
vt 0.557423 0.122895
vt 0.567710 0.123264
vt 0.567816 0.143085
vt 0.599887 0.119880
vt 0.602814 0.119880
vt 0.602814 0.182380
vt 0.599887 0.182380
vt 0.519624 0.147476
vt 0.520096 0.126804
vt 0.544980 0.126442
vt 0.545508 0.146575
vt 0.516855 0.238285
vt 0.548458 0.234384
vt 0.587189 0.119880
vt 0.587189 0.182380
vt 0.555367 0.235560
vt 0.568545 0.229841
vt 0.558195 0.248293
vt 0.551734 0.248885
vt 0.548463 0.236289
vt 0.516858 0.240252
vt 0.568537 0.231732
vt 0.555355 0.237562
vt 0.585866 0.000842
vt 0.604457 0.000842
vt 0.604457 0.024881
vt 0.585866 0.024881
vt 0.570085 0.246881
vt 0.552957 0.246865
vt 0.553595 0.243447
vt 0.511289 0.249086
vt 0.555284 0.001114
vt 0.570748 0.009510
vt 0.516094 0.013857
vt 0.548240 0.016937
vt 0.552703 0.011245
vt 0.557513 0.011352
vt 0.585297 0.000347
vt 0.604509 0.000347
vt 0.604509 0.027422
vt 0.585297 0.027422
vt 0.513071 0.004388
vt 0.550982 0.008359
vt 0.552061 0.000574
vt 0.557813 0.000732
vt 0.579759 0.335115
vt 0.596475 0.335115
vt 0.596475 0.341172
vt 0.579759 0.341172
vt 0.579759 0.368217
vt 0.596475 0.368217
vt 0.596475 0.374605
vt 0.579759 0.374605
vt 0.579759 0.402019
vt 0.596475 0.402019
vt 0.596475 0.408038
vt 0.579759 0.408038
vt 0.579759 0.434949
vt 0.596475 0.434949
vt 0.596475 0.441471
vt 0.579759 0.441471
vt 0.596475 0.347694
vt 0.514093 0.389218
vt 0.516456 0.388835
vt 0.516523 0.390825
vt 0.514154 0.391192
vt 0.596475 0.380662
vt 0.596475 0.313758
vt 0.596475 0.307739
vt 0.596475 0.414425
vt 0.535587 0.360805
vt 0.534497 0.360840
vt 0.534616 0.359087
vt 0.535565 0.358819
vt 0.506559 0.395022
vt 0.504621 0.395301
vt 0.504660 0.397001
vt 0.506602 0.396734
vt 0.504062 0.391796
vt 0.503914 0.390868
vt 0.503958 0.392768
vt 0.504105 0.393654
vt 0.515897 0.392833
vt 0.515776 0.393693
vt 0.515834 0.395465
vt 0.515956 0.394645
vt 0.516313 0.389856
vt 0.516378 0.391801
vt 0.504495 0.394513
vt 0.504535 0.396249
vt 0.539847 0.360746
vt 0.539863 0.358721
vt 0.503048 0.379857
vt 0.509477 0.379857
vt 0.509477 0.390746
vt 0.503048 0.390746
vt 0.579759 0.347694
vt 0.503048 0.344452
vt 0.503048 0.355341
vt 0.521040 0.386859
vt 0.523578 0.386859
vt 0.523578 0.392141
vt 0.521040 0.392141
vt 0.513683 0.393995
vt 0.513737 0.395754
vt 0.534773 0.377528
vt 0.532940 0.375669
vt 0.534464 0.371883
vt 0.535615 0.372445
vt 0.506084 0.390516
vt 0.506131 0.392432
vt 0.503048 0.361944
vt 0.509477 0.361944
vt 0.509477 0.373275
vt 0.503048 0.373275
vt 0.579759 0.307739
vt 0.579759 0.313758
vt 0.579759 0.380662
vt 0.540989 0.369571
vt 0.539926 0.369600
vt 0.540926 0.360697
vt 0.503048 0.326447
vt 0.509477 0.326447
vt 0.509477 0.337778
vt 0.503048 0.337778
vt 0.542545 0.354758
vt 0.543836 0.358246
vt 0.541284 0.360616
vt 0.541022 0.358543
vt 0.579759 0.414425
vt 0.539945 0.371599
vt 0.535648 0.371712
vt 0.535666 0.369668
vt 0.509477 0.344452
vt 0.509477 0.355341
vt 0.534387 0.352862
vt 0.540755 0.352922
vt 0.539897 0.357988
vt 0.535528 0.358093
vt 0.531601 0.359013
vt 0.532468 0.355624
vt 0.534383 0.358615
vt 0.534127 0.360775
vt 0.534696 0.371415
vt 0.534558 0.369715
vt 0.531644 0.372155
vt 0.534200 0.369796
vt 0.540870 0.371337
vt 0.543886 0.371391
vt 0.543015 0.374804
vt 0.541103 0.371807
vt 0.541359 0.369635
vt 0.540790 0.359010
vt 0.541141 0.377528
vt 0.539983 0.372325
vt 0.576565 0.402019
vt 0.576565 0.408038
vt 0.563042 0.402019
vt 0.566303 0.402019
vt 0.566303 0.408038
vt 0.563042 0.408038
vt 0.563042 0.380662
vt 0.566303 0.380662
vt 0.576565 0.380662
vt 0.576565 0.374605
vt 0.563042 0.374605
vt 0.566303 0.374605
vt 0.618111 0.405161
vt 0.617691 0.432579
vt 0.603982 0.431738
vt 0.604402 0.404321
vt 0.590273 0.430898
vt 0.590693 0.403480
vt 0.576565 0.430057
vt 0.576985 0.402640
vt 0.531153 0.367429
vt 0.527010 0.368887
vt 0.527609 0.362709
vt 0.531153 0.361462
vt 0.542236 0.356619
vt 0.545175 0.354369
vt 0.545175 0.355564
vt 0.542236 0.357815
vt 0.537291 0.361462
vt 0.541497 0.361462
vt 0.541497 0.369875
vt 0.537291 0.369875
vt 0.577405 0.375223
vt 0.530019 0.361462
vt 0.531145 0.355585
vt 0.531743 0.355585
vt 0.530617 0.361462
vt 0.541193 0.375751
vt 0.537595 0.375751
vt 0.532118 0.367338
vt 0.532118 0.375751
vt 0.531153 0.375751
vt 0.531153 0.367338
vt 0.576144 0.457475
vt 0.562856 0.429217
vt 0.563276 0.401800
vt 0.532340 0.355585
vt 0.532340 0.347172
vt 0.536547 0.347172
vt 0.536547 0.355585
vt 0.605663 0.322069
vt 0.591954 0.321228
vt 0.591534 0.348646
vt 0.605243 0.349486
vt 0.578245 0.320388
vt 0.578666 0.292971
vt 0.537064 0.361462
vt 0.533466 0.361462
vt 0.592374 0.293811
vt 0.536325 0.367338
vt 0.536325 0.375751
vt 0.532423 0.361462
vt 0.536021 0.361462
vt 0.577825 0.347805
vt 0.618951 0.350327
vt 0.619371 0.322909
vt 0.564537 0.319547
vt 0.564117 0.346965
vt 0.542236 0.348206
vt 0.545175 0.347172
vt 0.531145 0.347172
vt 0.526938 0.355585
vt 0.526938 0.347172
vt 0.526421 0.361462
vt 0.531457 0.361462
vt 0.536629 0.375751
vt 0.536325 0.369875
vt 0.532868 0.361462
vt 0.545704 0.361462
vt 0.545704 0.369875
vt 0.545400 0.375751
vt 0.541801 0.375751
vt 0.541271 0.353049
vt 0.540966 0.347172
vt 0.541932 0.347172
vt 0.542236 0.353049
vt 0.537064 0.353049
vt 0.537368 0.347172
vt 0.546669 0.369875
vt 0.546365 0.375751
vt 0.541271 0.361462
vt 0.542236 0.361462
vt 0.527739 0.377172
vt 0.527150 0.377380
vt 0.526421 0.369094
vt 0.531743 0.347172
vt 0.527020 0.362916
vt 0.566152 0.395806
vt 0.566152 0.360283
vt 0.583913 0.360283
vt 0.583913 0.395806
vt 0.604279 0.400176
vt 0.586098 0.400176
vt 0.595041 0.390782
vt 0.597194 0.385824
vt 0.594551 0.371153
vt 0.590456 0.363770
vt 0.587539 0.358510
vt 0.586098 0.355913
vt 0.604279 0.355913
vt 0.599317 0.362322
vt 0.597880 0.368792
vt 0.599570 0.373204
vt 0.600424 0.384930
vt 0.602672 0.390672
vt 0.622460 0.400176
vt 0.619771 0.400176
vt 0.615069 0.393546
vt 0.617891 0.393349
vt 0.618045 0.388673
vt 0.619479 0.384725
vt 0.619329 0.370949
vt 0.622460 0.355913
vt 0.563967 0.440908
vt 0.563967 0.404546
vt 0.566541 0.412191
vt 0.567035 0.417564
vt 0.572577 0.415765
vt 0.573465 0.422211
vt 0.568636 0.419258
vt 0.566536 0.427309
vt 0.563967 0.355913
vt 0.563967 0.400176
vt 0.586098 0.404546
vt 0.604279 0.444440
vt 0.586098 0.444440
vt 0.604279 0.400176
vt 0.565732 0.485171
vt 0.584333 0.485171
vt 0.586098 0.488703
vt 0.563967 0.488703
vt 0.565732 0.447971
vt 0.563967 0.444440
vt 0.584333 0.447971
vt 0.586098 0.440908
vt 0.586098 0.444440
vt 0.583392 0.412425
vt 0.582398 0.408079
vt 0.579812 0.409029
vt 0.577126 0.410017
vt 0.576918 0.409930
vt 0.569537 0.429877
vt 0.578724 0.415498
vt 0.581320 0.413789
vt 0.586098 0.435531
vt 0.579599 0.427533
vt 0.573126 0.429962
vt 0.570750 0.410626
vt 0.580258 0.438517
vt 0.574560 0.437427
vt 0.575117 0.431794
vt 0.611265 0.365931
vt 0.607318 0.367067
vt 0.605330 0.370350
vt 0.605387 0.387904
vt 0.607783 0.391539
vt 0.607097 0.380782
vt 0.609769 0.375162
vt 0.611219 0.383070
vt 0.616406 0.371973
vt 0.616339 0.386181
vt 0.613561 0.375333
vt 0.613874 0.366445
vt 0.588068 0.368471
vt 0.587417 0.378169
vt 0.589241 0.381364
vt 0.592779 0.380968
vt 0.602745 0.365308
vt 0.522444 0.365513
vt 0.522534 0.367815
vt 0.522336 0.368583
vt 0.522215 0.366011
vt 0.521021 0.375698
vt 0.521210 0.371434
vt 0.521643 0.372998
vt 0.521291 0.377058
vt 0.521399 0.366862
vt 0.521403 0.366918
vt 0.521563 0.369584
vt 0.521066 0.370537
vt 0.521022 0.367691
vt 0.521613 0.377103
vt 0.522193 0.375817
vt 0.522776 0.380052
vt 0.522252 0.381634
vt 0.521741 0.381057
vt 0.521791 0.378073
vt 0.581189 0.413876
vt 0.579839 0.409020
vt 0.570788 0.410732
vt 0.523376 0.351154
vt 0.523386 0.350829
vt 0.523535 0.345955
vt 0.523772 0.353725
vt 0.523579 0.356352
vt 0.523167 0.342045
vt 0.523058 0.351363
vt 0.522895 0.349671
vt 0.522953 0.344535
vt 0.522906 0.339259
vt 0.524264 0.356293
vt 0.524062 0.353252
vt 0.523985 0.347041
vt 0.523834 0.344705
vt 0.523962 0.341278
vt 0.524270 0.342860
vt 0.592890 0.380355
vt 0.524900 0.348079
vt 0.525034 0.343190
vt 0.525268 0.343461
vt 0.525240 0.348169
vt 0.525030 0.352267
vt 0.524722 0.356753
vt 0.524507 0.354827
vt 0.524502 0.345530
vt 0.524680 0.343791
vt 0.524660 0.351055
vt 0.525490 0.353915
vt 0.525496 0.346390
vt 0.525758 0.345847
vt 0.525771 0.353144
vt 0.525643 0.355235
vt 0.525629 0.357711
vt 0.525376 0.357816
vt 0.522115 0.369443
vt 0.521971 0.366539
vt 0.542953 0.992394
vt 0.566500 0.992432
vt 0.566817 0.974759
vt 0.543271 0.974722
vt 0.611278 0.951121
vt 0.616696 0.949660
vt 0.616520 0.857050
vt 0.611101 0.858510
vt 0.567494 0.965126
vt 0.543241 0.965592
vt 0.542383 0.758287
vt 0.567599 0.756861
vt 0.542755 0.993635
vt 0.566584 0.994104
vt 0.567078 0.973539
vt 0.543249 0.973070
vt 0.587486 0.758442
vt 0.610405 0.758442
vt 0.610405 0.967125
vt 0.587486 0.967125
vt 0.611146 0.773329
vt 0.611146 0.835829
vt 0.616602 0.835829
vt 0.616602 0.773329
vt 0.504590 0.145280
vt 0.517332 0.145233
vt 0.519251 0.235344
vt 0.503181 0.235403
vt 0.548161 0.145233
vt 0.559763 0.145233
vt 0.561278 0.235344
vt 0.546646 0.235344
vt 0.539523 0.104767
vt 0.526781 0.104720
vt 0.525372 0.014597
vt 0.541443 0.014656
vt 0.580303 0.104720
vt 0.568701 0.104720
vt 0.567185 0.014597
vt 0.581818 0.014597
vt 0.581644 0.236715
vt 0.581644 0.238664
vt 0.567360 0.238664
vt 0.567360 0.236715
vt 0.525378 0.012426
vt 0.541448 0.012485
vt 0.580395 0.146468
vt 0.568609 0.146468
vt 0.568829 0.125663
vt 0.580175 0.125663
vt 0.539505 0.146516
vt 0.526563 0.146468
vt 0.526862 0.125663
vt 0.539323 0.125708
vt 0.548069 0.103484
vt 0.559855 0.103484
vt 0.559635 0.124292
vt 0.548289 0.124292
vt 0.504371 0.103532
vt 0.517314 0.103484
vt 0.517132 0.124292
vt 0.504671 0.124338
vt 0.502744 0.013285
vt 0.518430 0.013227
vt 0.546821 0.013227
vt 0.561104 0.013227
vt 0.540621 0.236773
vt 0.524935 0.236715
vt 0.583982 0.245905
vt 0.565022 0.245905
vt 0.546821 0.011278
vt 0.561104 0.011278
vt 0.502739 0.011335
vt 0.518425 0.011278
vt 0.540616 0.238722
vt 0.524930 0.238664
vt 0.543163 0.245981
vt 0.543153 0.249502
vt 0.522331 0.249426
vt 0.522341 0.245905
vt 0.544482 0.004019
vt 0.563442 0.004019
vt 0.500150 0.004095
vt 0.520972 0.004019
vt 0.524001 0.003813
vt 0.542875 0.003882
vt 0.519257 0.237515
vt 0.503187 0.237574
vt 0.567185 0.012426
vt 0.581818 0.012426
vt 0.561278 0.237515
vt 0.546646 0.237515
vt 0.524010 0.000498
vt 0.542885 0.000568
vt 0.520684 0.246118
vt 0.501809 0.246187
vt 0.565908 0.003813
vt 0.583095 0.003813
vt 0.562555 0.246118
vt 0.545369 0.246118
vt 0.623289 0.000498
vt 0.623289 0.022012
vt 0.606102 0.022012
vt 0.606102 0.000498
vt 0.520694 0.249433
vt 0.501819 0.249502
vt 0.565908 0.000498
vt 0.583095 0.000498
vt 0.562555 0.249433
vt 0.545369 0.249433
vt 0.604521 0.000498
vt 0.604521 0.024231
vt 0.585562 0.024231
vt 0.585562 0.000498
vt 0.500140 0.000574
vt 0.520962 0.000498
vt 0.583982 0.249426
vt 0.565022 0.249426
vt 0.544482 0.000498
vt 0.563442 0.000498
vt 0.541190 0.154618
vt 0.541645 0.247925
vt 0.531796 0.247925
vt 0.532251 0.154618
vt 0.540553 0.153602
vt 0.540979 0.245427
vt 0.531769 0.245427
vt 0.532194 0.153602
vt 0.512698 0.149346
vt 0.513663 0.247798
vt 0.500911 0.247830
vt 0.501640 0.149336
vt 0.530048 0.154800
vt 0.530532 0.247007
vt 0.520062 0.247007
vt 0.520545 0.154800
vt 0.606742 0.000396
vt 0.623334 0.000396
vt 0.623334 0.024534
vt 0.606742 0.024534
vt 0.585913 0.000785
vt 0.603710 0.000785
vt 0.603710 0.024348
vt 0.585913 0.024348
vt 0.530048 0.106859
vt 0.530048 0.130752
vt 0.520545 0.130752
vt 0.520545 0.106859
vt 0.512528 0.101442
vt 0.512612 0.125059
vt 0.501673 0.125039
vt 0.501706 0.101413
vt 0.540553 0.105859
vt 0.540553 0.129653
vt 0.532194 0.129653
vt 0.532194 0.105859
vt 0.541190 0.106105
vt 0.541190 0.130283
vt 0.532251 0.130283
vt 0.532251 0.106105
vt 0.542473 0.000361
vt 0.530966 0.000361
vt 0.541754 0.001793
vt 0.530993 0.001793
vt 0.513742 0.002519
vt 0.500330 0.002437
vt 0.531413 0.002361
vt 0.519180 0.002361
vt 0.574383 0.141415
vt 0.574383 0.145254
vt 0.571752 0.145254
vt 0.571752 0.141415
vt 0.530594 0.221222
vt 0.520198 0.221218
vt 0.520203 0.198445
vt 0.530624 0.199150
vt 0.562815 0.218035
vt 0.571660 0.218260
vt 0.571786 0.238388
vt 0.562753 0.238116
vt 0.561014 0.131458
vt 0.550355 0.131461
vt 0.550352 0.109645
vt 0.561011 0.109641
vt 0.520210 0.170931
vt 0.530682 0.171551
vt 0.531945 0.049431
vt 0.543104 0.049438
vt 0.543102 0.071407
vt 0.531942 0.071399
vt 0.550348 0.101069
vt 0.561007 0.101066
vt 0.520638 0.020560
vt 0.532057 0.021167
vt 0.532051 0.035249
vt 0.520707 0.041217
vt 0.561000 0.094451
vt 0.550341 0.094455
vt 0.550337 0.074978
vt 0.560996 0.074974
vt 0.532039 0.063583
vt 0.520803 0.069643
vt 0.543096 0.119897
vt 0.531936 0.119889
vt 0.531932 0.149924
vt 0.543092 0.149931
vt 0.543087 0.188429
vt 0.531927 0.188421
vt 0.532025 0.094583
vt 0.520882 0.093223
vt 0.520215 0.145941
vt 0.530740 0.145414
vt 0.560991 0.054986
vt 0.550332 0.054990
vt 0.550329 0.042628
vt 0.560988 0.042625
vt 0.520225 0.106327
vt 0.530812 0.104834
vt 0.532008 0.135400
vt 0.521016 0.133059
vt 0.521132 0.167349
vt 0.531992 0.171927
vt 0.531981 0.196810
vt 0.521227 0.195589
vt 0.543084 0.211393
vt 0.531924 0.211385
vt 0.520232 0.074262
vt 0.530873 0.074674
vt 0.531923 0.225027
vt 0.543083 0.225035
vt 0.543080 0.247776
vt 0.531920 0.247769
vt 0.520237 0.052422
vt 0.530914 0.051499
vt 0.550327 0.035579
vt 0.560986 0.035575
vt 0.605923 0.000725
vt 0.623478 0.000725
vt 0.623478 0.023108
vt 0.605923 0.023108
vt 0.520248 0.004522
vt 0.531000 0.001381
vt 0.550325 0.001406
vt 0.560984 0.001402
vt 0.531959 0.249289
vt 0.521406 0.248954
vt 0.539924 0.200122
vt 0.539927 0.218270
vt 0.532176 0.217673
vt 0.532127 0.199970
vt 0.510080 0.001556
vt 0.510089 0.015677
vt 0.502418 0.015548
vt 0.502400 0.001393
vt 0.532050 0.172372
vt 0.539913 0.172751
vt 0.562758 0.236699
vt 0.562820 0.216676
vt 0.571652 0.216897
vt 0.571777 0.236967
vt 0.561011 0.118351
vt 0.561014 0.140941
vt 0.550355 0.140945
vt 0.550352 0.118355
vt 0.531976 0.145336
vt 0.539905 0.145763
vt 0.562815 0.201182
vt 0.571633 0.201372
vt 0.561018 0.148743
vt 0.550359 0.148746
vt 0.510107 0.040344
vt 0.502449 0.040392
vt 0.561025 0.158891
vt 0.561030 0.178368
vt 0.550371 0.178372
vt 0.550366 0.158895
vt 0.510128 0.072119
vt 0.502489 0.072409
vt 0.562801 0.167107
vt 0.571597 0.167227
vt 0.562680 0.143945
vt 0.562390 0.108901
vt 0.572106 0.108904
vt 0.571737 0.144020
vt 0.510148 0.101803
vt 0.502526 0.101703
vt 0.531904 0.119526
vt 0.539898 0.120113
vt 0.561034 0.198356
vt 0.561037 0.210718
vt 0.550378 0.210722
vt 0.550375 0.198360
vt 0.531815 0.087290
vt 0.539887 0.087972
vt 0.510175 0.143576
vt 0.502578 0.143752
vt 0.510194 0.172230
vt 0.510220 0.204734
vt 0.502656 0.205279
vt 0.502614 0.172301
vt 0.562036 0.080487
vt 0.572584 0.080421
vt 0.531739 0.060054
vt 0.539878 0.060274
vt 0.561732 0.059091
vt 0.560767 0.002747
vt 0.574332 0.002420
vt 0.572997 0.058965
vt 0.531689 0.041926
vt 0.539872 0.042544
vt 0.561039 0.217768
vt 0.550380 0.217771
vt 0.586450 0.001562
vt 0.586450 0.023754
vt 0.604341 0.023754
vt 0.604341 0.001562
vt 0.531584 0.004178
vt 0.539856 0.004418
vt 0.561042 0.248406
vt 0.550383 0.248410
vt 0.510250 0.247934
vt 0.502710 0.248479
vt 0.578897 0.148602
vt 0.579336 0.249302
vt 0.569842 0.249302
vt 0.570281 0.148602
vt 0.510867 0.148214
vt 0.511301 0.248020
vt 0.501892 0.248020
vt 0.502326 0.148214
vt 0.563498 0.147027
vt 0.564282 0.249177
vt 0.549663 0.249293
vt 0.550443 0.147009
vt 0.530168 0.148131
vt 0.530596 0.246324
vt 0.521338 0.246324
vt 0.521766 0.148131
vt 0.606694 0.000352
vt 0.623994 0.000352
vt 0.623994 0.022679
vt 0.606694 0.022679
vt 0.586178 0.249193
vt 0.604097 0.249193
vt 0.604097 0.026754
vt 0.586178 0.026754
vt 0.530168 0.102642
vt 0.530168 0.125313
vt 0.521766 0.125313
vt 0.521766 0.102642
vt 0.563462 0.100744
vt 0.563480 0.123737
vt 0.550467 0.123691
vt 0.550491 0.100672
vt 0.510867 0.101977
vt 0.510867 0.125021
vt 0.502326 0.125021
vt 0.502326 0.101977
vt 0.578897 0.101951
vt 0.578897 0.125201
vt 0.570281 0.125201
vt 0.570281 0.101951
vt 0.580135 0.001100
vt 0.569043 0.001100
vt 0.512094 0.002022
vt 0.501100 0.002022
vt 0.565318 0.001751
vt 0.548748 0.001509
vt 0.531375 0.004302
vt 0.520559 0.004302
vt 0.527060 0.582211
vt 0.527060 0.608194
vt 0.503618 0.608194
vt 0.503618 0.582211
vt 0.622543 0.583374
vt 0.622543 0.609152
vt 0.595828 0.609152
vt 0.595828 0.586767
vt 0.553632 0.725091
vt 0.553632 0.730323
vt 0.550387 0.724558
vt 0.529662 0.721226
vt 0.529662 0.747017
vt 0.502934 0.747017
vt 0.502934 0.721226
vt 0.527837 0.609778
vt 0.527646 0.635539
vt 0.504627 0.635186
vt 0.504817 0.609426
vt 0.527360 0.611482
vt 0.527539 0.637002
vt 0.504500 0.637329
vt 0.504321 0.611810
vt 0.529662 0.667508
vt 0.529662 0.699716
vt 0.502934 0.695435
vt 0.502934 0.669644
vt 0.553632 0.669697
vt 0.553632 0.677966
vt 0.544704 0.681638
vt 0.543725 0.697279
vt 0.530206 0.699748
vt 0.530206 0.667562
vt 0.535796 0.668072
vt 0.535101 0.676747
vt 0.540280 0.678007
vt 0.545282 0.668936
vt 0.622543 0.531818
vt 0.622543 0.557596
vt 0.595828 0.556325
vt 0.595828 0.531818
vt 0.527060 0.530245
vt 0.527060 0.556228
vt 0.503618 0.556228
vt 0.503618 0.530245
vt 0.573946 0.530245
vt 0.573946 0.556228
vt 0.550503 0.556228
vt 0.550503 0.530245
vt 0.600485 0.663765
vt 0.600485 0.699291
vt 0.598001 0.686849
vt 0.597463 0.674146
vt 0.581017 0.668412
vt 0.573438 0.610826
vt 0.573617 0.636345
vt 0.550578 0.636673
vt 0.550399 0.611154
vt 0.573877 0.610484
vt 0.573686 0.636244
vt 0.550666 0.635892
vt 0.550857 0.610131
vt 0.597358 0.687277
vt 0.599215 0.684587
vt 0.573946 0.582211
vt 0.573946 0.608194
vt 0.550503 0.608194
vt 0.550503 0.582211
vt 0.597389 0.582211
vt 0.597389 0.608194
vt 0.597389 0.530245
vt 0.597389 0.556228
vt 0.575633 0.669697
vt 0.577949 0.695470
vt 0.569171 0.695470
vt 0.568012 0.689321
vt 0.564410 0.679442
vt 0.567940 0.678674
vt 0.571233 0.683065
vt 0.574193 0.679121
vt 0.537560 0.611336
vt 0.578665 0.677635
vt 0.577902 0.675965
vt 0.623911 0.724635
vt 0.623911 0.747015
vt 0.600485 0.747015
vt 0.600485 0.731430
vt 0.602629 0.728295
vt 0.601451 0.721383
vt 0.596896 0.610837
vt 0.596706 0.636597
vt 0.596477 0.610498
vt 0.596656 0.636017
vt 0.623911 0.669697
vt 0.623911 0.694200
vt 0.619927 0.695066
vt 0.613465 0.680287
vt 0.606666 0.693898
vt 0.607363 0.697796
vt 0.608493 0.665793
vt 0.610082 0.675069
vt 0.616371 0.672727
vt 0.617116 0.667977
vt 0.600485 0.715698
vt 0.609995 0.712375
vt 0.619164 0.717202
vt 0.621303 0.711347
vt 0.619045 0.706876
vt 0.577356 0.712639
vt 0.567178 0.722866
vt 0.556956 0.724545
vt 0.569546 0.714009
vt 0.570993 0.705070
vt 0.594006 0.712286
vt 0.586231 0.711507
vt 0.582523 0.715175
vt 0.583744 0.721243
vt 0.580016 0.721243
vt 0.596152 0.660806
vt 0.597226 0.657213
vt 0.550503 0.504263
vt 0.527060 0.504263
vt 0.623911 0.643925
vt 0.618283 0.660491
vt 0.614803 0.650842
vt 0.605994 0.651139
vt 0.600485 0.643925
vt 0.577058 0.643925
vt 0.553632 0.663769
vt 0.556260 0.663906
vt 0.558121 0.657710
vt 0.562870 0.653983
vt 0.565003 0.662778
vt 0.570982 0.660758
vt 0.572012 0.650713
vt 0.597389 0.504263
vt 0.573946 0.504263
vt 0.503618 0.504263
vt 0.622543 0.506040
vt 0.595828 0.506040
vt 0.553632 0.643925
vt 0.553632 0.651919
vt 0.551183 0.648760
vt 0.536813 0.655346
vt 0.530206 0.643925
vt 0.529662 0.643853
vt 0.502934 0.643853
vt 0.579397 0.676768
vt 0.581863 0.691003
vt 0.593964 0.693418
vt 0.594685 0.690571
vt 0.581352 0.676311
vt 0.596052 0.665118
vt 0.553632 0.720814
vt 0.534423 0.710087
vt 0.539434 0.708634
vt 0.539435 0.708634
vt 0.534424 0.710087
vt 0.545352 0.708670
vt 0.549121 0.715739
vt 0.545464 0.717567
vt 0.532009 0.721539
vt 0.530206 0.721243
vt 0.585995 0.690109
vt 0.585697 0.692939
vt 0.580735 0.672934
vt 0.597280 0.667113
vt 0.585157 0.728230
vt 0.590076 0.733910
vt 0.598754 0.733937
vt 0.577058 0.747015
vt 0.577058 0.741300
vt 0.579722 0.741901
vt 0.583929 0.737041
vt 0.582619 0.729643
vt 0.599215 0.694629
vt 0.595135 0.693309
vt 0.583466 0.692559
vt 0.599215 0.666361
vt 0.560165 0.730266
vt 0.564004 0.747015
vt 0.553632 0.747015
vt 0.553632 0.741886
vt 0.557685 0.741153
vt 0.558088 0.730258
vt 0.570573 0.739794
vt 0.583466 0.687376
vt 0.590175 0.660853
vt 0.589908 0.667618
vt 0.532771 0.730170
vt 0.534776 0.739015
vt 0.538930 0.742141
vt 0.543886 0.740075
vt 0.530206 0.747015
vt 0.599215 0.656685
vt 0.578034 0.682814
vt 0.579804 0.680278
vt 0.548312 0.663419
vt 0.586345 0.671295
vt 0.587550 0.673115
vt 0.588583 0.658569
vt 0.601306 0.656042
vt 0.602327 0.657213
vt 0.581697 0.681315
vt 0.584744 0.673231
vt 0.585692 0.658819
vt 0.570380 0.673879
vt 0.581655 0.682814
vt 0.565934 0.651485
vt 0.600485 0.721243
vt 0.600485 0.731430
vt 0.598754 0.733937
vt 0.590077 0.733910
vt 0.585158 0.728230
vt 0.583744 0.721243
vt 0.577059 0.721243
vt 0.577059 0.741300
vt 0.570574 0.739794
vt 0.564004 0.747015
vt 0.560166 0.730266
vt 0.567179 0.722866
vt 0.553633 0.695470
vt 0.553633 0.720814
vt 0.549121 0.715739
vt 0.545353 0.708670
vt 0.543725 0.697279
vt 0.593965 0.693418
vt 0.581864 0.691003
vt 0.579398 0.676768
vt 0.581018 0.668412
vt 0.597464 0.674146
vt 0.598002 0.686849
vt 0.553633 0.677966
vt 0.564411 0.679442
vt 0.568013 0.689321
vt 0.569172 0.695470
vt 0.570994 0.705070
vt 0.569547 0.714009
vt 0.556957 0.724545
vt 0.544705 0.681638
vt 0.601452 0.721383
vt 0.602630 0.728295
vt 0.600485 0.715698
vt 0.582524 0.715175
vt 0.586232 0.711507
vt 0.594007 0.712286
vt 0.580017 0.721243
vt 0.582620 0.729643
vt 0.583929 0.737041
vt 0.579722 0.741901
vt 0.577357 0.712639
vt 0.532009 0.721539
vt 0.545464 0.717567
vt 0.550388 0.724558
vt 0.553633 0.730323
vt 0.553633 0.741886
vt 0.543887 0.740075
vt 0.538931 0.742141
vt 0.534777 0.739015
vt 0.532772 0.730170
vt 0.558089 0.730258
vt 0.557686 0.741153
vt 0.535796 0.668072
vt 0.536813 0.655346
vt 0.551183 0.648760
vt 0.553633 0.651919
vt 0.553633 0.663769
vt 0.548313 0.663419
vt 0.545282 0.668936
vt 0.558122 0.657710
vt 0.556260 0.663906
vt 0.540281 0.678007
vt 0.535101 0.676747
vt 0.608493 0.665793
vt 0.605995 0.651139
vt 0.614803 0.650842
vt 0.618284 0.660491
vt 0.617117 0.667977
vt 0.616372 0.672727
vt 0.610082 0.675069
vt 0.619928 0.695066
vt 0.619046 0.706876
vt 0.621304 0.711347
vt 0.619165 0.717202
vt 0.609996 0.712375
vt 0.607364 0.697796
vt 0.606667 0.693898
vt 0.613466 0.680287
vt 0.574194 0.679121
vt 0.571234 0.683065
vt 0.567941 0.678674
vt 0.570381 0.673879
vt 0.572013 0.650713
vt 0.570982 0.660758
vt 0.565004 0.662778
vt 0.562871 0.653983
vt 0.565935 0.651485
vt 0.577666 0.672612
vt 0.604555 0.693117
vt 0.601860 0.694212
vt 0.603093 0.658159
vt 0.578268 0.654203
vt 0.577941 0.649390
vt 0.603085 0.662901
vt 0.580954 0.647488
vt 0.601094 0.682814
vt 0.601349 0.665588
vt 0.585992 0.682814
vt 0.586443 0.676777
vt 0.583466 0.648126
vt 0.605247 0.682814
vt 0.604763 0.688139
vt 0.589462 0.675069
vt 0.585712 0.651969
vt 0.583466 0.652838
vt 0.605499 0.690847
vt 0.591340 0.674634
vt 0.584808 0.648533
vt 0.599215 0.680998
vt 0.598078 0.682814
vt 0.601254 0.680379
vt 0.594159 0.673553
vt 0.605029 0.680599
vt 0.596759 0.674212
vt 0.599215 0.668397
vt 0.601781 0.666975
vt 0.596037 0.652017
vt 0.591340 0.653455
vt 0.604042 0.666260
vt 0.591340 0.646590
vt 0.594533 0.647072
vt 0.605526 0.668558
vt 0.587030 0.687692
vt 0.595759 0.645838
vt 0.605343 0.670013
vt 0.596781 0.685279
vt 0.597340 0.647007
vt 0.596586 0.670013
vt 0.594781 0.687338
vt 0.581657 0.685720
vt 0.599215 0.675412
vt 0.591340 0.688227
vt 0.504632 0.693997
vt 0.503797 0.690360
vt 0.503798 0.690360
vt 0.504633 0.693997
vt 0.590346 0.653836
vt 0.586983 0.650121
vt 0.577090 0.684152
vt 0.599122 0.687660
vt 0.596171 0.674382
vt 0.596172 0.674382
vt 0.599123 0.687660
vt 0.579304 0.692004
vt 0.604771 0.673557
vt 0.585721 0.668361
vt 0.583466 0.667240
vt 0.586209 0.674797
vt 0.607089 0.677147
vt 0.567331 0.609303
vt 0.542013 0.609303
vt 0.542013 0.556323
vt 0.567331 0.556323
vt 0.602559 0.638085
vt 0.602559 0.731439
vt 0.596595 0.685521
vt 0.593447 0.674465
vt 0.584132 0.688037
vt 0.579445 0.709062
vt 0.576105 0.724043
vt 0.574456 0.731439
vt 0.574456 0.638085
vt 0.578525 0.663564
vt 0.582633 0.670945
vt 0.585434 0.662264
vt 0.592879 0.657880
vt 0.596525 0.646338
vt 0.570900 0.637868
vt 0.570900 0.652038
vt 0.566558 0.676818
vt 0.566429 0.661948
vt 0.563367 0.661134
vt 0.560781 0.653577
vt 0.551759 0.654367
vt 0.541912 0.637868
vt 0.529289 0.633141
vt 0.531157 0.734611
vt 0.527172 0.711562
vt 0.526265 0.695944
vt 0.518752 0.701121
vt 0.517428 0.682805
vt 0.524025 0.691117
vt 0.526537 0.668769
vt 0.534125 0.620379
vt 0.511854 0.620119
vt 0.508868 0.609805
vt 0.536852 0.610094
vt 0.599784 0.742659
vt 0.577231 0.742659
vt 0.527616 0.746668
vt 0.503199 0.746668
vt 0.624884 0.734611
vt 0.568038 0.745204
vt 0.544774 0.745204
vt 0.541912 0.733687
vt 0.570900 0.733687
vt 0.536983 0.517932
vt 0.508712 0.517987
vt 0.511128 0.509100
vt 0.534773 0.509026
vt 0.576698 0.629018
vt 0.600317 0.629018
vt 0.503527 0.626680
vt 0.526445 0.626680
vt 0.500964 0.633141
vt 0.544225 0.628561
vt 0.568588 0.628561
vt 0.541893 0.556470
vt 0.566699 0.556470
vt 0.566699 0.608378
vt 0.541893 0.608378
vt 0.503877 0.710872
vt 0.505175 0.723836
vt 0.508786 0.726629
vt 0.512550 0.723641
vt 0.512833 0.718276
vt 0.522478 0.661843
vt 0.522637 0.661184
vt 0.517517 0.682437
vt 0.527409 0.711614
vt 0.526485 0.695765
vt 0.510336 0.701893
vt 0.505571 0.702609
vt 0.500818 0.646925
vt 0.509208 0.668161
vt 0.517748 0.661615
vt 0.521397 0.716200
vt 0.508421 0.639221
vt 0.515772 0.642018
vt 0.515834 0.641096
vt 0.508381 0.638263
vt 0.524211 0.690868
vt 0.515107 0.656734
vt 0.548473 0.696870
vt 0.549217 0.717670
vt 0.551367 0.728151
vt 0.562863 0.727848
vt 0.565244 0.715221
vt 0.522520 0.719703
vt 0.521551 0.710010
vt 0.558199 0.718837
vt 0.554518 0.704753
vt 0.559697 0.697114
vt 0.552430 0.669774
vt 0.561735 0.670126
vt 0.554630 0.684767
vt 0.548809 0.683121
vt 0.512951 0.732622
vt 0.513392 0.724613
vt 0.582429 0.721325
vt 0.588586 0.724669
vt 0.590615 0.715303
vt 0.590364 0.697136
vt 0.510831 0.635391
vt 0.513872 0.630923
vt 0.522061 0.639410
vt 0.524637 0.642289
vt 0.503097 0.631023
vt 0.506271 0.636196
vt 0.580421 0.645965
vt 0.505082 0.724074
vt 0.503765 0.710914
vt 0.505670 0.702273
vt 0.508709 0.726941
vt 0.526755 0.668205
vt 0.521548 0.716322
vt 0.521492 0.716003
vt 0.518862 0.701018
vt 0.517840 0.660953
vt 0.509177 0.667589
vt 0.500670 0.646067
vt 0.515161 0.656006
vt 0.512568 0.723876
vt 0.510321 0.701802
vt 0.589974 0.696567
vt 0.507476 0.646763
vt 0.523717 0.651027
vt 0.517066 0.639766
vt 0.524465 0.660003
vt 0.509863 0.650737
vt 0.526489 0.657558
vt 0.526687 0.654818
vt 0.526952 0.654817
vt 0.526748 0.657557
vt 0.526566 0.648973
vt 0.526828 0.648971
vt 0.526900 0.675855
vt 0.526702 0.670495
vt 0.526967 0.670496
vt 0.527171 0.675856
vt 0.514563 0.648610
vt 0.516909 0.640319
vt 0.502994 0.653877
vt 0.520345 0.655263
vt 0.512251 0.654160
vt 0.512161 0.654228
vt 0.511733 0.654230
vt 0.511830 0.654163
vt 0.511263 0.708202
vt 0.509470 0.714838
vt 0.518747 0.724767
vt 0.516635 0.733085
vt 0.509375 0.727640
vt 0.505248 0.728563
vt 0.525015 0.729103
vt 0.522207 0.732061
vt 0.485356 0.547152
vt 0.488501 0.547152
vt 0.488599 0.634685
vt 0.485356 0.634685
vt 0.488050 0.450415
vt 0.491291 0.450376
vt 0.491365 0.459619
vt 0.488122 0.459619
vt 0.329708 0.541238
vt 0.322119 0.541238
vt 0.322800 0.459338
vt 0.330388 0.459338
vt 0.197253 0.540199
vt 0.192103 0.540199
vt 0.192195 0.458299
vt 0.197345 0.458299
vt 0.496415 0.541518
vt 0.488777 0.541518
vt 0.499004 0.459619
vt 0.496237 0.634685
vt 0.496140 0.547152
vt 0.197247 0.633365
vt 0.192096 0.633365
vt 0.192096 0.545832
vt 0.197247 0.545832
vt 0.329661 0.634404
vt 0.322072 0.634404
vt 0.324003 0.546871
vt 0.331591 0.546871
vt 0.485534 0.541518
vt 0.309943 0.540199
vt 0.318978 0.540199
vt 0.319005 0.545832
vt 0.309936 0.545832
vt 0.081781 0.633249
vt 0.064754 0.633249
vt 0.064754 0.545716
vt 0.081781 0.545716
vt 0.081775 0.540083
vt 0.064780 0.540083
vt 0.065162 0.458183
vt 0.081682 0.458183
vt 0.309534 0.450437
vt 0.318078 0.450376
vt 0.318596 0.458299
vt 0.310035 0.458299
vt 0.319005 0.633365
vt 0.309936 0.633365
vt 0.250647 0.545832
vt 0.256316 0.545832
vt 0.256316 0.633365
vt 0.250647 0.633365
vt 0.250252 0.451099
vt 0.255920 0.451036
vt 0.256415 0.458299
vt 0.250746 0.458299
vt 0.141151 0.541610
vt 0.129288 0.541610
vt 0.127209 0.458183
vt 0.139071 0.458183
vt 0.139169 0.633249
vt 0.127307 0.633249
vt 0.127307 0.545716
vt 0.139169 0.545716
vt 0.250654 0.540199
vt 0.256322 0.540199
vt 0.431620 0.541518
vt 0.433399 0.541518
vt 0.433221 0.547152
vt 0.431437 0.547152
vt 0.379160 0.635059
vt 0.369484 0.635059
vt 0.365146 0.547516
vt 0.374822 0.547516
vt 0.375232 0.541918
vt 0.365577 0.541918
vt 0.371839 0.460530
vt 0.381195 0.460530
vt 0.434284 0.451088
vt 0.435927 0.451036
vt 0.435988 0.459619
vt 0.434289 0.459619
vt 0.433221 0.634685
vt 0.431437 0.634685
vt 0.188276 0.633249
vt 0.188276 0.545716
vt 0.188269 0.540083
vt 0.188177 0.458183
vt 0.196858 0.451696
vt 0.384759 0.547152
vt 0.384759 0.634685
vt 0.387619 0.451696
vt 0.387612 0.459619
vt 0.059858 0.540083
vt 0.004148 0.540763
vt 0.001846 0.459375
vt 0.057189 0.458183
vt 0.060041 0.633249
vt 0.006016 0.633904
vt 0.004306 0.546361
vt 0.060041 0.545716
vt 0.384943 0.541518
vt 0.330893 0.450539
vt 0.372351 0.452151
vt 0.001849 0.451290
vt 0.057182 0.450376
vt 0.082158 0.450742
vt 0.127695 0.451060
vt 0.139544 0.451342
vt 0.188652 0.451782
vt 0.154717 0.317985
vt 0.158767 0.329320
vt 0.196922 0.436107
vt 0.189354 0.446385
vt 0.145918 0.348168
vt 0.149024 0.324469
vt 0.381692 0.452445
vt 0.101679 0.233398
vt 0.107827 0.200426
vt 0.112310 0.193668
vt 0.116404 0.210757
vt 0.052494 0.138511
vt 0.058951 0.119830
vt 0.064002 0.094146
vt 0.065645 0.098409
vt 0.065673 0.450376
vt 0.498933 0.450657
vt 0.191720 0.451899
vt 0.323312 0.450376
vt 0.002219 0.036912
vt 0.000996 0.021750
vt 0.008637 0.001635
vt 0.011879 0.007052
vt 0.485356 0.640745
vt 0.488599 0.640745
vt 0.488050 0.818955
vt 0.488122 0.809751
vt 0.491365 0.809751
vt 0.491291 0.818993
vt 0.329661 0.726816
vt 0.330388 0.809470
vt 0.322800 0.809470
vt 0.322073 0.726816
vt 0.197251 0.724852
vt 0.197345 0.808431
vt 0.192195 0.808431
vt 0.192100 0.724852
vt 0.497707 0.727096
vt 0.499004 0.809751
vt 0.490069 0.727096
vt 0.496237 0.640745
vt 0.496361 0.718683
vt 0.487280 0.722707
vt 0.197247 0.639425
vt 0.197247 0.720898
vt 0.192096 0.720898
vt 0.192096 0.639425
vt 0.329661 0.640464
vt 0.330795 0.715457
vt 0.323409 0.718403
vt 0.322072 0.640464
vt 0.485481 0.726171
vt 0.485356 0.722218
vt 0.309941 0.724852
vt 0.309936 0.720898
vt 0.319005 0.720898
vt 0.318986 0.724852
vt 0.081781 0.639309
vt 0.081781 0.720782
vt 0.064754 0.720782
vt 0.064754 0.639309
vt 0.083658 0.725962
vt 0.081682 0.808315
vt 0.065162 0.808315
vt 0.066655 0.725962
vt 0.309534 0.816293
vt 0.310035 0.808431
vt 0.318596 0.808431
vt 0.318078 0.816354
vt 0.309936 0.639425
vt 0.319005 0.639425
vt 0.250647 0.639425
vt 0.256316 0.639425
vt 0.250252 0.815631
vt 0.250746 0.808431
vt 0.256415 0.808431
vt 0.255920 0.815695
vt 0.139165 0.724736
vt 0.139071 0.808315
vt 0.127209 0.808315
vt 0.127302 0.724736
vt 0.142034 0.638486
vt 0.139169 0.720782
vt 0.127307 0.720782
vt 0.130171 0.638486
vt 0.250652 0.724852
vt 0.250647 0.720898
vt 0.256316 0.720898
vt 0.256320 0.724852
vt 0.431565 0.726171
vt 0.431437 0.722218
vt 0.433221 0.722218
vt 0.433346 0.726171
vt 0.375468 0.640464
vt 0.375468 0.721937
vt 0.365792 0.721937
vt 0.365792 0.640464
vt 0.375726 0.725837
vt 0.381195 0.808278
vt 0.371839 0.808278
vt 0.366066 0.725837
vt 0.434284 0.818281
vt 0.434289 0.809751
vt 0.435988 0.809751
vt 0.435927 0.818334
vt 0.431437 0.640745
vt 0.433221 0.640745
vt 0.188276 0.639309
vt 0.188276 0.720782
vt 0.188271 0.724736
vt 0.188177 0.808315
vt 0.196858 0.815035
vt 0.384759 0.640745
vt 0.387619 0.817674
vt 0.387612 0.809751
vt 0.061686 0.725962
vt 0.057189 0.808315
vt 0.001846 0.807123
vt 0.004746 0.724682
vt 0.060041 0.639309
vt 0.060041 0.720782
vt 0.004883 0.720782
vt 0.004883 0.639309
vt 0.384888 0.726171
vt 0.384759 0.722218
vt 0.372351 0.816657
vt 0.330893 0.818269
vt 0.057182 0.816122
vt 0.001849 0.815208
vt 0.127695 0.815438
vt 0.082158 0.815755
vt 0.188652 0.814716
vt 0.139544 0.815156
vt 0.243067 0.317985
vt 0.248759 0.324469
vt 0.251866 0.348168
vt 0.208429 0.446385
vt 0.200861 0.436107
vt 0.239017 0.329320
vt 0.381692 0.816364
vt 0.281379 0.210757
vt 0.285474 0.193668
vt 0.289957 0.200426
vt 0.296104 0.233398
vt 0.332139 0.098409
vt 0.333782 0.094146
vt 0.338832 0.119830
vt 0.345289 0.138511
vt 0.065673 0.816122
vt 0.498933 0.818712
vt 0.191720 0.814832
vt 0.323312 0.818432
vt 0.385904 0.007052
vt 0.389147 0.001635
vt 0.396787 0.021750
vt 0.395565 0.036912
vt 0.501070 0.390726
vt 0.503378 0.390726
vt 0.503378 0.397255
vt 0.501070 0.397255
vt 0.502702 0.377668
vt 0.505967 0.377668
vt 0.505967 0.384197
vt 0.502702 0.384197
vt 0.527583 0.487642
vt 0.527583 0.493052
vt 0.521946 0.493052
vt 0.521946 0.487642
vt 0.509231 0.377668
vt 0.512496 0.377668
vt 0.512496 0.384197
vt 0.509231 0.384197
vt 0.505687 0.390726
vt 0.507995 0.390726
vt 0.507995 0.397255
vt 0.505687 0.397255
vt 0.510303 0.397255
vt 0.512612 0.397255
vt 0.511458 0.400520
vt 0.504532 0.400520
vt 0.512612 0.390726
vt 0.513766 0.387461
vt 0.514920 0.390726
vt 0.510303 0.390726
vt 0.509149 0.387461
vt 0.510303 0.390726
vt 0.511458 0.387461
vt 0.504532 0.387461
vt 0.514920 0.397255
vt 0.513766 0.400520
vt 0.510303 0.397255
vt 0.509149 0.400520
vt 0.507599 0.384197
vt 0.507599 0.377668
vt 0.509231 0.374403
vt 0.512496 0.374403
vt 0.514128 0.377668
vt 0.514128 0.384197
vt 0.512496 0.387461
vt 0.509231 0.387461
vt 0.502702 0.374403
vt 0.505967 0.374403
vt 0.501070 0.384197
vt 0.501070 0.377668
vt 0.505967 0.387461
vt 0.502702 0.387461
vt 0.553403 0.259368
vt 0.553403 0.307610
vt 0.553047 0.305374
vt 0.553047 0.261605
vt 0.536678 0.352105
vt 0.536678 0.348261
vt 0.539741 0.344657
vt 0.539741 0.355709
vt 0.554471 0.259368
vt 0.554471 0.307610
vt 0.554115 0.305374
vt 0.554115 0.261605
vt 0.553759 0.259368
vt 0.553759 0.307610
vt 0.553403 0.305374
vt 0.553403 0.261605
vt 0.554115 0.259368
vt 0.554115 0.307610
vt 0.553759 0.305374
vt 0.553759 0.261605
vt 0.564956 0.470746
vt 0.564956 0.451394
vt 0.566737 0.451394
vt 0.566737 0.470746
vt 0.533615 0.348261
vt 0.533615 0.352105
vt 0.530553 0.355709
vt 0.530553 0.344657
vt 0.530553 0.363156
vt 0.530553 0.359312
vt 0.533615 0.355709
vt 0.533615 0.366760
vt 0.536678 0.344657
vt 0.536678 0.355709
vt 0.523438 0.390625
vt 0.539062 0.390625
vt 0.539062 0.421875
vt 0.523438 0.421875
vt 0.568518 0.451394
vt 0.568518 0.470746
vt 0.570299 0.451394
vt 0.570299 0.470746
vt 0.572080 0.451394
vt 0.572080 0.470746
vt 0.512128 0.486345
vt 0.512128 0.479224
vt 0.513728 0.478452
vt 0.513728 0.487116
vt 0.516308 0.487642
vt 0.516308 0.493052
vt 0.510670 0.493052
vt 0.510670 0.487642
vt 0.533221 0.487642
vt 0.533221 0.493052
vt 0.529347 0.385531
vt 0.525839 0.381089
vt 0.545824 0.324539
vt 0.546360 0.325217
vt 0.515940 0.488704
vt 0.515940 0.481583
vt 0.517540 0.480811
vt 0.517540 0.489475
vt 0.511139 0.488704
vt 0.511139 0.481583
vt 0.512739 0.480811
vt 0.512739 0.489475
vt 0.512739 0.488704
vt 0.512739 0.481583
vt 0.514339 0.480811
vt 0.514339 0.489475
vt 0.615859 0.417707
vt 0.616493 0.417707
vt 0.616493 0.418975
vt 0.615859 0.418975
vt 0.532854 0.389973
vt 0.549332 0.328981
vt 0.549868 0.329659
vt 0.537323 0.313773
vt 0.540830 0.318215
vt 0.520845 0.374765
vt 0.520310 0.374087
vt 0.544338 0.322657
vt 0.524353 0.379207
vt 0.523817 0.378529
vt 0.609864 0.991832
vt 0.500904 0.991022
vt 0.500935 0.974341
vt 0.609895 0.975151
vt 0.615752 0.759006
vt 0.624092 0.759133
vt 0.623304 0.966359
vt 0.614964 0.966232
vt 0.609911 0.966394
vt 0.500951 0.965583
vt 0.501337 0.758353
vt 0.610297 0.759164
vt 0.609911 0.966395
vt 0.500951 0.965584
vt 0.614547 0.029266
vt 0.618862 0.029266
vt 0.618862 0.050537
vt 0.614547 0.050537
vt 0.612548 0.029266
vt 0.613544 0.029266
vt 0.613544 0.050537
vt 0.612548 0.050537
vt 0.608227 0.029266
vt 0.608227 0.050537
vt 0.604034 0.037402
vt 0.609027 0.037402
vt 0.609027 0.062012
vt 0.604034 0.062012
vt 0.559735 0.134465
vt 0.559975 0.167683
vt 0.552620 0.167714
vt 0.553352 0.134292
vt 0.569875 0.077234
vt 0.569705 0.106689
vt 0.563344 0.106447
vt 0.564260 0.077067
vt 0.559381 0.149265
vt 0.559548 0.180026
vt 0.552856 0.180093
vt 0.553573 0.149128
vt 0.559454 0.134270
vt 0.559418 0.141662
vt 0.553673 0.141480
vt 0.553770 0.134043
vt 0.570119 0.062524
vt 0.569998 0.069809
vt 0.564419 0.069654
vt 0.564574 0.062382
vt 0.559787 0.118265
vt 0.559761 0.126252
vt 0.553448 0.126032
vt 0.553540 0.118001
vt 0.601721 0.037402
vt 0.602874 0.037402
vt 0.602874 0.062012
vt 0.601721 0.062012
vt 0.596722 0.037402
vt 0.596722 0.062012
vt 0.560773 0.084895
vt 0.553051 0.084325
vt 0.571488 0.031249
vt 0.564476 0.031132
vt 0.560408 0.103455
vt 0.553386 0.102939
vt 0.565446 0.000000
vt 0.553157 0.069205
vt 0.552847 0.041638
vt 0.558916 0.041922
vt 0.558697 0.069289
vt 0.560422 0.113321
vt 0.560149 0.156159
vt 0.555423 0.155935
vt 0.556133 0.113118
vt 0.570366 0.090438
vt 0.569914 0.118715
vt 0.564366 0.116685
vt 0.565264 0.089727
vt 0.570712 0.075607
vt 0.570539 0.083016
vt 0.565418 0.082606
vt 0.565573 0.075499
vt 0.560677 0.091053
vt 0.560550 0.102151
vt 0.556262 0.101948
vt 0.556389 0.090850
vt 0.553164 0.083644
vt 0.553161 0.076434
vt 0.558711 0.076472
vt 0.558726 0.083636
vt 0.559573 0.000000
vt 0.562500 0.000000
vt 0.552318 0.115612
vt 0.559574 0.115336
vt 0.561851 0.042545
vt 0.556330 0.042284
vt 0.572087 0.042454
vt 0.565348 0.044069
vt 0.508160 0.405950
vt 0.555200 0.405003
vt 0.555676 0.491565
vt 0.508637 0.492513
vt 0.550002 0.241832
vt 0.550016 0.225151
vt 0.500918 0.224341
vt 0.500904 0.241022
vt 0.552655 0.009006
vt 0.552300 0.216232
vt 0.556059 0.216359
vt 0.556414 0.009133
vt 0.550024 0.216394
vt 0.550197 0.009164
vt 0.501099 0.008353
vt 0.500925 0.215583
vt 0.550024 0.216395
vt 0.500925 0.215584
s 1
usemtl material_house_atlas
f 13/1/1 2/2/1 4/3/1 14/4/1
f 14/5/2 4/6/2 8/7/2 15/8/2
f 15/9/3 8/10/3 6/11/3 16/12/3
f 16/13/4 6/14/4 2/15/4 13/16/4
f 5/17/5 1/18/5 22/19/5 24/20/5
f 6/11/6 8/10/6 31/21/6 32/22/6
f 19/23/7 12/24/7 9/25/7 20/26/7
f 18/27/8 11/28/8 12/29/8 19/30/8
f 17/31/9 10/32/9 11/33/9 18/34/9
f 20/35/10 9/36/10 10/37/10 17/38/10
f 12/24/11 16/13/11 13/16/11 9/25/11
f 11/28/12 15/9/12 16/12/12 12/29/12
f 10/32/13 14/5/13 15/8/13 11/33/13
f 9/36/14 13/1/14 14/4/14 10/37/14
f 1/39/15 20/35/15 17/38/15 3/40/15
f 3/41/16 17/31/16 18/34/16 7/42/16
f 7/43/17 18/27/17 19/30/17 5/44/17
f 5/17/18 19/23/18 20/26/18 1/18/18
f 24/20/19 22/19/19 26/45/19 28/46/19
f 3/47/20 7/48/20 23/48/20 21/47/20
f 1/39/21 3/40/21 21/49/21 22/50/21
f 7/43/6 5/44/6 24/51/6 23/52/6
f 25/53/22 27/48/22 28/54/22 26/55/22
f 21/47/23 23/48/23 27/48/23 25/47/23
f 23/52/24 24/51/24 28/56/24 27/57/24
f 22/50/25 21/49/25 25/58/25 26/59/25
f 32/22/26 31/21/26 35/60/26 36/61/26
f 4/3/21 2/2/21 29/62/21 30/63/21
f 2/15/5 6/14/5 32/64/5 29/65/5
f 8/7/20 4/6/20 30/6/20 31/7/20
f 35/66/27 34/67/27 33/68/27 36/69/27
f 30/63/28 29/62/28 33/70/28 34/71/28
f 29/65/29 32/64/29 36/72/29 33/73/29
f 31/7/30 30/6/30 34/6/30 35/7/30
f 49/74/31 38/75/31 40/76/31 50/77/31
f 50/78/32 40/79/33 44/80/33 51/81/34
f 51/82/35 44/83/35 42/84/35 52/85/35
f 52/86/36 42/87/37 38/88/37 49/89/38
f 39/90/39 43/91/39 41/92/39 37/93/39
f 44/94/40 40/95/40 38/96/40 42/97/40
f 55/98/41 48/99/42 45/100/42 56/101/43
f 54/102/44 47/103/44 48/104/44 55/105/44
f 53/106/45 46/107/46 47/108/46 54/109/47
f 56/110/48 45/111/48 46/112/48 53/113/48
f 48/99/42 52/86/36 49/89/38 45/100/42
f 47/103/44 51/82/44 52/85/44 48/104/44
f 46/107/46 50/78/32 51/81/34 47/108/46
f 45/111/48 49/74/48 50/77/48 46/112/48
f 37/114/49 56/110/49 53/113/49 39/115/49
f 39/116/50 53/106/45 54/109/47 43/117/50
f 43/118/51 54/102/51 55/105/51 41/119/51
f 41/120/52 55/98/41 56/101/43 37/121/52
f 69/74/53 58/75/53 60/76/53 70/77/53
f 70/78/54 60/79/55 64/80/55 71/81/54
f 71/82/56 64/83/56 62/84/56 72/85/56
f 72/86/57 62/87/58 58/88/58 69/89/57
f 59/90/59 63/91/59 61/92/59 57/93/59
f 64/94/60 60/95/60 58/96/60 62/97/60
f 75/98/61 68/99/62 65/100/62 76/101/61
f 74/102/5 67/103/5 68/104/5 75/105/5
f 73/106/63 66/107/64 67/108/64 74/109/63
f 76/110/20 65/111/20 66/112/20 73/113/20
f 68/99/62 72/86/57 69/89/57 65/100/62
f 67/103/5 71/82/5 72/85/5 68/104/5
f 66/107/64 70/78/54 71/81/54 67/108/64
f 65/111/20 69/74/20 70/77/20 66/112/20
f 57/114/65 76/110/65 73/113/65 59/115/65
f 59/116/66 73/106/63 74/109/63 63/117/66
f 63/118/67 74/102/67 75/105/67 61/119/67
f 61/120/68 75/98/61 76/101/61 57/121/68
f 89/122/69 78/123/69 80/124/69 90/125/69
f 90/78/70 80/79/71 84/80/71 91/81/70
f 91/82/72 84/83/72 82/84/72 92/85/72
f 92/86/73 82/87/74 78/88/74 89/89/73
f 79/90/75 83/91/75 81/92/75 77/93/75
f 84/94/76 80/95/76 78/96/76 82/97/76
f 95/98/77 88/99/78 85/100/78 96/101/77
f 94/102/5 87/103/5 88/104/5 95/105/5
f 93/106/79 86/107/80 87/108/80 94/109/81
f 96/126/20 85/127/20 86/128/20 93/129/20
f 88/99/78 92/86/73 89/89/73 85/100/78
f 87/103/5 91/82/5 92/85/5 88/104/5
f 86/107/80 90/78/70 91/81/70 87/108/80
f 85/127/20 89/122/20 90/125/20 86/128/20
f 77/130/82 96/126/82 93/129/82 79/131/82
f 79/116/83 93/106/79 94/109/81 83/117/83
f 83/118/84 94/102/84 95/105/84 81/119/84
f 81/120/85 95/98/77 96/101/77 77/121/85
f 109/132/86 98/133/86 100/134/86 110/135/86
f 110/78/87 100/79/88 104/80/88 111/81/87
f 111/82/89 104/83/89 102/84/89 112/85/89
f 112/86/90 102/87/91 98/88/91 109/89/90
f 99/90/60 103/91/60 101/92/60 97/93/60
f 104/94/59 100/95/59 98/96/59 102/97/59
f 115/98/92 108/99/64 105/100/64 116/101/92
f 114/102/5 107/103/5 108/104/5 115/105/5
f 113/106/93 106/107/62 107/108/62 114/109/93
f 116/136/20 105/137/20 106/138/20 113/139/20
f 108/99/64 112/86/90 109/89/90 105/100/64
f 107/103/5 111/82/5 112/85/5 108/104/5
f 106/107/62 110/78/87 111/81/87 107/108/62
f 105/137/20 109/132/20 110/135/20 106/138/20
f 97/140/94 116/136/94 113/139/94 99/141/94
f 99/116/95 113/106/93 114/109/93 103/117/95
f 103/118/96 114/102/96 115/105/96 101/119/96
f 101/120/97 115/98/92 116/101/92 97/121/97
f 129/122/98 118/123/98 120/124/98 130/125/98
f 130/78/99 120/79/100 124/80/100 131/81/101
f 131/82/102 124/83/102 122/84/102 132/85/102
f 132/86/103 122/87/104 118/88/104 129/89/105
f 119/90/106 123/91/106 121/92/106 117/93/106
f 124/94/107 120/95/107 118/96/107 122/97/107
f 135/98/108 128/99/109 125/100/109 136/101/110
f 134/102/44 127/103/44 128/104/44 135/105/44
f 133/106/111 126/107/112 127/108/112 134/109/113
f 136/126/48 125/127/48 126/128/48 133/129/48
f 128/99/109 132/86/103 129/89/105 125/100/109
f 127/103/44 131/82/44 132/85/44 128/104/44
f 126/107/112 130/78/99 131/81/101 127/108/112
f 125/127/48 129/122/48 130/125/48 126/128/48
f 117/130/114 136/126/114 133/129/114 119/131/114
f 119/116/115 133/106/111 134/109/113 123/117/115
f 123/118/116 134/102/116 135/105/116 121/119/116
f 121/120/117 135/98/108 136/101/110 117/121/117
f 149/132/118 138/133/118 140/134/118 150/135/118
f 150/78/119 140/79/120 144/80/120 151/81/121
f 151/82/122 144/83/122 142/84/122 152/85/122
f 152/86/123 142/87/124 138/88/124 149/89/125
f 139/90/40 143/91/40 141/92/40 137/93/40
f 144/94/39 140/95/39 138/96/39 142/97/39
f 155/98/126 148/99/46 145/100/46 156/101/127
f 154/102/44 147/103/44 148/104/44 155/105/44
f 153/106/128 146/107/42 147/108/42 154/109/129
f 156/136/48 145/137/48 146/138/48 153/139/48
f 148/99/46 152/86/123 149/89/125 145/100/46
f 147/103/44 151/82/44 152/85/44 148/104/44
f 146/107/42 150/78/119 151/81/121 147/108/42
f 145/137/48 149/132/48 150/135/48 146/138/48
f 137/140/130 156/136/130 153/139/130 139/141/130
f 139/116/131 153/106/128 154/109/129 143/117/131
f 143/118/132 154/102/132 155/105/132 141/119/132
f 141/120/133 155/98/126 156/101/127 137/121/133
f 157/142/5 158/143/5 160/144/5 159/47/5
f 159/47/44 160/144/44 164/145/44 163/48/44
f 163/146/20 164/147/20 162/148/20 161/149/20
f 158/150/5 157/151/5 165/152/5 166/153/5
f 159/53/134 163/48/134 161/54/134 157/55/134
f 164/154/135 160/155/135 158/156/135 162/157/135
f 166/153/5 165/152/5 169/158/5 170/159/5
f 157/55/136 161/54/136 168/54/136 165/55/136
f 162/157/137 158/156/137 166/160/137 167/161/137
f 161/149/20 162/148/20 167/162/20 168/163/20
f 171/164/138 170/165/138 174/166/138 175/167/138
f 167/161/139 166/160/139 170/165/139 171/164/139
f 168/163/20 167/162/20 171/168/20 172/169/20
f 165/55/140 168/54/140 172/54/140 169/55/140
f 173/55/141 176/54/141 180/54/141 177/55/141
f 172/169/20 171/168/20 175/170/20 176/171/20
f 169/55/142 172/54/142 176/54/142 173/55/142
f 170/159/5 169/158/5 173/172/5 174/173/5
f 179/174/143 178/175/143 182/176/143 183/177/143
f 174/173/5 173/172/5 177/178/5 178/179/5
f 175/167/144 174/166/144 178/175/144 179/174/144
f 176/171/20 175/170/20 179/180/20 180/181/20
f 184/182/20 183/183/20 187/184/20 188/185/20
f 180/181/20 179/180/20 183/183/20 184/182/20
f 177/55/145 180/54/145 184/54/145 181/55/145
f 178/179/5 177/178/5 181/186/5 182/187/5
f 185/55/146 188/54/146 192/54/146 189/55/146
f 181/55/147 184/54/147 188/54/147 185/55/147
f 182/187/5 181/186/5 185/188/5 186/189/5
f 183/177/148 182/176/148 186/190/148 187/191/148
f 189/55/149 192/54/149 196/54/149 193/55/149
f 186/189/5 185/188/5 189/192/5 190/193/5
f 187/191/150 186/190/150 190/194/150 191/195/150
f 188/185/20 187/184/20 191/196/20 192/197/20
f 196/54/151 195/198/151 194/143/151 193/142/151
f 190/193/152 189/192/152 193/199/152 194/200/152
f 191/195/153 190/194/153 194/201/153 195/202/153
f 192/197/154 191/196/154 195/203/154 196/204/154
f 197/205/5 199/206/5 200/207/5 198/208/5
f 199/47/48 203/48/48 204/145/48 200/144/48
f 198/208/5 206/209/5 205/210/5 197/205/5
f 199/53/134 197/55/134 201/54/134 203/48/134
f 206/209/5 210/211/5 209/212/5 205/210/5
f 197/55/155 205/55/155 208/54/155 201/54/155
f 202/213/156 207/214/156 206/215/156 198/216/156
f 201/217/20 208/218/20 207/219/20 202/220/20
f 211/221/157 215/222/157 214/223/157 210/224/157
f 207/214/158 211/221/158 210/224/158 206/215/158
f 208/218/20 212/225/20 211/226/20 207/219/20
f 205/55/159 209/55/159 212/54/159 208/54/159
f 213/55/160 217/55/160 220/54/160 216/54/160
f 212/225/20 216/227/20 215/228/20 211/226/20
f 209/55/161 213/55/161 216/54/161 212/54/161
f 210/211/5 214/229/5 213/230/5 209/212/5
f 219/231/162 223/232/162 222/233/162 218/234/162
f 214/229/5 218/235/5 217/236/5 213/230/5
f 215/222/163 219/231/163 218/234/163 214/223/163
f 216/227/20 220/237/20 219/238/20 215/228/20
f 224/239/20 228/240/20 227/241/20 223/242/20
f 220/237/20 224/239/20 223/242/20 219/238/20
f 217/55/164 221/55/164 224/54/164 220/54/164
f 218/235/5 222/243/5 221/244/5 217/236/5
f 225/55/165 229/55/165 232/54/165 228/54/165
f 221/55/166 225/55/166 228/54/166 224/54/166
f 222/243/5 226/245/5 225/246/5 221/244/5
f 223/232/167 227/247/167 226/248/167 222/233/167
f 229/55/168 233/55/168 236/54/168 232/54/168
f 226/245/5 230/249/5 229/250/5 225/246/5
f 227/247/169 231/251/169 230/252/169 226/248/169
f 228/240/20 232/253/20 231/254/20 227/241/20
f 236/54/170 233/142/170 234/143/170 235/198/170
f 230/249/171 234/255/171 233/256/171 229/250/171
f 231/251/172 235/257/172 234/258/172 230/252/172
f 232/253/173 236/259/173 235/260/173 231/254/173
f 249/261/174 238/262/174 240/263/174 250/264/174
f 250/265/175 240/144/175 244/145/175 251/266/175
f 251/267/176 244/268/176 242/269/176 252/270/176
f 252/271/177 242/272/177 238/273/177 249/274/177
f 239/53/134 243/48/134 241/54/134 237/55/134
f 244/145/178 240/275/178 238/276/178 242/198/178
f 255/277/48 248/278/48 245/279/48 256/280/48
f 254/281/20 247/282/20 248/283/20 255/284/20
f 253/285/44 246/286/44 247/287/44 254/288/44
f 256/289/5 245/290/5 246/291/5 253/292/5
f 248/278/48 252/271/48 249/274/48 245/279/48
f 247/282/20 251/267/20 252/270/20 248/283/20
f 246/286/44 250/265/44 251/266/44 247/287/44
f 245/290/5 249/261/5 250/264/5 246/291/5
f 237/293/179 256/289/179 253/292/179 239/294/179
f 239/47/180 253/285/180 254/288/180 243/48/180
f 243/295/181 254/281/181 255/284/181 241/296/181
f 241/297/182 255/277/182 256/280/182 237/298/182
f 269/299/183 258/300/183 260/301/183 270/302/183
f 270/303/184 260/304/185 264/305/185 271/306/184
f 271/307/186 264/308/186 262/309/186 272/310/186
f 272/311/187 262/312/188 258/313/188 269/314/187
f 259/53/44 263/48/44 261/54/44 257/55/44
f 264/145/48 260/275/48 258/276/48 262/198/48
f 275/315/189 268/316/134 265/317/134 276/318/189
f 274/319/20 267/320/20 268/321/20 275/322/20
f 273/323/190 266/324/178 267/325/178 274/326/190
f 276/327/5 265/328/5 266/329/5 273/330/5
f 268/316/134 272/311/187 269/314/187 265/317/134
f 267/320/20 271/307/20 272/310/20 268/321/20
f 266/324/178 270/303/184 271/306/184 267/325/178
f 265/328/5 269/299/5 270/302/5 266/329/5
f 257/331/191 276/327/191 273/330/191 259/332/191
f 259/333/192 273/323/190 274/326/190 263/334/192
f 263/335/193 274/319/193 275/322/193 261/336/193
f 261/337/194 275/315/189 276/318/189 257/338/194
f 289/339/195 278/340/190 280/341/190 290/342/195
f 290/343/196 280/344/196 284/345/196 291/346/196
f 291/347/197 284/348/189 282/349/189 292/350/197
f 292/351/198 282/352/198 278/353/198 289/354/198
f 281/355/20 277/356/20 298/357/20 300/358/20
f 282/349/189 284/348/189 307/359/134 308/360/134
f 295/361/199 288/362/199 285/363/199 296/364/199
f 294/365/200 287/366/201 288/367/201 295/368/200
f 293/369/202 286/370/202 287/371/202 294/372/202
f 296/373/203 285/374/204 286/375/204 293/376/203
f 288/362/205 292/351/205 289/354/205 285/363/205
f 287/366/201 291/347/197 292/350/197 288/367/201
f 286/370/206 290/343/206 291/346/206 287/371/206
f 285/374/204 289/339/195 290/342/195 286/375/204
f 277/377/207 296/373/203 293/376/203 279/378/207
f 279/379/208 293/369/208 294/372/208 283/380/208
f 283/381/209 294/365/200 295/368/200 281/382/209
f 281/383/210 295/361/210 296/364/210 277/384/210
f 300/385/211 298/386/211 302/387/211 304/388/211
f 279/379/5 283/380/5 299/389/5 297/390/5
f 277/377/207 279/378/207 297/391/178 298/392/178
f 283/381/209 281/382/209 300/393/134 299/394/134
f 301/395/48 303/396/48 304/397/48 302/398/48
f 297/390/212 299/389/212 303/399/212 301/400/212
f 299/394/213 300/393/213 304/401/213 303/402/213
f 298/392/214 297/391/214 301/403/214 302/404/214
f 308/360/215 307/359/215 311/405/215 312/406/215
f 280/341/190 278/340/190 305/407/178 306/408/178
f 278/409/20 282/410/20 308/411/20 305/412/20
f 284/345/5 280/344/5 306/413/5 307/414/5
f 311/145/44 310/275/44 309/276/44 312/198/44
f 306/408/216 305/407/216 309/415/216 310/416/216
f 305/417/217 308/418/217 312/419/217 309/420/217
f 307/414/218 306/413/218 310/421/218 311/422/218
f 313/142/5 315/47/5 316/144/5 314/143/5
f 315/47/48 319/48/48 320/145/48 316/144/48
f 319/146/20 317/149/20 318/148/20 320/147/20
f 314/150/5 322/153/5 321/152/5 313/151/5
f 315/53/134 313/55/134 317/54/134 319/48/134
f 320/154/219 318/157/219 314/156/219 316/155/219
f 322/153/5 326/159/5 325/158/5 321/152/5
f 313/55/155 321/55/155 324/54/155 317/54/155
f 318/157/156 323/161/156 322/160/156 314/156/156
f 317/149/20 324/163/20 323/162/20 318/148/20
f 327/164/157 331/167/157 330/166/157 326/165/157
f 323/161/158 327/164/158 326/165/158 322/160/158
f 324/163/20 328/169/20 327/168/20 323/162/20
f 321/55/159 325/55/159 328/54/159 324/54/159
f 329/55/160 333/55/160 336/54/160 332/54/160
f 328/169/20 332/171/20 331/170/20 327/168/20
f 325/55/161 329/55/161 332/54/161 328/54/161
f 326/159/5 330/173/5 329/172/5 325/158/5
f 335/174/162 339/177/162 338/176/162 334/175/162
f 330/173/5 334/179/5 333/178/5 329/172/5
f 331/167/163 335/174/163 334/175/163 330/166/163
f 332/171/20 336/181/20 335/180/20 331/170/20
f 340/182/20 344/185/20 343/184/20 339/183/20
f 336/181/20 340/182/20 339/183/20 335/180/20
f 333/55/164 337/55/164 340/54/164 336/54/164
f 334/179/5 338/187/5 337/186/5 333/178/5
f 341/55/165 345/55/165 348/54/165 344/54/165
f 337/55/166 341/55/166 344/54/166 340/54/166
f 338/187/5 342/189/5 341/188/5 337/186/5
f 339/177/167 343/191/167 342/190/167 338/176/167
f 345/55/168 349/55/168 352/54/168 348/54/168
f 342/189/5 346/193/5 345/192/5 341/188/5
f 343/191/169 347/195/169 346/194/169 342/190/169
f 344/185/20 348/197/20 347/196/20 343/184/20
f 352/54/170 349/142/170 350/143/170 351/198/170
f 346/193/171 350/200/171 349/199/171 345/192/171
f 347/195/172 351/202/172 350/201/172 346/194/172
f 348/197/173 352/204/173 351/203/173 347/196/173
f 353/205/5 354/208/5 356/207/5 355/206/5
f 355/47/44 356/144/44 360/145/44 359/48/44
f 354/208/5 353/205/5 361/210/5 362/209/5
f 355/53/134 359/48/134 357/54/134 353/55/134
f 362/209/5 361/210/5 365/212/5 366/211/5
f 353/55/220 357/54/220 364/54/220 361/55/220
f 358/213/137 354/216/137 362/215/137 363/214/137
f 357/217/20 358/220/20 363/219/20 364/218/20
f 367/221/138 366/224/138 370/223/138 371/222/138
f 363/214/139 362/215/139 366/224/139 367/221/139
f 364/218/20 363/219/20 367/226/20 368/225/20
f 361/55/140 364/54/140 368/54/140 365/55/140
f 369/55/141 372/54/141 376/54/141 373/55/141
f 368/225/20 367/226/20 371/228/20 372/227/20
f 365/55/142 368/54/142 372/54/142 369/55/142
f 366/211/5 365/212/5 369/230/5 370/229/5
f 375/231/143 374/234/143 378/233/143 379/232/143
f 370/229/5 369/230/5 373/236/5 374/235/5
f 371/222/144 370/223/144 374/234/144 375/231/144
f 372/227/20 371/228/20 375/238/20 376/237/20
f 380/239/20 379/242/20 383/241/20 384/240/20
f 376/237/20 375/238/20 379/242/20 380/239/20
f 373/55/145 376/54/145 380/54/145 377/55/145
f 374/235/5 373/236/5 377/244/5 378/243/5
f 381/55/146 384/54/146 388/54/146 385/55/146
f 377/55/147 380/54/147 384/54/147 381/55/147
f 378/243/5 377/244/5 381/246/5 382/245/5
f 379/232/148 378/233/148 382/248/148 383/247/148
f 385/55/149 388/54/149 392/54/149 389/55/149
f 382/245/5 381/246/5 385/250/5 386/249/5
f 383/247/150 382/248/150 386/252/150 387/251/150
f 384/240/20 383/241/20 387/254/20 388/253/20
f 392/54/151 391/198/151 390/143/151 389/142/151
f 386/249/152 385/250/152 389/256/152 390/255/152
f 387/251/153 386/252/153 390/258/153 391/257/153
f 388/253/154 387/254/154 391/260/154 392/259/154
f 405/299/221 406/302/221 396/301/221 394/300/221
f 406/303/222 407/306/222 400/305/223 396/304/223
f 407/307/224 408/310/224 398/309/224 400/308/224
f 408/311/225 405/314/225 394/313/226 398/312/226
f 395/53/48 393/55/48 397/54/48 399/48/48
f 400/145/44 398/198/44 394/276/44 396/275/44
f 411/315/227 412/318/227 401/317/134 404/316/134
f 410/319/20 411/322/20 404/321/20 403/320/20
f 409/323/228 410/326/228 403/325/178 402/324/178
f 412/327/5 409/330/5 402/329/5 401/328/5
f 404/316/134 401/317/134 405/314/225 408/311/225
f 403/320/20 404/321/20 408/310/20 407/307/20
f 402/324/178 403/325/178 407/306/222 406/303/222
f 401/328/5 402/329/5 406/302/5 405/299/5
f 393/331/229 395/332/229 409/330/229 412/327/229
f 395/333/230 399/334/230 410/326/228 409/323/228
f 399/335/231 397/336/231 411/322/231 410/319/231
f 397/337/232 393/338/232 412/318/227 411/315/227
f 425/339/233 426/342/233 416/341/228 414/340/228
f 426/343/234 427/346/234 420/345/234 416/344/234
f 427/347/235 428/350/235 418/349/227 420/348/227
f 428/351/236 425/354/236 414/353/236 418/352/236
f 417/355/20 436/358/20 434/357/20 413/356/20
f 418/349/227 444/360/134 443/359/134 420/348/227
f 431/361/237 432/364/237 421/363/237 424/362/237
f 430/365/238 431/368/238 424/367/239 423/366/239
f 429/369/240 430/372/240 423/371/240 422/370/240
f 432/373/241 429/376/241 422/375/242 421/374/242
f 424/362/243 421/363/243 425/354/243 428/351/243
f 423/366/239 424/367/239 428/350/235 427/347/235
f 422/370/244 423/371/244 427/346/244 426/343/244
f 421/374/242 422/375/242 426/342/233 425/339/233
f 413/377/245 415/378/245 429/376/241 432/373/241
f 415/379/246 419/380/246 430/372/246 429/369/246
f 419/381/247 417/382/247 431/368/238 430/365/238
f 417/383/248 413/384/248 432/364/248 431/361/248
f 436/385/249 440/388/249 438/387/249 434/386/249
f 415/379/5 433/390/5 435/389/5 419/380/5
f 413/377/245 434/392/178 433/391/178 415/378/245
f 419/381/247 435/394/134 436/393/134 417/382/247
f 437/395/44 438/398/44 440/397/44 439/396/44
f 433/390/250 437/400/250 439/399/250 435/389/250
f 435/394/251 439/402/251 440/401/251 436/393/251
f 434/392/252 438/404/252 437/403/252 433/391/252
f 444/360/253 448/406/253 447/405/253 443/359/253
f 416/341/228 442/408/178 441/407/178 414/340/228
f 414/409/20 441/412/20 444/411/20 418/410/20
f 420/345/5 443/414/5 442/413/5 416/344/5
f 447/145/48 448/198/48 445/276/48 446/275/48
f 442/408/254 446/416/254 445/415/254 441/407/254
f 441/417/255 445/420/255 448/419/255 444/418/255
f 443/414/256 447/422/256 446/421/256 442/413/256
f 449/423/5 450/424/5 452/425/5 451/426/5
f 451/427/44 452/428/44 456/429/44 455/430/44
f 455/431/20 456/432/20 454/433/20 453/434/20
f 453/435/48 454/436/48 450/437/48 449/438/48
f 451/439/134 455/430/134 453/435/134 449/440/134
f 452/425/5 450/424/5 457/441/5 458/442/5
f 457/437/257 460/436/257 464/436/257 461/437/257
f 450/437/258 454/436/258 460/436/258 457/437/258
f 456/429/259 452/428/259 458/428/259 459/429/259
f 454/433/20 456/432/20 459/443/20 460/444/20
f 463/429/178 462/445/178 461/446/178 464/436/178
f 459/429/260 458/428/260 462/428/260 463/429/260
f 460/444/20 459/443/20 463/447/20 464/448/20
f 458/442/5 457/441/5 461/449/5 462/450/5
f 465/423/5 467/426/5 468/425/5 466/424/5
f 467/427/48 471/430/48 472/429/48 468/428/48
f 471/431/20 469/434/20 470/433/20 472/432/20
f 469/435/44 465/438/44 466/437/44 470/436/44
f 467/439/134 465/440/134 469/435/134 471/430/134
f 468/425/5 474/442/5 473/441/5 466/424/5
f 473/437/260 477/437/260 480/436/260 476/436/260
f 466/437/259 473/437/259 476/436/259 470/436/259
f 472/429/258 475/429/258 474/428/258 468/428/258
f 470/433/20 476/444/20 475/443/20 472/432/20
f 479/429/178 480/436/178 477/446/178 478/445/178
f 475/429/257 479/429/257 478/428/257 474/428/257
f 476/444/20 480/448/20 479/447/20 475/443/20
f 474/442/5 478/450/5 477/449/5 473/441/5
f 493/451/261 482/452/262 484/453/262 494/454/261
f 494/455/263 484/456/263 488/457/263 495/458/263
f 495/459/264 488/460/265 486/461/265 496/462/264
f 496/463/266 486/464/266 482/465/266 493/466/266
f 485/467/5 481/468/5 502/469/5 504/470/5
f 486/461/265 488/460/265 511/471/267 512/472/267
f 499/473/268 492/474/269 489/475/269 500/476/270
f 498/477/271 491/478/272 492/479/272 499/480/271
f 497/481/273 490/482/274 491/483/274 498/484/275
f 500/485/276 489/486/277 490/487/277 497/488/276
f 492/474/278 496/463/278 493/466/278 489/475/278
f 491/478/272 495/459/264 496/462/264 492/479/272
f 490/482/279 494/455/279 495/458/279 491/483/279
f 489/486/277 493/451/261 494/454/261 490/487/277
f 481/489/280 500/485/276 497/488/276 483/490/280
f 483/491/281 497/481/273 498/484/275 487/492/281
f 487/493/282 498/477/271 499/480/271 485/494/282
f 485/467/283 499/473/268 500/476/270 481/468/283
f 504/470/284 502/469/284 506/495/284 508/496/284
f 483/491/20 487/492/20 503/492/20 501/491/20
f 481/489/280 483/490/280 501/497/285 502/498/285
f 487/493/282 485/494/282 504/499/267 503/500/267
f 505/501/286 507/502/286 508/503/286 506/504/286
f 501/491/287 503/492/287 507/492/287 505/491/287
f 503/500/288 504/499/288 508/505/288 507/506/288
f 502/498/289 501/497/289 505/507/289 506/508/289
f 512/472/290 511/471/290 515/509/290 516/510/290
f 484/453/262 482/452/262 509/511/285 510/512/285
f 482/465/5 486/464/5 512/513/5 509/514/5
f 488/457/20 484/456/20 510/456/20 511/457/20
f 515/515/291 514/516/291 513/517/291 516/518/291
f 510/512/292 509/511/292 513/519/292 514/520/292
f 509/514/293 512/513/293 516/521/293 513/522/293
f 511/457/294 510/456/294 514/456/294 515/457/294
f 529/523/295 530/524/295 520/525/295 518/526/295
f 530/265/296 531/266/296 524/145/296 520/144/296
f 531/527/297 532/528/297 522/529/297 524/530/297
f 532/531/298 529/532/298 518/533/298 522/534/298
f 521/535/5 540/536/5 538/537/5 517/538/5
f 522/529/299 548/539/299 547/540/299 524/530/299
f 535/541/300 536/542/300 525/543/300 528/544/300
f 534/545/301 535/546/301 528/547/301 527/548/301
f 533/285/302 534/288/302 527/287/302 526/286/302
f 536/549/303 533/550/303 526/551/303 525/552/303
f 528/544/304 525/543/304 529/532/304 532/531/304
f 527/548/305 528/547/305 532/528/305 531/527/305
f 526/286/306 527/287/306 531/266/306 530/265/306
f 525/552/307 526/551/307 530/524/307 529/523/307
f 517/553/308 519/554/308 533/550/308 536/549/308
f 519/47/309 523/48/309 534/288/309 533/285/309
f 523/555/310 521/556/310 535/546/310 534/545/310
f 521/535/311 517/538/311 536/542/311 535/541/311
f 540/536/312 544/557/312 542/558/312 538/537/312
f 519/47/20 537/47/20 539/48/20 523/48/20
f 517/553/313 538/559/313 537/560/313 519/554/313
f 523/555/299 539/561/299 540/562/299 521/556/299
f 541/53/314 542/55/314 544/54/314 543/48/314
f 537/47/315 541/47/315 543/48/315 539/48/315
f 539/561/316 543/563/316 544/564/316 540/562/316
f 538/559/317 542/565/317 541/566/317 537/560/317
f 548/539/318 552/567/318 551/568/318 547/540/318
f 520/525/313 546/569/313 545/570/313 518/526/313
f 518/533/5 545/571/5 548/572/5 522/534/5
f 524/145/20 547/145/20 546/144/20 520/144/20
f 551/573/319 552/574/319 549/575/319 550/576/319
f 546/569/320 550/577/320 549/578/320 545/570/320
f 545/571/321 549/579/321 552/580/321 548/572/321
f 547/145/322 551/145/322 550/144/322 546/144/322
f 565/581/323 554/582/324 556/583/324 566/584/323
f 566/585/325 556/586/325 560/587/325 567/588/325
f 567/589/326 560/590/327 558/591/327 568/592/326
f 568/593/328 558/594/328 554/595/328 565/596/328
f 557/597/5 553/598/5 574/599/5 576/600/5
f 558/591/327 560/590/327 583/601/134 584/602/134
f 571/603/329 564/604/329 561/605/329 572/606/329
f 570/607/330 563/608/331 564/609/331 571/610/330
f 569/611/332 562/612/332 563/613/332 570/614/332
f 572/615/333 561/616/334 562/617/334 569/618/333
f 564/604/335 568/593/335 565/596/335 561/605/335
f 563/608/331 567/589/326 568/592/326 564/609/331
f 562/612/336 566/585/336 567/588/336 563/613/336
f 561/616/334 565/581/323 566/584/323 562/617/334
f 553/619/337 572/615/333 569/618/333 555/620/337
f 555/621/338 569/611/338 570/614/338 559/622/338
f 559/623/339 570/607/330 571/610/330 557/624/339
f 557/597/340 571/603/340 572/606/340 553/598/340
f 576/600/341 574/599/341 578/625/341 580/626/341
f 555/621/20 559/622/20 575/622/20 573/621/20
f 553/619/337 555/620/337 573/627/178 574/628/178
f 559/623/339 557/624/339 576/629/134 575/630/134
f 577/631/44 579/632/44 580/633/44 578/634/44
f 573/621/342 575/622/342 579/622/342 577/621/342
f 575/630/343 576/629/343 580/635/343 579/636/343
f 574/628/344 573/627/344 577/637/344 578/638/344
f 584/602/345 583/601/345 587/639/345 588/640/345
f 556/583/324 554/582/324 581/641/178 582/642/178
f 554/595/5 558/594/5 584/643/5 581/644/5
f 560/587/20 556/586/20 582/586/20 583/587/20
f 587/645/48 586/646/48 585/647/48 588/648/48
f 582/642/346 581/641/346 585/649/346 586/650/346
f 581/644/347 584/643/347 588/651/347 585/652/347
f 583/587/348 582/586/348 586/586/348 587/587/348
f 626/653/349 622/654/350 592/655/351 591/656/352
f 635/657/353 631/658/354 596/659/355 595/660/356
f 615/661/357 616/662/358 594/663/359 593/664/360
f 607/665/361 608/666/362 590/667/363 589/668/364
f 626/653/349 591/656/352 672/656/365 680/653/366
f 606/669/354 592/655/351 598/655/367 609/669/368
f 628/670/369 599/671/370 603/672/371 629/673/5
f 627/674/358 596/659/355 599/659/370 628/674/369
f 614/675/350 590/676/363 597/676/372 617/675/373
f 636/677/362 594/663/359 600/663/374 637/677/375
f 641/678/376 665/679/377 659/680/378 658/681/379
f 617/682/373 597/683/372 601/684/380 619/685/20
f 637/686/375 600/687/374 604/688/381 638/689/44
f 609/690/368 598/691/367 602/692/382 611/693/48
f 633/694/368 609/690/368 611/693/48 634/695/48
f 597/683/372 610/696/375 612/697/44 601/684/380
f 643/698/383 641/678/376 658/681/379 664/699/379
f 590/667/363 608/666/362 610/666/375 597/667/372
f 631/658/354 606/669/354 609/669/368 633/658/368
f 635/657/353 595/660/356 674/660/384 677/657/385
f 632/700/361 636/701/362 608/702/362 607/703/361
f 591/656/352 592/655/351 606/669/354 605/704/353
f 605/705/353 635/706/353 677/706/385 671/705/385
f 640/707/386 630/708/387 621/709/388 639/710/389
f 624/711/390 617/682/373 619/685/20 625/712/20
f 611/713/48 602/714/382 648/715/391 662/716/392
f 622/654/350 614/675/350 617/675/373 624/654/390
f 594/663/359 616/662/358 618/662/369 600/663/374
f 600/687/374 618/717/369 620/718/5 604/688/381
f 591/656/352 605/704/353 671/704/385 672/656/365
f 623/719/357 627/720/358 616/721/358 615/722/357
f 589/723/364 590/676/363 614/675/350 613/724/349
f 595/660/356 596/659/355 627/674/358 623/725/357
f 595/660/356 623/725/357 673/725/393 674/660/384
f 592/655/351 622/654/350 624/654/390 598/655/367
f 621/709/388 630/708/387 642/708/394 641/709/376
f 598/691/367 624/711/390 625/712/20 602/692/382
f 668/726/395 644/727/396 643/698/383 654/728/395
f 589/723/364 613/724/349 669/724/366 670/723/397
f 616/662/358 627/674/358 628/674/369 618/662/369
f 618/717/369 628/670/369 629/673/5 620/718/5
f 613/729/349 614/730/350 622/731/350 626/732/349
f 604/733/381 620/734/5 653/735/398 656/736/399
f 593/664/360 632/737/361 675/737/400 676/664/401
f 613/729/349 626/732/349 680/732/366 669/729/366
f 650/738/402 661/739/402 642/740/394 644/727/396
f 593/664/360 594/663/359 636/677/362 632/737/361
f 596/659/355 631/658/354 633/658/368 599/659/370
f 630/708/387 640/707/386 644/707/396 642/708/394
f 599/671/370 633/694/368 634/695/48 603/672/371
f 610/696/375 637/686/375 638/689/44 612/697/44
f 608/666/362 636/677/362 637/677/375 610/666/375
f 607/665/361 589/668/364 670/668/397 678/665/400
f 605/705/353 606/741/354 631/742/354 635/706/353
f 612/743/44 638/744/44 663/745/403 657/746/403
f 619/747/20 601/748/380 660/749/404 666/750/405
f 661/739/402 647/751/406 646/752/377 642/740/394
f 625/753/20 619/747/20 666/750/405 645/754/405
f 651/755/407 650/738/402 644/727/396 668/726/395
f 629/756/5 603/757/371 652/758/408 667/759/398
f 654/728/395 643/698/383 664/699/379 655/760/409
f 638/744/44 604/733/381 656/736/399 663/745/403
f 640/707/386 639/710/389 643/710/383 644/707/396
f 639/710/389 621/709/388 641/709/376 643/710/383
f 634/761/48 611/713/48 662/716/392 649/762/392
f 620/734/5 629/756/5 667/759/398 653/735/398
f 642/740/394 646/752/377 665/679/377 641/678/376
f 601/748/380 612/743/44 657/746/403 660/749/404
f 603/757/371 634/761/48 649/762/392 652/758/408
f 646/752/377 647/751/406 648/715/391 645/754/405
f 650/738/402 651/755/407 652/758/408 649/762/392
f 654/728/395 655/760/409 656/736/399 653/735/398
f 658/681/379 659/680/378 660/749/404 657/746/403
f 647/751/406 661/739/402 662/716/392 648/715/391
f 664/699/379 658/681/379 657/746/403 663/745/403
f 659/680/378 665/679/377 666/750/405 660/749/404
f 668/726/395 654/728/395 653/735/398 667/759/398
f 665/679/377 646/752/377 645/754/405 666/750/405
f 651/755/407 668/726/395 667/759/398 652/758/408
f 661/739/402 650/738/402 649/762/392 662/716/392
f 655/760/409 664/699/379 663/745/403 656/736/399
f 602/714/382 625/753/20 645/754/405 648/715/391
f 683/763/410 681/661/393 676/664/401 675/764/400
f 669/765/366 679/766/410 678/767/400 670/768/397
f 680/769/366 682/770/410 679/766/410 669/765/366
f 684/771/410 673/725/393 681/661/393 683/763/410
f 677/772/385 674/660/384 673/725/393 684/771/410
f 672/773/365 671/774/385 682/770/410 680/769/366
f 671/774/385 677/772/385 684/771/410 682/770/410
f 682/770/410 684/771/410 683/763/410 679/766/410
f 679/766/410 683/763/410 675/764/400 678/767/400
f 632/700/361 607/703/361 678/703/400 675/700/400
f 615/661/357 593/664/360 676/664/401 681/661/393
f 623/719/357 615/722/357 681/722/393 673/719/393
f 685/775/411 686/776/412 688/777/413 687/778/414
f 687/778/414 688/777/413 692/779/415 691/780/416
f 691/780/416 692/779/415 690/781/417 689/782/416
f 686/783/412 685/784/411 693/785/418 694/786/419
f 758/787/420 760/788/421 779/789/422 775/790/423
f 692/791/415 688/792/413 686/793/412 690/794/417
f 693/795/418 696/782/424 700/782/425 697/795/426
f 766/796/427 763/797/428 780/798/429 782/799/430
f 690/794/417 686/793/412 694/800/419 695/801/431
f 726/802/432 728/803/433 761/804/434 764/805/435
f 699/781/436 698/806/437 702/806/438 703/781/439
f 694/776/419 693/775/418 697/775/426 698/776/437
f 695/781/431 694/806/419 698/806/437 699/781/436
f 696/782/424 695/781/431 699/781/436 700/782/425
f 701/795/440 704/782/441 708/782/442 705/795/443
f 700/782/425 699/781/436 703/781/439 704/782/441
f 697/795/426 700/782/425 704/782/441 701/795/440
f 698/776/437 697/775/426 701/775/440 702/776/438
f 705/795/443 708/782/442 712/782/444 709/795/445
f 702/776/438 701/775/440 705/775/443 706/776/446
f 703/781/439 702/806/438 706/806/446 707/781/447
f 704/782/441 703/781/439 707/781/447 708/782/442
f 711/781/448 710/806/449 714/806/450 715/781/451
f 706/776/446 705/775/443 709/775/445 710/776/449
f 707/781/447 706/806/446 710/806/449 711/781/448
f 708/782/442 707/781/447 711/781/448 712/782/444
f 713/795/452 716/782/453 720/782/454 717/795/455
f 712/782/444 711/781/448 715/781/451 716/782/453
f 709/795/445 712/782/444 716/782/453 713/795/452
f 710/776/449 709/775/445 713/775/452 714/776/450
f 720/782/454 719/781/456 718/807/457 717/808/455
f 714/776/450 713/775/452 717/775/455 718/776/457
f 715/781/451 714/806/450 718/806/457 719/781/456
f 716/782/453 715/781/451 719/781/456 720/782/454
f 721/809/458 723/810/459 724/811/460 722/812/461
f 723/813/459 727/814/462 728/815/433 724/816/460
f 725/817/459 721/818/458 776/818/463 773/817/464
f 722/812/461 730/819/465 729/820/466 721/809/458
f 723/821/459 721/818/458 725/817/459 727/814/462
f 728/803/433 726/802/432 722/822/461 724/823/460
f 729/818/466 733/818/467 736/817/468 732/817/469
f 687/778/414 691/780/416 769/780/470 767/778/471
f 726/802/432 731/824/472 730/825/465 722/822/461
f 689/782/416 758/782/420 775/782/423 770/782/473
f 735/826/474 739/826/475 738/795/476 734/795/477
f 730/827/465 734/827/477 733/828/467 729/828/466
f 731/826/472 735/826/474 734/795/477 730/795/465
f 732/817/469 736/817/468 735/826/474 731/826/472
f 737/818/478 741/818/479 744/817/480 740/817/481
f 736/817/468 740/817/481 739/826/475 735/826/474
f 733/818/467 737/818/478 740/817/481 736/817/468
f 734/827/477 738/827/476 737/828/478 733/828/467
f 741/818/479 745/818/482 748/817/483 744/817/480
f 738/827/476 742/827/484 741/828/479 737/828/478
f 739/826/475 743/826/485 742/795/484 738/795/476
f 740/817/481 744/817/480 743/826/485 739/826/475
f 747/826/486 751/826/487 750/795/488 746/795/489
f 742/827/484 746/827/489 745/828/482 741/828/479
f 743/826/485 747/826/486 746/795/489 742/795/484
f 744/817/480 748/817/483 747/826/486 743/826/485
f 749/818/490 753/818/491 756/817/492 752/817/493
f 748/817/483 752/817/493 751/826/487 747/826/486
f 745/818/482 749/818/490 752/817/493 748/817/483
f 746/827/489 750/827/488 749/828/490 745/828/482
f 756/817/492 753/829/491 754/830/494 755/826/495
f 750/827/488 754/827/494 753/828/491 749/828/490
f 751/826/487 755/826/495 754/795/494 750/795/488
f 752/817/493 756/817/492 755/826/495 751/826/487
f 758/787/420 757/831/496 759/832/497 760/788/421
f 762/833/498 763/797/428 764/834/435 761/835/434
f 763/797/428 766/796/427 765/836/499 764/834/435
f 731/824/472 726/802/432 764/805/435 765/837/499
f 690/794/417 695/801/431 759/838/497 757/839/496
f 689/782/416 690/781/417 757/781/496 758/782/420
f 728/815/433 727/814/462 762/814/498 761/815/434
f 695/781/431 696/782/424 760/782/421 759/781/497
f 732/817/469 731/826/472 765/826/499 766/817/427
f 721/809/458 729/820/466 777/840/500 776/798/463
f 767/792/471 769/841/470 770/842/473 768/793/501
f 768/793/501 770/842/473 772/843/502 771/844/503
f 773/845/464 778/846/504 782/847/430 780/848/429
f 776/849/463 777/850/500 778/846/504 773/845/464
f 772/843/502 770/842/473 775/851/423 779/852/422
f 774/853/459 773/845/464 780/848/429 781/854/505
f 760/782/421 696/782/424 772/782/502 779/782/422
f 696/782/424 693/795/418 771/795/503 772/782/502
f 762/814/498 727/814/462 774/814/459 781/814/505
f 691/780/416 689/782/416 770/782/473 769/780/470
f 732/817/469 766/817/427 782/817/430 778/817/504
f 685/784/411 687/855/414 767/856/471 768/857/501
f 763/797/428 762/833/498 781/858/505 780/798/429
f 729/818/466 732/817/469 778/817/504 777/818/500
f 727/814/462 725/817/459 773/817/464 774/814/459
f 693/785/418 685/784/411 768/857/501 771/859/503
f 789/860/506 785/861/507 783/862/508 787/863/509
f 793/864/510 786/865/511 837/866/512 836/867/513 835/868/514 838/869/515 839/870/516 790/871/517 797/872/518 845/873/519 844/874/520 843/875/521 848/876/522 847/877/523
f 795/878/524 811/879/525 833/880/526 832/881/527 831/882/528 830/883/529 829/884/530 792/885/531
f 797/886/518 790/887/517 810/888/532 809/889/533 808/890/534 804/891/535 803/892/536 806/893/537
f 783/862/508 785/861/507 786/894/511 784/871/538
f 785/861/507 789/860/506 790/895/517 786/894/511
f 789/860/506 787/863/509 788/896/539 790/887/517
f 787/863/509 783/862/508 784/871/538 788/865/539
f 792/897/531 784/898/538 786/865/511 793/899/510
f 794/900/540 791/901/541 792/902/531 793/903/510
f 798/904/542 794/900/540 793/903/510 797/905/518
f 796/906/543 798/904/542 797/886/518 795/907/524
f 791/901/541 796/906/543 795/908/524 792/902/531
f 794/900/540 798/904/542 796/906/543 791/901/541
f 788/896/539 800/909/544 799/910/545 904/911/546 802/912/547 899/913/5 790/887/517
f 804/891/535 805/914/548 855/914/549 854/891/550
f 809/889/533 810/888/532 860/888/551 859/889/533
f 805/914/548 804/891/535 801/915/552 902/916/553 800/909/544 788/896/539 811/917/525 812/918/554 816/919/555
f 804/891/535 808/890/534 807/920/556 899/913/5 802/912/547 801/915/552
f 813/921/557 814/922/558 864/922/558 863/921/557
f 803/892/536 804/891/535 854/891/550 853/892/536
f 815/923/559 814/922/558 813/921/557 811/917/525 795/907/524 797/886/518 816/919/555
f 784/872/538 818/924/560 824/925/561 823/926/562 826/927/563 822/928/564 788/864/539
f 825/929/565 822/928/564 890/928/566 889/929/567
f 830/883/529 831/882/528 896/882/568 895/883/569
f 825/929/565 824/925/561 818/924/560 817/930/570 821/931/571 822/928/564
f 792/885/531 829/884/530 828/932/572 827/933/573 833/880/526 821/931/571 820/934/574 819/935/575 818/924/560 784/872/538
f 819/935/575 820/934/574 885/934/576 884/935/577
f 790/871/517 839/870/516 842/936/578 841/937/579 840/938/580 834/939/581 837/866/512 786/865/511
f 836/867/513 837/866/512 870/866/582 869/867/583
f 840/938/580 841/937/579 874/937/584 873/938/585
f 847/877/523 848/876/522 881/876/586 880/877/587
f 846/940/588 845/873/519 797/872/518 793/864/510 847/877/523
f 849/941/589 850/942/590 905/943/591 903/944/592
f 856/945/593 853/946/536 854/947/550 855/948/549
f 857/949/594 900/950/595 858/951/596 859/952/533 860/953/551
f 866/954/597 861/955/554 862/956/598 863/957/557 864/958/558 865/959/559
f 814/922/558 815/923/559 865/923/559 864/922/558
f 799/910/545 800/909/544 850/909/590 849/910/589
f 810/888/532 807/920/556 857/920/594 860/888/551
f 805/914/548 806/893/537 856/893/593 855/914/549
f 815/923/559 816/919/555 866/919/597 865/923/559
f 800/909/544 902/916/553 905/960/591 850/909/590
f 806/893/537 803/892/536 853/892/536 856/893/593
f 816/919/555 812/918/554 861/918/554 866/919/597
f 801/915/552 802/912/547 852/912/599 851/915/600
f 802/912/547 904/911/546 903/961/592 852/912/599
f 812/918/554 811/917/525 862/917/598 861/918/554
f 807/920/556 900/962/595 857/920/594
f 811/917/525 813/921/557 863/921/557 862/917/598
f 808/890/534 809/889/533 859/889/533 858/890/596
f 867/963/601 901/964/602 868/965/603 869/966/583 870/967/582
f 871/968/604 873/969/585 874/970/584 875/971/605 872/972/606
f 880/973/587 881/974/586 876/975/607 877/976/608 878/977/609 879/978/610
f 848/876/522 843/875/521 876/875/607 881/876/586
f 841/937/579 842/936/578 875/936/605 874/937/584
f 837/866/512 834/939/581 867/939/601 870/866/582
f 842/936/578 839/870/516 872/870/606 875/936/605
f 843/875/521 844/874/520 877/874/608 876/875/607
f 844/874/520 845/873/519 878/873/609 877/874/608
f 845/873/519 846/940/588 879/940/610 878/873/609
f 839/870/516 838/869/515 871/869/604 872/870/606
f 834/939/581 835/868/514 868/868/603 901/979/602
f 846/940/588 847/877/523 880/877/587 879/940/610
f 838/869/515 840/938/580 873/938/585 871/869/604
f 835/868/514 836/867/513 869/867/583 868/868/603
f 882/980/611 883/981/612 884/982/577 885/983/576 886/984/613
f 890/985/566 891/986/614 887/987/615 888/988/616 889/989/567
f 892/990/617 893/991/618 894/992/619 895/993/569 896/994/568 897/995/620 898/996/621
f 820/934/574 821/931/571 886/931/613 885/934/576
f 831/882/528 832/881/527 897/881/620 896/882/568
f 822/928/564 826/927/563 891/927/614 890/928/566
f 821/931/571 817/930/570 882/930/611 886/931/613
f 832/881/527 833/880/526 898/880/621 897/881/620
f 826/927/563 823/926/562 887/926/615 891/927/614
f 833/880/526 827/933/573 892/933/617 898/880/621
f 827/933/573 828/932/572 893/932/618 892/933/617
f 817/930/570 818/924/560 883/924/612 882/930/611
f 828/932/572 829/884/530 894/884/619 893/932/618
f 823/926/562 824/925/561 888/925/616 887/926/615
f 818/924/560 819/935/575 884/935/577 883/924/612
f 829/884/530 830/883/529 895/883/569 894/884/619
f 824/925/561 825/929/565 889/929/567 888/925/616
f 900/962/595 807/920/556 808/890/534 858/890/596
f 899/913/5 807/920/556 810/888/532 790/887/517
f 816/919/555 797/886/518 806/893/537 805/914/548
f 821/931/571 833/880/526 811/879/525 788/864/539 822/928/564
f 834/939/581 840/938/580 838/869/515 835/868/514
f 901/979/602 867/939/601 834/939/581
f 905/960/591 902/916/553 801/915/552 851/915/600
f 903/961/592 904/911/546 799/910/545 849/910/589
f 903/944/592 905/943/591 851/997/600 852/998/599
f 906/999/178 908/1000/178 912/1001/178 910/1002/178
f 909/1003/44 913/1004/44 912/1005/44 908/1006/44
f 913/1007/5 911/1008/5 910/1009/5 912/1010/5
f 911/1011/134 913/1012/134 909/1013/134 907/1014/134
f 907/1015/20 909/1016/20 908/1017/20 906/1018/20
f 911/1019/48 907/1020/48 906/1021/48 910/1022/48
f 914/999/178 918/1002/178 920/1001/178 916/1000/178
f 917/1003/48 916/1006/48 920/1005/48 921/1004/48
f 921/1007/5 920/1010/5 918/1009/5 919/1008/5
f 919/1011/134 915/1014/134 917/1013/134 921/1012/134
f 915/1015/20 914/1018/20 916/1017/20 917/1016/20
f 919/1019/44 918/1022/44 914/1021/44 915/1020/44
f 922/999/178 924/1000/178 928/1001/178 926/1002/178
f 925/1003/48 929/1004/48 928/1005/48 924/1006/48
f 929/1007/20 927/1008/20 926/1009/20 928/1010/20
f 927/1011/134 929/1012/134 925/1013/134 923/1014/134
f 923/1015/5 925/1016/5 924/1017/5 922/1018/5
f 927/1019/44 923/1020/44 922/1021/44 926/1022/44
f 930/999/178 934/1002/178 936/1001/178 932/1000/178
f 933/1003/44 932/1006/44 936/1005/44 937/1004/44
f 937/1007/20 936/1010/20 934/1009/20 935/1008/20
f 935/1011/134 931/1014/134 933/1013/134 937/1012/134
f 931/1015/5 930/1018/5 932/1017/5 933/1016/5
f 935/1019/48 934/1022/48 930/1021/48 931/1020/48
f 938/999/622 942/1002/622 944/1001/622 940/1000/622
f 941/1003/623 940/1006/623 944/1005/623 945/1004/623
f 945/1007/624 944/1010/624 942/1009/624 943/1008/624
f 943/1011/625 939/1014/625 941/1013/625 945/1012/625
f 939/1015/626 938/1018/626 940/1017/626 941/1016/626
f 943/1019/627 942/1022/627 938/1021/627 939/1020/627
f 946/999/628 948/1000/628 952/1001/628 950/1002/628
f 949/1003/629 953/1004/629 952/1005/629 948/1006/629
f 953/1007/630 951/1008/630 950/1009/630 952/1010/630
f 951/1011/631 953/1012/631 949/1013/631 947/1014/631
f 947/1015/632 949/1016/632 948/1017/632 946/1018/632
f 951/1019/633 947/1020/633 946/1021/633 950/1022/633
f 954/999/44 956/1000/44 960/1001/44 958/1002/44
f 957/1003/178 961/1004/178 960/1005/178 956/1006/178
f 961/1007/20 959/1008/20 958/1009/20 960/1010/20
f 959/1011/48 961/1012/48 957/1013/48 955/1014/48
f 955/1015/5 957/1016/5 956/1017/5 954/1018/5
f 959/1019/134 955/1020/134 954/1021/134 958/1022/134
f 962/999/634 964/1000/634 968/1001/634 966/1002/634
f 965/1003/20 969/1004/20 968/1005/20 964/1006/20
f 969/1007/635 967/1008/635 966/1009/635 968/1010/635
f 967/1011/636 969/1012/636 965/1013/636 963/1014/636
f 963/1015/637 965/1016/637 964/1017/637 962/1018/637
f 967/1019/5 963/1020/5 962/1021/5 966/1022/5
f 970/999/634 972/1000/634 976/1001/634 974/1002/634
f 973/1003/20 977/1004/20 976/1005/20 972/1006/20
f 977/1007/635 975/1008/635 974/1009/635 976/1010/635
f 975/1011/636 977/1012/636 973/1013/636 971/1014/636
f 971/1015/637 973/1016/637 972/1017/637 970/1018/637
f 975/1019/5 971/1020/5 970/1021/5 974/1022/5
f 978/999/634 980/1000/634 984/1001/634 982/1002/634
f 981/1003/20 985/1004/20 984/1005/20 980/1006/20
f 985/1007/635 983/1008/635 982/1009/635 984/1010/635
f 983/1011/636 985/1012/636 981/1013/636 979/1014/636
f 979/1015/637 981/1016/637 980/1017/637 978/1018/637
f 983/1019/5 979/1020/5 978/1021/5 982/1022/5
f 986/999/634 988/1000/634 992/1001/634 990/1002/634
f 989/1003/20 993/1004/20 992/1005/20 988/1006/20
f 993/1007/635 991/1008/635 990/1009/635 992/1010/635
f 991/1011/636 993/1012/636 989/1013/636 987/1014/636
f 987/1015/637 989/1016/637 988/1017/637 986/1018/637
f 991/1019/5 987/1020/5 986/1021/5 990/1022/5
f 994/999/634 996/1000/634 1000/1001/634 998/1002/634
f 997/1003/20 1001/1004/20 1000/1005/20 996/1006/20
f 1001/1007/635 999/1008/635 998/1009/635 1000/1010/635
f 999/1011/636 1001/1012/636 997/1013/636 995/1014/636
f 995/1015/637 997/1016/637 996/1017/637 994/1018/637
f 999/1019/5 995/1020/5 994/1021/5 998/1022/5
f 1002/999/638 1004/1000/638 1008/1001/638 1006/1002/638
f 1005/1003/639 1009/1004/639 1008/1005/639 1004/1006/639
f 1009/1007/20 1007/1008/20 1006/1009/20 1008/1010/20
f 1007/1011/640 1009/1012/640 1005/1013/640 1003/1014/640
f 1003/1015/5 1005/1016/5 1004/1017/5 1002/1018/5
f 1007/1019/641 1003/1020/641 1002/1021/641 1006/1022/641
f 1010/999/640 1012/1000/640 1016/1001/640 1014/1002/640
f 1013/1003/641 1017/1004/641 1016/1005/641 1012/1006/641
f 1017/1007/20 1015/1008/20 1014/1009/20 1016/1010/20
f 1015/1011/638 1017/1012/638 1013/1013/638 1011/1014/638
f 1011/1015/5 1013/1016/5 1012/1017/5 1010/1018/5
f 1015/1019/639 1011/1020/639 1010/1021/639 1014/1022/639
f 1018/999/638 1020/1000/638 1024/1001/638 1022/1002/638
f 1021/1003/639 1025/1004/639 1024/1005/639 1020/1006/639
f 1025/1007/20 1023/1008/20 1022/1009/20 1024/1010/20
f 1023/1011/640 1025/1012/640 1021/1013/640 1019/1014/640
f 1019/1015/5 1021/1016/5 1020/1017/5 1018/1018/5
f 1023/1019/641 1019/1020/641 1018/1021/641 1022/1022/641
f 1026/999/642 1030/1002/642 1032/1001/642 1028/1000/642
f 1029/1003/643 1028/1006/643 1032/1005/643 1033/1004/643
f 1033/1007/20 1032/1010/20 1030/1009/20 1031/1008/20
f 1031/1011/644 1027/1014/644 1029/1013/644 1033/1012/644
f 1027/1015/5 1026/1018/5 1028/1017/5 1029/1016/5
f 1031/1019/645 1030/1022/645 1026/1021/645 1027/1020/645
f 1034/999/644 1038/1002/644 1040/1001/644 1036/1000/644
f 1037/1003/645 1036/1006/645 1040/1005/645 1041/1004/645
f 1041/1007/20 1040/1010/20 1038/1009/20 1039/1008/20
f 1039/1011/642 1035/1014/642 1037/1013/642 1041/1012/642
f 1035/1015/5 1034/1018/5 1036/1017/5 1037/1016/5
f 1039/1019/643 1038/1022/643 1034/1021/643 1035/1020/643
f 1042/999/642 1046/1002/642 1048/1001/642 1044/1000/642
f 1045/1003/643 1044/1006/643 1048/1005/643 1049/1004/643
f 1049/1007/20 1048/1010/20 1046/1009/20 1047/1008/20
f 1047/1011/644 1043/1014/644 1045/1013/644 1049/1012/644
f 1043/1015/5 1042/1018/5 1044/1017/5 1045/1016/5
f 1047/1019/645 1046/1022/645 1042/1021/645 1043/1020/645
f 1050/999/638 1054/1002/638 1056/1001/638 1052/1000/638
f 1053/1003/639 1052/1006/639 1056/1005/639 1057/1004/639
f 1057/1007/5 1056/1010/5 1054/1009/5 1055/1008/5
f 1055/1011/640 1051/1014/640 1053/1013/640 1057/1012/640
f 1051/1015/20 1050/1018/20 1052/1017/20 1053/1016/20
f 1055/1019/641 1054/1022/641 1050/1021/641 1051/1020/641
f 1058/999/640 1062/1002/640 1064/1001/640 1060/1000/640
f 1061/1003/641 1060/1006/641 1064/1005/641 1065/1004/641
f 1065/1007/5 1064/1010/5 1062/1009/5 1063/1008/5
f 1063/1011/638 1059/1014/638 1061/1013/638 1065/1012/638
f 1059/1015/20 1058/1018/20 1060/1017/20 1061/1016/20
f 1063/1019/639 1062/1022/639 1058/1021/639 1059/1020/639
f 1066/999/638 1070/1002/638 1072/1001/638 1068/1000/638
f 1069/1003/639 1068/1006/639 1072/1005/639 1073/1004/639
f 1073/1007/5 1072/1010/5 1070/1009/5 1071/1008/5
f 1071/1011/640 1067/1014/640 1069/1013/640 1073/1012/640
f 1067/1015/20 1066/1018/20 1068/1017/20 1069/1016/20
f 1071/1019/641 1070/1022/641 1066/1021/641 1067/1020/641
f 1074/999/642 1076/1000/642 1080/1001/642 1078/1002/642
f 1077/1003/643 1081/1004/643 1080/1005/643 1076/1006/643
f 1081/1007/5 1079/1008/5 1078/1009/5 1080/1010/5
f 1079/1011/644 1081/1012/644 1077/1013/644 1075/1014/644
f 1075/1015/20 1077/1016/20 1076/1017/20 1074/1018/20
f 1079/1019/645 1075/1020/645 1074/1021/645 1078/1022/645
f 1082/999/644 1084/1000/644 1088/1001/644 1086/1002/644
f 1085/1003/645 1089/1004/645 1088/1005/645 1084/1006/645
f 1089/1007/5 1087/1008/5 1086/1009/5 1088/1010/5
f 1087/1011/642 1089/1012/642 1085/1013/642 1083/1014/642
f 1083/1015/20 1085/1016/20 1084/1017/20 1082/1018/20
f 1087/1019/643 1083/1020/643 1082/1021/643 1086/1022/643
f 1090/999/642 1092/1000/642 1096/1001/642 1094/1002/642
f 1093/1003/643 1097/1004/643 1096/1005/643 1092/1006/643
f 1097/1007/5 1095/1008/5 1094/1009/5 1096/1010/5
f 1095/1011/644 1097/1012/644 1093/1013/644 1091/1014/644
f 1091/1015/20 1093/1016/20 1092/1017/20 1090/1018/20
f 1095/1019/645 1091/1020/645 1090/1021/645 1094/1022/645
f 1098/999/646 1102/1002/646 1104/1001/646 1100/1000/646
f 1101/1003/20 1100/1006/20 1104/1005/20 1105/1004/20
f 1105/1007/647 1104/1010/647 1102/1009/647 1103/1008/647
f 1103/1011/648 1099/1014/648 1101/1013/648 1105/1012/648
f 1099/1015/649 1098/1018/649 1100/1017/649 1101/1016/649
f 1103/1019/5 1102/1022/5 1098/1021/5 1099/1020/5
f 1106/999/646 1110/1002/646 1112/1001/646 1108/1000/646
f 1109/1003/20 1108/1006/20 1112/1005/20 1113/1004/20
f 1113/1007/647 1112/1010/647 1110/1009/647 1111/1008/647
f 1111/1011/648 1107/1014/648 1109/1013/648 1113/1012/648
f 1107/1015/649 1106/1018/649 1108/1017/649 1109/1016/649
f 1111/1019/5 1110/1022/5 1106/1021/5 1107/1020/5
f 1114/999/646 1118/1002/646 1120/1001/646 1116/1000/646
f 1117/1003/20 1116/1006/20 1120/1005/20 1121/1004/20
f 1121/1007/647 1120/1010/647 1118/1009/647 1119/1008/647
f 1119/1011/648 1115/1014/648 1117/1013/648 1121/1012/648
f 1115/1015/649 1114/1018/649 1116/1017/649 1117/1016/649
f 1119/1019/5 1118/1022/5 1114/1021/5 1115/1020/5
f 1122/999/646 1126/1002/646 1128/1001/646 1124/1000/646
f 1125/1003/20 1124/1006/20 1128/1005/20 1129/1004/20
f 1129/1007/647 1128/1010/647 1126/1009/647 1127/1008/647
f 1127/1011/648 1123/1014/648 1125/1013/648 1129/1012/648
f 1123/1015/649 1122/1018/649 1124/1017/649 1125/1016/649
f 1127/1019/5 1126/1022/5 1122/1021/5 1123/1020/5
f 1130/999/646 1134/1002/646 1136/1001/646 1132/1000/646
f 1133/1003/20 1132/1006/20 1136/1005/20 1137/1004/20
f 1137/1007/647 1136/1010/647 1134/1009/647 1135/1008/647
f 1135/1011/648 1131/1014/648 1133/1013/648 1137/1012/648
f 1131/1015/649 1130/1018/649 1132/1017/649 1133/1016/649
f 1135/1019/5 1134/1022/5 1130/1021/5 1131/1020/5
f 1150/1023/650 1151/1024/651 1141/1025/652 1139/1026/652
f 1151/1027/653 1152/1028/653 1145/1029/653 1141/1030/653
f 1152/1031/654 1153/1032/654 1143/1033/655 1145/1034/655
f 1153/1035/656 1150/1036/656 1139/1037/656 1143/1038/656
f 1142/1039/657 1161/1040/657 1159/1041/657 1138/1042/657
f 1143/1033/655 1169/1043/178 1168/1044/178 1145/1034/655
f 1156/1045/658 1157/1046/659 1146/1047/186 1149/1048/186
f 1155/1049/660 1156/1050/660 1149/1051/661 1148/1052/662
f 1154/1053/663 1155/1054/664 1148/1055/665 1147/1056/665
f 1157/1057/666 1154/1058/666 1147/1059/667 1146/1060/668
f 1149/1048/669 1146/1047/669 1150/1036/669 1153/1035/669
f 1148/1052/662 1149/1051/661 1153/1032/654 1152/1031/654
f 1147/1056/670 1148/1055/670 1152/1028/670 1151/1027/670
f 1146/1060/668 1147/1059/667 1151/1024/651 1150/1023/650
f 1138/1061/671 1140/1062/671 1154/1058/666 1157/1057/666
f 1140/1063/672 1144/1064/672 1155/1054/664 1154/1053/663
f 1144/1065/673 1142/1066/673 1156/1050/660 1155/1049/660
f 1142/1039/674 1138/1042/674 1157/1046/659 1156/1045/658
f 1161/1040/675 1165/1067/675 1163/1068/675 1159/1041/675
f 1140/1063/676 1158/1069/676 1160/1070/676 1144/1064/676
f 1138/1061/671 1159/1071/134 1158/1072/134 1140/1062/671
f 1144/1065/673 1160/1073/178 1161/1074/178 1142/1066/673
f 1164/1075/178 1180/1076/178 1181/1077/178 1165/1078/178
f 1158/1069/677 1162/1079/677 1164/1080/677 1160/1070/677
f 1160/1073/678 1164/1075/678 1165/1078/678 1161/1074/678
f 1159/1071/679 1163/1081/679 1162/1082/679 1158/1072/679
f 1169/1043/680 1173/1083/680 1172/1084/680 1168/1044/680
f 1141/1025/652 1167/1085/134 1166/1086/134 1139/1026/652
f 1139/1037/657 1166/1087/657 1169/1088/657 1143/1038/657
f 1145/1029/676 1168/1089/676 1167/1090/676 1141/1030/676
f 1173/1083/178 1177/1091/178 1176/1092/178 1172/1084/178
f 1167/1085/681 1171/1093/681 1170/1094/681 1166/1086/681
f 1166/1087/682 1170/1095/682 1173/1096/682 1169/1088/682
f 1168/1089/683 1172/1097/683 1171/1098/683 1167/1090/683
f 1176/1099/684 1177/1100/684 1174/1101/684 1175/1102/684
f 1171/1093/134 1175/1103/134 1174/1104/134 1170/1094/134
f 1170/1095/657 1174/1105/657 1177/1106/657 1173/1096/657
f 1172/1097/676 1176/1107/676 1175/1108/676 1171/1098/676
f 1178/1109/685 1179/1110/685 1181/1111/685 1180/1112/685
f 1163/1081/134 1179/1113/134 1178/1114/134 1162/1082/134
f 1165/1067/657 1181/1115/657 1179/1116/657 1163/1068/657
f 1162/1079/676 1178/1117/676 1180/1118/676 1164/1080/676
f 1194/1023/650 1183/1026/652 1185/1025/652 1195/1024/651
f 1195/1027/686 1185/1030/686 1189/1029/686 1196/1028/686
f 1196/1031/654 1189/1034/655 1187/1033/655 1197/1032/654
f 1197/1035/687 1187/1038/687 1183/1037/687 1194/1036/687
f 1186/1039/688 1182/1042/688 1203/1041/688 1205/1040/688
f 1187/1033/655 1189/1034/655 1212/1044/178 1213/1043/178
f 1200/1045/689 1193/1048/183 1190/1047/183 1201/1046/690
f 1199/1049/691 1192/1052/662 1193/1051/661 1200/1050/691
f 1198/1053/692 1191/1056/693 1192/1055/693 1199/1054/694
f 1201/1057/695 1190/1060/668 1191/1059/667 1198/1058/695
f 1193/1048/696 1197/1035/696 1194/1036/696 1190/1047/696
f 1192/1052/662 1196/1031/654 1197/1032/654 1193/1051/661
f 1191/1056/697 1195/1027/697 1196/1028/697 1192/1055/697
f 1190/1060/668 1194/1023/650 1195/1024/651 1191/1059/667
f 1182/1061/671 1201/1057/695 1198/1058/695 1184/1062/671
f 1184/1063/698 1198/1053/692 1199/1054/694 1188/1064/698
f 1188/1065/673 1199/1049/691 1200/1050/691 1186/1066/673
f 1186/1039/699 1200/1045/689 1201/1046/690 1182/1042/699
f 1205/1040/700 1203/1041/700 1207/1068/700 1209/1067/700
f 1184/1063/701 1188/1064/701 1204/1070/701 1202/1069/701
f 1182/1061/671 1184/1062/671 1202/1072/134 1203/1071/134
f 1188/1065/673 1186/1066/673 1205/1074/178 1204/1073/178
f 1208/1075/178 1209/1078/178 1225/1077/178 1224/1076/178
f 1202/1069/702 1204/1070/702 1208/1080/702 1206/1079/702
f 1204/1073/703 1205/1074/703 1209/1078/703 1208/1075/703
f 1203/1071/704 1202/1072/704 1206/1082/704 1207/1081/704
f 1213/1043/705 1212/1044/705 1216/1084/705 1217/1083/705
f 1185/1025/652 1183/1026/652 1210/1086/134 1211/1085/134
f 1183/1037/688 1187/1038/688 1213/1088/688 1210/1087/688
f 1189/1029/701 1185/1030/701 1211/1090/701 1212/1089/701
f 1217/1083/178 1216/1084/178 1220/1092/178 1221/1091/178
f 1211/1085/706 1210/1086/706 1214/1094/706 1215/1093/706
f 1210/1087/707 1213/1088/707 1217/1096/707 1214/1095/707
f 1212/1089/708 1211/1090/708 1215/1098/708 1216/1097/708
f 1220/1099/709 1219/1102/709 1218/1101/709 1221/1100/709
f 1215/1093/134 1214/1094/134 1218/1104/134 1219/1103/134
f 1214/1095/688 1217/1096/688 1221/1106/688 1218/1105/688
f 1216/1097/701 1215/1098/701 1219/1108/701 1220/1107/701
f 1222/1109/710 1224/1112/710 1225/1111/710 1223/1110/710
f 1207/1081/134 1206/1082/134 1222/1114/134 1223/1113/134
f 1209/1067/688 1207/1068/688 1223/1116/688 1225/1115/688
f 1206/1079/701 1208/1080/701 1224/1118/701 1222/1117/701
f 1238/1023/711 1227/1026/712 1229/1025/713 1239/1024/714
f 1239/1027/715 1229/1030/715 1233/1029/715 1240/1028/715
f 1240/1031/716 1233/1034/717 1231/1033/718 1241/1032/719
f 1241/1035/720 1231/1038/720 1227/1037/720 1238/1036/720
f 1230/1039/721 1226/1042/721 1247/1041/721 1249/1040/721
f 1231/1033/718 1233/1034/717 1256/1044/178 1257/1043/178
f 1244/1045/722 1237/1048/723 1234/1047/723 1245/1046/724
f 1243/1049/725 1236/1052/726 1237/1051/727 1244/1050/728
f 1242/1053/729 1235/1056/658 1236/1055/658 1243/1054/730
f 1245/1057/731 1234/1060/732 1235/1059/733 1242/1058/734
f 1237/1048/735 1241/1035/735 1238/1036/735 1234/1047/735
f 1236/1052/726 1240/1031/716 1241/1032/719 1237/1051/727
f 1235/1056/736 1239/1027/736 1240/1028/736 1236/1055/736
f 1234/1060/732 1238/1023/711 1239/1024/714 1235/1059/733
f 1226/1061/737 1245/1057/731 1242/1058/734 1228/1062/738
f 1228/1063/739 1242/1053/729 1243/1054/730 1232/1064/739
f 1232/1065/740 1243/1049/725 1244/1050/728 1230/1066/741
f 1230/1039/742 1244/1045/722 1245/1046/724 1226/1042/742
f 1249/1040/743 1247/1041/743 1251/1068/743 1253/1067/743
f 1228/1063/744 1232/1064/744 1248/1070/744 1246/1069/744
f 1226/1061/737 1228/1062/738 1246/1072/134 1247/1071/134
f 1232/1065/740 1230/1066/741 1249/1074/178 1248/1073/178
f 1252/1075/178 1253/1078/178 1269/1077/178 1268/1076/178
f 1246/1069/745 1248/1070/745 1252/1080/745 1250/1079/745
f 1248/1073/746 1249/1074/746 1253/1078/746 1252/1075/746
f 1247/1071/747 1246/1072/747 1250/1082/747 1251/1081/747
f 1257/1043/748 1256/1044/748 1260/1084/748 1261/1083/748
f 1229/1025/713 1227/1026/712 1254/1086/134 1255/1085/134
f 1227/1037/721 1231/1038/721 1257/1088/721 1254/1087/721
f 1233/1029/744 1229/1030/744 1255/1090/744 1256/1089/744
f 1261/1083/178 1260/1084/178 1264/1092/178 1265/1091/178
f 1255/1085/749 1254/1086/749 1258/1094/749 1259/1093/749
f 1254/1087/750 1257/1088/750 1261/1096/750 1258/1095/750
f 1256/1089/751 1255/1090/751 1259/1098/751 1260/1097/751
f 1264/1099/752 1263/1102/752 1262/1101/752 1265/1100/752
f 1259/1093/134 1258/1094/134 1262/1104/134 1263/1103/134
f 1258/1095/721 1261/1096/721 1265/1106/721 1262/1105/721
f 1260/1097/744 1259/1098/744 1263/1108/744 1264/1107/744
f 1266/1109/753 1268/1112/753 1269/1111/753 1267/1110/753
f 1251/1081/134 1250/1082/134 1266/1114/134 1267/1113/134
f 1253/1067/721 1251/1068/721 1267/1116/721 1269/1115/721
f 1250/1079/744 1252/1080/744 1268/1118/744 1266/1117/744
f 1282/1023/754 1271/1026/755 1273/1025/756 1283/1024/757
f 1283/1027/758 1273/1030/758 1277/1029/758 1284/1028/758
f 1284/1031/759 1277/1034/760 1275/1033/761 1285/1032/762
f 1285/1035/763 1275/1038/763 1271/1037/763 1282/1036/763
f 1274/1039/764 1270/1042/764 1291/1041/764 1293/1040/764
f 1275/1033/761 1277/1034/760 1300/1044/178 1301/1043/178
f 1288/1045/765 1281/1048/766 1278/1047/766 1289/1046/767
f 1287/1049/768 1280/1052/769 1281/1051/769 1288/1050/768
f 1286/1053/770 1279/1056/771 1280/1055/771 1287/1054/772
f 1289/1057/773 1278/1060/774 1279/1059/775 1286/1058/773
f 1281/1048/776 1285/1035/776 1282/1036/776 1278/1047/776
f 1280/1052/769 1284/1031/759 1285/1032/762 1281/1051/769
f 1279/1056/777 1283/1027/777 1284/1028/777 1280/1055/777
f 1278/1060/774 1282/1023/754 1283/1024/757 1279/1059/775
f 1270/1061/778 1289/1057/773 1286/1058/773 1272/1062/778
f 1272/1063/779 1286/1053/770 1287/1054/772 1276/1064/779
f 1276/1065/780 1287/1049/768 1288/1050/768 1274/1066/780
f 1274/1039/781 1288/1045/765 1289/1046/767 1270/1042/781
f 1293/1040/782 1291/1041/782 1295/1068/782 1297/1067/782
f 1272/1063/783 1276/1064/783 1292/1070/783 1290/1069/783
f 1270/1061/778 1272/1062/778 1290/1072/134 1291/1071/134
f 1276/1065/780 1274/1066/780 1293/1074/178 1292/1073/178
f 1296/1075/178 1297/1078/178 1313/1077/178 1312/1076/178
f 1290/1069/784 1292/1070/784 1296/1080/784 1294/1079/784
f 1292/1073/785 1293/1074/785 1297/1078/785 1296/1075/785
f 1291/1071/786 1290/1072/786 1294/1082/786 1295/1081/786
f 1301/1043/787 1300/1044/787 1304/1084/787 1305/1083/787
f 1273/1025/756 1271/1026/755 1298/1086/134 1299/1085/134
f 1271/1037/764 1275/1038/764 1301/1088/764 1298/1087/764
f 1277/1029/788 1273/1030/788 1299/1090/788 1300/1089/788
f 1305/1083/178 1304/1084/178 1308/1092/178 1309/1091/178
f 1299/1085/789 1298/1086/789 1302/1094/789 1303/1093/789
f 1298/1087/790 1301/1088/790 1305/1096/790 1302/1095/790
f 1300/1089/791 1299/1090/791 1303/1098/791 1304/1097/791
f 1308/1099/792 1307/1102/792 1306/1101/792 1309/1100/792
f 1303/1093/134 1302/1094/134 1306/1104/134 1307/1103/134
f 1302/1095/764 1305/1096/764 1309/1106/764 1306/1105/764
f 1304/1097/783 1303/1098/783 1307/1108/783 1308/1107/783
f 1310/1109/793 1312/1112/793 1313/1111/793 1311/1110/793
f 1295/1081/134 1294/1082/134 1310/1114/134 1311/1113/134
f 1297/1067/764 1295/1068/764 1311/1116/764 1313/1115/764
f 1294/1079/783 1296/1080/783 1312/1118/783 1310/1117/783
f 1326/1023/794 1327/1024/795 1317/1025/756 1315/1026/755
f 1327/1027/796 1328/1028/796 1321/1029/796 1317/1030/796
f 1328/1031/759 1329/1032/762 1319/1033/761 1321/1034/760
f 1329/1035/797 1326/1036/797 1315/1037/797 1319/1038/797
f 1318/1039/798 1337/1040/798 1335/1041/798 1314/1042/798
f 1319/1033/761 1345/1043/178 1344/1044/178 1321/1034/760
f 1332/1045/799 1333/1046/800 1322/1047/801 1325/1048/801
f 1331/1049/802 1332/1050/802 1325/1051/769 1324/1052/769
f 1330/1053/803 1331/1054/804 1324/1055/805 1323/1056/805
f 1333/1057/806 1330/1058/806 1323/1059/775 1322/1060/774
f 1325/1048/807 1322/1047/807 1326/1036/807 1329/1035/807
f 1324/1052/769 1325/1051/769 1329/1032/762 1328/1031/759
f 1323/1056/808 1324/1055/808 1328/1028/808 1327/1027/808
f 1322/1060/774 1323/1059/775 1327/1024/795 1326/1023/794
f 1314/1061/778 1316/1062/778 1330/1058/806 1333/1057/806
f 1316/1063/809 1320/1064/809 1331/1054/804 1330/1053/803
f 1320/1065/780 1318/1066/810 1332/1050/802 1331/1049/802
f 1318/1039/811 1314/1042/811 1333/1046/800 1332/1045/799
f 1337/1040/812 1341/1067/812 1339/1068/812 1335/1041/812
f 1316/1063/813 1334/1069/813 1336/1070/813 1320/1064/813
f 1314/1061/778 1335/1071/134 1334/1072/134 1316/1062/778
f 1320/1065/780 1336/1073/178 1337/1074/178 1318/1066/810
f 1340/1075/178 1356/1076/178 1357/1077/178 1341/1078/178
f 1334/1069/814 1338/1079/814 1340/1080/814 1336/1070/814
f 1336/1073/815 1340/1075/815 1341/1078/815 1337/1074/815
f 1335/1071/816 1339/1081/816 1338/1082/816 1334/1072/816
f 1345/1043/817 1349/1083/817 1348/1084/817 1344/1044/817
f 1317/1025/756 1343/1085/134 1342/1086/134 1315/1026/755
f 1315/1037/798 1342/1087/798 1345/1088/798 1319/1038/798
f 1321/1029/818 1344/1089/818 1343/1090/818 1317/1030/818
f 1349/1083/178 1353/1091/178 1352/1092/178 1348/1084/178
f 1343/1085/819 1347/1093/819 1346/1094/819 1342/1086/819
f 1342/1087/820 1346/1095/820 1349/1096/820 1345/1088/820
f 1344/1089/821 1348/1097/821 1347/1098/821 1343/1090/821
f 1352/1099/822 1353/1100/822 1350/1101/822 1351/1102/822
f 1347/1093/134 1351/1103/134 1350/1104/134 1346/1094/134
f 1346/1095/798 1350/1105/798 1353/1106/798 1349/1096/798
f 1348/1097/813 1352/1107/813 1351/1108/813 1347/1098/813
f 1354/1109/823 1355/1110/823 1357/1111/823 1356/1112/823
f 1339/1081/134 1355/1113/134 1354/1114/134 1338/1082/134
f 1341/1067/798 1357/1115/798 1355/1116/798 1339/1068/798
f 1338/1079/813 1354/1117/813 1356/1118/813 1340/1080/813
f 1370/1119/824 1359/1120/824 1361/1121/824 1371/1122/824
f 1371/1123/825 1361/1124/825 1365/1125/825 1372/1126/825
f 1372/1127/826 1365/1128/826 1363/1129/826 1373/1130/826
f 1373/1131/827 1363/1132/827 1359/1133/827 1370/1134/827
f 1360/1135/134 1364/1136/134 1362/1137/134 1358/1138/134
f 1365/1139/178 1361/1140/178 1359/1141/178 1363/1142/178
f 1376/1143/828 1369/1144/828 1366/1145/828 1377/1146/828
f 1375/1147/829 1368/1148/829 1369/1149/829 1376/1150/829
f 1374/1151/830 1367/1152/830 1368/1153/830 1375/1154/830
f 1377/1155/831 1366/1156/831 1367/1157/831 1374/1158/831
f 1369/1144/828 1373/1131/828 1370/1134/828 1366/1145/828
f 1368/1148/829 1372/1127/829 1373/1130/829 1369/1149/829
f 1367/1152/830 1371/1123/830 1372/1126/830 1368/1153/830
f 1366/1156/831 1370/1119/831 1371/1122/831 1367/1157/831
f 1358/1159/832 1377/1155/832 1374/1158/832 1360/1160/832
f 1360/1161/833 1374/1151/833 1375/1154/833 1364/1162/833
f 1364/1163/834 1375/1147/834 1376/1150/834 1362/1164/834
f 1362/1165/835 1376/1143/835 1377/1146/835 1358/1166/835
f 1378/1167/831 1379/1168/831 1381/1169/831 1380/1170/831
f 1380/47/830 1381/144/830 1385/145/830 1384/48/830
f 1384/48/829 1385/145/829 1383/198/829 1382/54/829
f 1379/1171/831 1378/1172/831 1386/1173/831 1387/1174/831
f 1380/1175/134 1384/1176/134 1382/1177/134 1378/1178/134
f 1385/1179/178 1381/1180/178 1379/1181/178 1383/1182/178
f 1387/1174/831 1386/1173/831 1390/1183/831 1391/1184/831
f 1378/1185/836 1382/1186/836 1389/1187/837 1386/1188/837
f 1383/1182/838 1379/1181/838 1387/1189/839 1388/1190/840
f 1382/1191/829 1383/1192/829 1388/1193/829 1389/1194/829
f 1392/1195/841 1391/1196/841 1395/1197/841 1396/1198/841
f 1388/1190/840 1387/1189/839 1391/1196/842 1392/1195/842
f 1389/1194/829 1388/1193/829 1392/1199/829 1393/1200/829
f 1386/1188/837 1389/1187/837 1393/1201/843 1390/1202/843
f 1394/1203/844 1397/1204/844 1401/1205/844 1398/1206/844
f 1393/1200/829 1392/1199/829 1396/1207/829 1397/1208/829
f 1390/1202/845 1393/1201/845 1397/1204/845 1394/1203/845
f 1391/1184/831 1390/1183/831 1394/1209/831 1395/1210/831
f 1400/1211/846 1399/1212/846 1403/1213/846 1404/1214/846
f 1395/1210/831 1394/1209/831 1398/1215/831 1399/1216/831
f 1396/1198/847 1395/1197/847 1399/1212/847 1400/1211/847
f 1397/1208/829 1396/1207/829 1400/1217/829 1401/1218/829
f 1405/1219/829 1404/1220/829 1408/1221/829 1409/1222/829
f 1401/1218/829 1400/1217/829 1404/1220/829 1405/1219/829
f 1398/1206/848 1401/1205/848 1405/1223/848 1402/1224/848
f 1399/1216/831 1398/1215/831 1402/1225/831 1403/1226/831
f 1406/1227/849 1409/1228/849 1413/1229/849 1410/1230/849
f 1402/1224/850 1405/1223/850 1409/1228/850 1406/1227/850
f 1403/1226/831 1402/1225/831 1406/1231/831 1407/1232/831
f 1404/1214/851 1403/1213/851 1407/1233/851 1408/1234/851
f 1413/1235/852 1412/1236/852 1411/1237/852 1410/1238/852
f 1407/1232/831 1406/1231/831 1410/1239/831 1411/1240/831
f 1408/1234/853 1407/1233/853 1411/1241/853 1412/1242/853
f 1409/1222/829 1408/1221/829 1412/1243/829 1413/1244/829
f 1414/1245/831 1416/1246/831 1417/1247/831 1415/1248/831
f 1416/47/828 1420/48/828 1421/145/828 1417/144/828
f 1420/1249/829 1418/1250/829 1419/1251/829 1421/1252/829
f 1415/1248/831 1423/1253/831 1422/1254/831 1414/1245/831
f 1416/1255/134 1414/1256/134 1418/1257/134 1420/1258/134
f 1421/1259/178 1419/1260/178 1415/1261/178 1417/1262/178
f 1423/1253/831 1427/1263/831 1426/1264/831 1422/1254/831
f 1414/1256/854 1422/1265/855 1425/1266/855 1418/1257/854
f 1419/1260/856 1424/1267/857 1423/1268/858 1415/1261/856
f 1418/1250/829 1425/1269/829 1424/1270/829 1419/1251/829
f 1428/1271/859 1432/1272/859 1431/1273/859 1427/1274/859
f 1424/1267/857 1428/1271/860 1427/1274/860 1423/1268/858
f 1425/1269/829 1429/1275/829 1428/1276/829 1424/1270/829
f 1422/1265/855 1426/1277/861 1429/1278/861 1425/1266/855
f 1430/1279/862 1434/1280/862 1437/1281/862 1433/1282/862
f 1429/1275/829 1433/1283/829 1432/1284/829 1428/1276/829
f 1426/1277/863 1430/1279/863 1433/1282/863 1429/1278/863
f 1427/1263/831 1431/1285/831 1430/1286/831 1426/1264/831
f 1436/1287/864 1440/1288/864 1439/1289/864 1435/1290/864
f 1431/1285/831 1435/1291/831 1434/1292/831 1430/1286/831
f 1432/1272/865 1436/1287/865 1435/1290/865 1431/1273/865
f 1433/1283/829 1437/1293/829 1436/1294/829 1432/1284/829
f 1441/1295/829 1445/1296/829 1444/1297/829 1440/1298/829
f 1437/1293/829 1441/1295/829 1440/1298/829 1436/1294/829
f 1434/1280/866 1438/1299/866 1441/1300/866 1437/1281/866
f 1435/1291/831 1439/1301/831 1438/1302/831 1434/1292/831
f 1442/1303/867 1446/1304/867 1449/1305/867 1445/1306/867
f 1438/1299/868 1442/1303/868 1445/1306/868 1441/1300/868
f 1439/1301/831 1443/1307/831 1442/1308/831 1438/1302/831
f 1440/1288/869 1444/1309/869 1443/1310/869 1439/1289/869
f 1449/1311/870 1446/1312/870 1447/1313/870 1448/1314/870
f 1443/1307/831 1447/1315/831 1446/1316/831 1442/1308/831
f 1444/1309/871 1448/1317/871 1447/1318/871 1443/1310/871
f 1445/1296/829 1449/1319/829 1448/1320/829 1444/1297/829
f 1462/1119/872 1463/1122/872 1453/1121/872 1451/1120/872
f 1463/1123/873 1464/1126/873 1457/1125/873 1453/1124/873
f 1464/1127/874 1465/1130/874 1455/1129/874 1457/1128/874
f 1465/1131/875 1462/1134/875 1451/1133/875 1455/1132/875
f 1452/1135/134 1450/1138/134 1454/1137/134 1456/1136/134
f 1457/1139/178 1455/1142/178 1451/1141/178 1453/1140/178
f 1468/1143/876 1469/1146/876 1458/1145/876 1461/1144/876
f 1467/1147/877 1468/1150/877 1461/1149/877 1460/1148/877
f 1466/1151/878 1467/1154/878 1460/1153/878 1459/1152/878
f 1469/1155/879 1466/1158/879 1459/1157/879 1458/1156/879
f 1461/1144/876 1458/1145/876 1462/1134/876 1465/1131/876
f 1460/1148/877 1461/1149/877 1465/1130/877 1464/1127/877
f 1459/1152/878 1460/1153/878 1464/1126/878 1463/1123/878
f 1458/1156/879 1459/1157/879 1463/1122/879 1462/1119/879
f 1450/1159/880 1452/1160/880 1466/1158/880 1469/1155/880
f 1452/1161/881 1456/1162/881 1467/1154/881 1466/1151/881
f 1456/1163/882 1454/1164/882 1468/1150/882 1467/1147/882
f 1454/1165/883 1450/1166/883 1469/1146/883 1468/1143/883
f 1470/1167/879 1472/1170/879 1473/1169/879 1471/1168/879
f 1472/47/878 1476/48/878 1477/145/878 1473/144/878
f 1476/48/877 1474/54/877 1475/198/877 1477/145/877
f 1471/1171/879 1479/1174/879 1478/1173/879 1470/1172/879
f 1472/1175/134 1470/1178/134 1474/1177/134 1476/1176/134
f 1477/1179/178 1475/1182/178 1471/1181/178 1473/1180/178
f 1479/1174/879 1483/1184/879 1482/1183/879 1478/1173/879
f 1470/1185/884 1478/1188/885 1481/1187/885 1474/1186/884
f 1475/1182/886 1480/1190/887 1479/1189/888 1471/1181/886
f 1474/1191/877 1481/1194/877 1480/1193/877 1475/1192/877
f 1484/1195/889 1488/1198/889 1487/1197/889 1483/1196/889
f 1480/1190/887 1484/1195/890 1483/1196/890 1479/1189/888
f 1481/1194/877 1485/1200/877 1484/1199/877 1480/1193/877
f 1478/1188/885 1482/1202/891 1485/1201/891 1481/1187/885
f 1486/1203/892 1490/1206/892 1493/1205/892 1489/1204/892
f 1485/1200/877 1489/1208/877 1488/1207/877 1484/1199/877
f 1482/1202/893 1486/1203/893 1489/1204/893 1485/1201/893
f 1483/1184/879 1487/1210/879 1486/1209/879 1482/1183/879
f 1492/1211/894 1496/1214/894 1495/1213/894 1491/1212/894
f 1487/1210/879 1491/1216/879 1490/1215/879 1486/1209/879
f 1488/1198/895 1492/1211/895 1491/1212/895 1487/1197/895
f 1489/1208/877 1493/1218/877 1492/1217/877 1488/1207/877
f 1497/1219/877 1501/1222/877 1500/1221/877 1496/1220/877
f 1493/1218/877 1497/1219/877 1496/1220/877 1492/1217/877
f 1490/1206/896 1494/1224/896 1497/1223/896 1493/1205/896
f 1491/1216/879 1495/1226/879 1494/1225/879 1490/1215/879
f 1498/1227/897 1502/1230/897 1505/1229/897 1501/1228/897
f 1494/1224/898 1498/1227/898 1501/1228/898 1497/1223/898
f 1495/1226/879 1499/1232/879 1498/1231/879 1494/1225/879
f 1496/1214/899 1500/1234/899 1499/1233/899 1495/1213/899
f 1505/1235/852 1502/1238/852 1503/1237/852 1504/1236/852
f 1499/1232/879 1503/1240/879 1502/1239/879 1498/1231/879
f 1500/1234/900 1504/1242/900 1503/1241/900 1499/1233/900
f 1501/1222/877 1505/1244/877 1504/1243/877 1500/1221/877
f 1506/1245/879 1507/1248/879 1509/1247/879 1508/1246/879
f 1508/47/876 1509/144/876 1513/145/876 1512/48/876
f 1512/1249/877 1513/1252/877 1511/1251/877 1510/1250/877
f 1507/1248/879 1506/1245/879 1514/1254/879 1515/1253/879
f 1508/1255/134 1512/1258/134 1510/1257/134 1506/1256/134
f 1513/1259/178 1509/1262/178 1507/1261/178 1511/1260/178
f 1515/1253/879 1514/1254/879 1518/1264/879 1519/1263/879
f 1506/1256/901 1510/1257/901 1517/1266/902 1514/1265/902
f 1511/1260/903 1507/1261/903 1515/1268/904 1516/1267/905
f 1510/1250/877 1511/1251/877 1516/1270/877 1517/1269/877
f 1520/1271/906 1519/1274/906 1523/1273/906 1524/1272/906
f 1516/1267/905 1515/1268/904 1519/1274/907 1520/1271/907
f 1517/1269/877 1516/1270/877 1520/1276/877 1521/1275/877
f 1514/1265/902 1517/1266/902 1521/1278/908 1518/1277/908
f 1522/1279/909 1525/1282/909 1529/1281/909 1526/1280/909
f 1521/1275/877 1520/1276/877 1524/1284/877 1525/1283/877
f 1518/1277/910 1521/1278/910 1525/1282/910 1522/1279/910
f 1519/1263/879 1518/1264/879 1522/1286/879 1523/1285/879
f 1528/1287/911 1527/1290/911 1531/1289/911 1532/1288/911
f 1523/1285/879 1522/1286/879 1526/1292/879 1527/1291/879
f 1524/1272/912 1523/1273/912 1527/1290/912 1528/1287/912
f 1525/1283/877 1524/1284/877 1528/1294/877 1529/1293/877
f 1533/1295/877 1532/1298/877 1536/1297/877 1537/1296/877
f 1529/1293/877 1528/1294/877 1532/1298/877 1533/1295/877
f 1526/1280/913 1529/1281/913 1533/1300/913 1530/1299/913
f 1527/1291/879 1526/1292/879 1530/1302/879 1531/1301/879
f 1534/1303/914 1537/1306/914 1541/1305/914 1538/1304/914
f 1530/1299/915 1533/1300/915 1537/1306/915 1534/1303/915
f 1531/1301/879 1530/1302/879 1534/1308/879 1535/1307/879
f 1532/1288/916 1531/1289/916 1535/1310/916 1536/1309/916
f 1541/1311/870 1540/1314/870 1539/1313/870 1538/1312/870
f 1535/1307/879 1534/1308/879 1538/1316/879 1539/1315/879
f 1536/1309/917 1535/1310/917 1539/1318/917 1540/1317/917
f 1537/1296/877 1536/1297/877 1540/1320/877 1541/1319/877
f 1554/1119/918 1543/1120/918 1545/1121/918 1555/1122/918
f 1555/1123/919 1545/1124/919 1549/1125/919 1556/1126/919
f 1556/1127/920 1549/1128/920 1547/1129/920 1557/1130/920
f 1557/1131/921 1547/1132/921 1543/1133/921 1554/1134/921
f 1544/1135/134 1548/1136/134 1546/1137/134 1542/1138/134
f 1549/1139/178 1545/1140/178 1543/1141/178 1547/1142/178
f 1560/1143/831 1553/1144/831 1550/1145/831 1561/1146/831
f 1559/1147/828 1552/1148/828 1553/1149/828 1560/1150/828
f 1558/1151/829 1551/1152/829 1552/1153/829 1559/1154/829
f 1561/1155/830 1550/1156/830 1551/1157/830 1558/1158/830
f 1553/1144/831 1557/1131/831 1554/1134/831 1550/1145/831
f 1552/1148/828 1556/1127/828 1557/1130/828 1553/1149/828
f 1551/1152/829 1555/1123/829 1556/1126/829 1552/1153/829
f 1550/1156/830 1554/1119/830 1555/1122/830 1551/1157/830
f 1542/1159/922 1561/1155/922 1558/1158/922 1544/1160/922
f 1544/1161/923 1558/1151/923 1559/1154/923 1548/1162/923
f 1548/1163/924 1559/1147/924 1560/1150/924 1546/1164/924
f 1546/1165/925 1560/1143/925 1561/1146/925 1542/1166/925
f 1562/1167/830 1563/1168/830 1565/1169/830 1564/1170/830
f 1564/47/829 1565/144/829 1569/145/829 1568/48/829
f 1568/48/828 1569/145/828 1567/198/828 1566/54/828
f 1563/1171/830 1562/1172/830 1570/1173/830 1571/1174/830
f 1564/1175/134 1568/1176/134 1566/1177/134 1562/1178/134
f 1569/1179/178 1565/1180/178 1563/1181/178 1567/1182/178
f 1571/1174/830 1570/1173/830 1574/1183/830 1575/1184/830
f 1562/1185/926 1566/1186/926 1573/1187/927 1570/1188/927
f 1567/1182/928 1563/1181/928 1571/1189/929 1572/1190/929
f 1566/1191/828 1567/1192/828 1572/1193/828 1573/1194/828
f 1576/1195/930 1575/1196/930 1579/1197/930 1580/1198/930
f 1572/1190/929 1571/1189/929 1575/1196/931 1576/1195/931
f 1573/1194/828 1572/1193/828 1576/1199/828 1577/1200/828
f 1570/1188/927 1573/1187/927 1577/1201/932 1574/1202/932
f 1578/1203/933 1581/1204/933 1585/1205/933 1582/1206/933
f 1577/1200/828 1576/1199/828 1580/1207/828 1581/1208/828
f 1574/1202/934 1577/1201/934 1581/1204/934 1578/1203/934
f 1575/1184/830 1574/1183/830 1578/1209/830 1579/1210/830
f 1584/1211/935 1583/1212/935 1587/1213/935 1588/1214/935
f 1579/1210/830 1578/1209/830 1582/1215/830 1583/1216/830
f 1580/1198/936 1579/1197/936 1583/1212/936 1584/1211/936
f 1581/1208/828 1580/1207/828 1584/1217/828 1585/1218/828
f 1589/1219/828 1588/1220/828 1592/1221/828 1593/1222/828
f 1585/1218/828 1584/1217/828 1588/1220/828 1589/1219/828
f 1582/1206/937 1585/1205/937 1589/1223/937 1586/1224/937
f 1583/1216/830 1582/1215/830 1586/1225/830 1587/1226/830
f 1590/1227/938 1593/1228/938 1597/1229/938 1594/1230/938
f 1586/1224/939 1589/1223/939 1593/1228/939 1590/1227/939
f 1587/1226/830 1586/1225/830 1590/1231/830 1591/1232/830
f 1588/1214/940 1587/1213/940 1591/1233/940 1592/1234/940
f 1597/1235/941 1596/1236/941 1595/1237/941 1594/1238/941
f 1591/1232/830 1590/1231/830 1594/1239/830 1595/1240/830
f 1592/1234/942 1591/1233/942 1595/1241/942 1596/1242/942
f 1593/1222/828 1592/1221/828 1596/1243/828 1597/1244/828
f 1598/1245/830 1600/1246/830 1601/1247/830 1599/1248/830
f 1600/47/831 1604/48/831 1605/145/831 1601/144/831
f 1604/1249/828 1602/1250/828 1603/1251/828 1605/1252/828
f 1599/1248/830 1607/1253/830 1606/1254/830 1598/1245/830
f 1600/1255/134 1598/1256/134 1602/1257/134 1604/1258/134
f 1605/1259/178 1603/1260/178 1599/1261/178 1601/1262/178
f 1607/1253/830 1611/1263/830 1610/1264/830 1606/1254/830
f 1598/1256/943 1606/1265/944 1609/1266/944 1602/1257/943
f 1603/1260/945 1608/1267/946 1607/1268/946 1599/1261/945
f 1602/1250/828 1609/1269/828 1608/1270/828 1603/1251/828
f 1612/1271/947 1616/1272/947 1615/1273/947 1611/1274/947
f 1608/1267/946 1612/1271/948 1611/1274/948 1607/1268/946
f 1609/1269/828 1613/1275/828 1612/1276/828 1608/1270/828
f 1606/1265/944 1610/1277/949 1613/1278/949 1609/1266/944
f 1614/1279/950 1618/1280/950 1621/1281/950 1617/1282/950
f 1613/1275/828 1617/1283/828 1616/1284/828 1612/1276/828
f 1610/1277/951 1614/1279/951 1617/1282/951 1613/1278/951
f 1611/1263/830 1615/1285/830 1614/1286/830 1610/1264/830
f 1620/1287/952 1624/1288/952 1623/1289/952 1619/1290/952
f 1615/1285/830 1619/1291/830 1618/1292/830 1614/1286/830
f 1616/1272/953 1620/1287/953 1619/1290/953 1615/1273/953
f 1617/1283/828 1621/1293/828 1620/1294/828 1616/1284/828
f 1625/1295/828 1629/1296/828 1628/1297/828 1624/1298/828
f 1621/1293/828 1625/1295/828 1624/1298/828 1620/1294/828
f 1618/1280/954 1622/1299/954 1625/1300/954 1621/1281/954
f 1619/1291/830 1623/1301/830 1622/1302/830 1618/1292/830
f 1626/1303/955 1630/1304/955 1633/1305/955 1629/1306/955
f 1622/1299/956 1626/1303/956 1629/1306/956 1625/1300/956
f 1623/1301/830 1627/1307/830 1626/1308/830 1622/1302/830
f 1624/1288/957 1628/1309/957 1627/1310/957 1623/1289/957
f 1633/1311/958 1630/1312/958 1631/1313/958 1632/1314/958
f 1627/1307/830 1631/1315/830 1630/1316/830 1626/1308/830
f 1628/1309/959 1632/1317/959 1631/1318/959 1627/1310/959
f 1629/1296/828 1633/1319/828 1632/1320/828 1628/1297/828
f 1646/1119/960 1647/1122/960 1637/1121/960 1635/1120/960
f 1647/1123/961 1648/1126/961 1641/1125/961 1637/1124/961
f 1648/1127/962 1649/1130/962 1639/1129/962 1641/1128/962
f 1649/1131/963 1646/1134/963 1635/1133/963 1639/1132/963
f 1636/1135/178 1634/1138/178 1638/1137/178 1640/1136/178
f 1641/1139/134 1639/1142/134 1635/1141/134 1637/1140/134
f 1652/1143/831 1653/1146/831 1642/1145/831 1645/1144/831
f 1651/1147/828 1652/1150/828 1645/1149/828 1644/1148/828
f 1650/1151/829 1651/1154/829 1644/1153/829 1643/1152/829
f 1653/1155/830 1650/1158/830 1643/1157/830 1642/1156/830
f 1645/1144/831 1642/1145/831 1646/1134/831 1649/1131/831
f 1644/1148/828 1645/1149/828 1649/1130/828 1648/1127/828
f 1643/1152/829 1644/1153/829 1648/1126/829 1647/1123/829
f 1642/1156/830 1643/1157/830 1647/1122/830 1646/1119/830
f 1634/1159/964 1636/1160/964 1650/1158/964 1653/1155/964
f 1636/1161/965 1640/1162/965 1651/1154/965 1650/1151/965
f 1640/1163/966 1638/1164/966 1652/1150/966 1651/1147/966
f 1638/1165/967 1634/1166/967 1653/1146/967 1652/1143/967
f 1666/1119/920 1655/1120/920 1657/1121/920 1667/1122/920
f 1667/1123/921 1657/1124/921 1661/1125/921 1668/1126/921
f 1668/1127/918 1661/1128/918 1659/1129/918 1669/1130/918
f 1669/1131/919 1659/1132/919 1655/1133/919 1666/1134/919
f 1656/1135/134 1660/1136/134 1658/1137/134 1654/1138/134
f 1661/1139/178 1657/1140/178 1655/1141/178 1659/1142/178
f 1672/1143/829 1665/1144/829 1662/1145/829 1673/1146/829
f 1671/1147/830 1664/1148/830 1665/1149/830 1672/1150/830
f 1670/1151/831 1663/1152/831 1664/1153/831 1671/1154/831
f 1673/1155/828 1662/1156/828 1663/1157/828 1670/1158/828
f 1665/1144/829 1669/1131/829 1666/1134/829 1662/1145/829
f 1664/1148/830 1668/1127/830 1669/1130/830 1665/1149/830
f 1663/1152/831 1667/1123/831 1668/1126/831 1664/1153/831
f 1662/1156/828 1666/1119/828 1667/1122/828 1663/1157/828
f 1654/1159/924 1673/1155/924 1670/1158/924 1656/1160/924
f 1656/1161/925 1670/1151/925 1671/1154/925 1660/1162/925
f 1660/1163/922 1671/1147/922 1672/1150/922 1658/1164/922
f 1658/1165/923 1672/1143/923 1673/1146/923 1654/1166/923
f 1674/1167/828 1675/1168/828 1677/1169/828 1676/1170/828
f 1676/47/831 1677/144/831 1681/145/831 1680/48/831
f 1680/48/830 1681/145/830 1679/198/830 1678/54/830
f 1675/1171/828 1674/1172/828 1682/1173/828 1683/1174/828
f 1676/1175/134 1680/1176/134 1678/1177/134 1674/1178/134
f 1681/1179/178 1677/1180/178 1675/1181/178 1679/1182/178
f 1683/1174/828 1682/1173/828 1686/1183/828 1687/1184/828
f 1674/1185/943 1678/1186/943 1685/1187/944 1682/1188/944
f 1679/1182/945 1675/1181/945 1683/1189/946 1684/1190/946
f 1678/1191/830 1679/1192/830 1684/1193/830 1685/1194/830
f 1688/1195/947 1687/1196/947 1691/1197/947 1692/1198/947
f 1684/1190/946 1683/1189/946 1687/1196/948 1688/1195/948
f 1685/1194/830 1684/1193/830 1688/1199/830 1689/1200/830
f 1682/1188/944 1685/1187/944 1689/1201/949 1686/1202/949
f 1690/1203/950 1693/1204/950 1697/1205/950 1694/1206/950
f 1689/1200/830 1688/1199/830 1692/1207/830 1693/1208/830
f 1686/1202/951 1689/1201/951 1693/1204/951 1690/1203/951
f 1687/1184/828 1686/1183/828 1690/1209/828 1691/1210/828
f 1696/1211/952 1695/1212/952 1699/1213/952 1700/1214/952
f 1691/1210/828 1690/1209/828 1694/1215/828 1695/1216/828
f 1692/1198/953 1691/1197/953 1695/1212/953 1696/1211/953
f 1693/1208/830 1692/1207/830 1696/1217/830 1697/1218/830
f 1701/1219/830 1700/1220/830 1704/1221/830 1705/1222/830
f 1697/1218/830 1696/1217/830 1700/1220/830 1701/1219/830
f 1694/1206/954 1697/1205/954 1701/1223/954 1698/1224/954
f 1695/1216/828 1694/1215/828 1698/1225/828 1699/1226/828
f 1702/1227/955 1705/1228/955 1709/1229/955 1706/1230/955
f 1698/1224/956 1701/1223/956 1705/1228/956 1702/1227/956
f 1699/1226/828 1698/1225/828 1702/1231/828 1703/1232/828
f 1700/1214/957 1699/1213/957 1703/1233/957 1704/1234/957
f 1709/1235/958 1708/1236/958 1707/1237/958 1706/1238/958
f 1703/1232/828 1702/1231/828 1706/1239/828 1707/1240/828
f 1704/1234/959 1703/1233/959 1707/1241/959 1708/1242/959
f 1705/1222/830 1704/1221/830 1708/1243/830 1709/1244/830
f 1710/1245/828 1712/1246/828 1713/1247/828 1711/1248/828
f 1712/47/829 1716/48/829 1717/145/829 1713/144/829
f 1716/1249/830 1714/1250/830 1715/1251/830 1717/1252/830
f 1711/1248/828 1719/1253/828 1718/1254/828 1710/1245/828
f 1712/1255/134 1710/1256/134 1714/1257/134 1716/1258/134
f 1717/1259/178 1715/1260/178 1711/1261/178 1713/1262/178
f 1719/1253/828 1723/1263/828 1722/1264/828 1718/1254/828
f 1710/1256/926 1718/1265/927 1721/1266/927 1714/1257/926
f 1715/1260/928 1720/1267/929 1719/1268/929 1711/1261/928
f 1714/1250/830 1721/1269/830 1720/1270/830 1715/1251/830
f 1724/1271/930 1728/1272/930 1727/1273/930 1723/1274/930
f 1720/1267/929 1724/1271/931 1723/1274/931 1719/1268/929
f 1721/1269/830 1725/1275/830 1724/1276/830 1720/1270/830
f 1718/1265/927 1722/1277/932 1725/1278/932 1721/1266/927
f 1726/1279/933 1730/1280/933 1733/1281/933 1729/1282/933
f 1725/1275/830 1729/1283/830 1728/1284/830 1724/1276/830
f 1722/1277/934 1726/1279/934 1729/1282/934 1725/1278/934
f 1723/1263/828 1727/1285/828 1726/1286/828 1722/1264/828
f 1732/1287/935 1736/1288/935 1735/1289/935 1731/1290/935
f 1727/1285/828 1731/1291/828 1730/1292/828 1726/1286/828
f 1728/1272/936 1732/1287/936 1731/1290/936 1727/1273/936
f 1729/1283/830 1733/1293/830 1732/1294/830 1728/1284/830
f 1737/1295/830 1741/1296/830 1740/1297/830 1736/1298/830
f 1733/1293/830 1737/1295/830 1736/1298/830 1732/1294/830
f 1730/1280/937 1734/1299/937 1737/1300/937 1733/1281/937
f 1731/1291/828 1735/1301/828 1734/1302/828 1730/1292/828
f 1738/1303/938 1742/1304/938 1745/1305/938 1741/1306/938
f 1734/1299/939 1738/1303/939 1741/1306/939 1737/1300/939
f 1735/1301/828 1739/1307/828 1738/1308/828 1734/1302/828
f 1736/1288/940 1740/1309/940 1739/1310/940 1735/1289/940
f 1745/1311/941 1742/1312/941 1743/1313/941 1744/1314/941
f 1739/1307/828 1743/1315/828 1742/1316/828 1738/1308/828
f 1740/1309/942 1744/1317/942 1743/1318/942 1739/1310/942
f 1741/1296/830 1745/1319/830 1744/1320/830 1740/1297/830
f 1758/1119/962 1759/1122/962 1749/1121/962 1747/1120/962
f 1759/1123/963 1760/1126/963 1753/1125/963 1749/1124/963
f 1760/1127/960 1761/1130/960 1751/1129/960 1753/1128/960
f 1761/1131/961 1758/1134/961 1747/1133/961 1751/1132/961
f 1748/1135/178 1746/1138/178 1750/1137/178 1752/1136/178
f 1753/1139/134 1751/1142/134 1747/1141/134 1749/1140/134
f 1764/1143/829 1765/1146/829 1754/1145/829 1757/1144/829
f 1763/1147/830 1764/1150/830 1757/1149/830 1756/1148/830
f 1762/1151/831 1763/1154/831 1756/1153/831 1755/1152/831
f 1765/1155/828 1762/1158/828 1755/1157/828 1754/1156/828
f 1757/1144/829 1754/1145/829 1758/1134/829 1761/1131/829
f 1756/1148/830 1757/1149/830 1761/1130/830 1760/1127/830
f 1755/1152/831 1756/1153/831 1760/1126/831 1759/1123/831
f 1754/1156/828 1755/1157/828 1759/1122/828 1758/1119/828
f 1746/1159/966 1748/1160/966 1762/1158/966 1765/1155/966
f 1748/1161/967 1752/1162/967 1763/1154/967 1762/1151/967
f 1752/1163/964 1750/1164/964 1764/1150/964 1763/1147/964
f 1750/1165/965 1746/1166/965 1765/1146/965 1764/1143/965
f 1766/1167/968 1767/1168/968 1769/1169/968 1768/1170/968
f 1768/47/830 1769/144/830 1773/145/830 1772/48/830
f 1772/48/969 1773/145/969 1771/198/969 1770/54/969
f 1767/1171/968 1766/1172/968 1774/1173/968 1775/1174/968
f 1768/1175/970 1772/1176/970 1770/1177/970 1766/1178/970
f 1773/1179/971 1769/1180/971 1767/1181/971 1771/1182/971
f 1775/1174/968 1774/1173/968 1778/1183/968 1779/1184/968
f 1766/1185/972 1770/1186/972 1777/1187/973 1774/1188/974
f 1771/1182/975 1767/1181/975 1775/1189/976 1776/1190/977
f 1770/1191/969 1771/1192/969 1776/1193/969 1777/1194/969
f 1780/1195/978 1779/1196/978 1783/1197/978 1784/1198/978
f 1776/1190/977 1775/1189/976 1779/1196/979 1780/1195/979
f 1777/1194/969 1776/1193/969 1780/1199/969 1781/1200/969
f 1774/1188/974 1777/1187/973 1781/1201/980 1778/1202/980
f 1782/1203/981 1785/1204/981 1789/1205/981 1786/1206/981
f 1781/1200/969 1780/1199/969 1784/1207/969 1785/1208/969
f 1778/1202/982 1781/1201/982 1785/1204/982 1782/1203/982
f 1779/1184/968 1778/1183/968 1782/1209/968 1783/1210/968
f 1788/1211/983 1787/1212/983 1791/1213/983 1792/1214/983
f 1783/1210/968 1782/1209/968 1786/1215/968 1787/1216/968
f 1784/1198/984 1783/1197/984 1787/1212/984 1788/1211/984
f 1785/1208/969 1784/1207/969 1788/1217/969 1789/1218/969
f 1793/1219/969 1792/1220/969 1796/1221/969 1797/1222/969
f 1789/1218/969 1788/1217/969 1792/1220/969 1793/1219/969
f 1786/1206/985 1789/1205/985 1793/1223/985 1790/1224/985
f 1787/1216/968 1786/1215/968 1790/1225/968 1791/1226/968
f 1794/1227/986 1797/1228/986 1801/1229/986 1798/1230/986
f 1790/1224/987 1793/1223/987 1797/1228/987 1794/1227/987
f 1791/1226/968 1790/1225/968 1794/1231/968 1795/1232/968
f 1792/1214/988 1791/1213/988 1795/1233/988 1796/1234/988
f 1801/1235/989 1800/1236/989 1799/1237/989 1798/1238/989
f 1795/1232/968 1794/1231/968 1798/1239/968 1799/1240/968
f 1796/1234/990 1795/1233/990 1799/1241/990 1800/1242/990
f 1797/1222/969 1796/1221/969 1800/1243/969 1801/1244/969
f 1802/1245/968 1804/1246/968 1805/1247/968 1803/1248/968
f 1804/47/828 1808/48/828 1809/145/828 1805/144/828
f 1808/1249/969 1806/1250/969 1807/1251/969 1809/1252/969
f 1803/1248/968 1811/1253/968 1810/1254/968 1802/1245/968
f 1804/1255/970 1802/1256/970 1806/1257/970 1808/1258/970
f 1809/1259/971 1807/1260/971 1803/1261/971 1805/1262/971
f 1811/1253/968 1815/1263/968 1814/1264/968 1810/1254/968
f 1802/1256/991 1810/1265/992 1813/1266/993 1806/1257/991
f 1807/1260/994 1812/1267/995 1811/1268/996 1803/1261/994
f 1806/1250/969 1813/1269/969 1812/1270/969 1807/1251/969
f 1816/1271/997 1820/1272/997 1819/1273/997 1815/1274/997
f 1812/1267/995 1816/1271/998 1815/1274/998 1811/1268/996
f 1813/1269/969 1817/1275/969 1816/1276/969 1812/1270/969
f 1810/1265/992 1814/1277/999 1817/1278/999 1813/1266/993
f 1818/1279/1000 1822/1280/1000 1825/1281/1000 1821/1282/1000
f 1817/1275/969 1821/1283/969 1820/1284/969 1816/1276/969
f 1814/1277/1001 1818/1279/1001 1821/1282/1001 1817/1278/1001
f 1815/1263/968 1819/1285/968 1818/1286/968 1814/1264/968
f 1824/1287/1002 1828/1288/1002 1827/1289/1002 1823/1290/1002
f 1819/1285/968 1823/1291/968 1822/1292/968 1818/1286/968
f 1820/1272/1003 1824/1287/1003 1823/1290/1003 1819/1273/1003
f 1821/1283/969 1825/1293/969 1824/1294/969 1820/1284/969
f 1829/1295/969 1833/1296/969 1832/1297/969 1828/1298/969
f 1825/1293/969 1829/1295/969 1828/1298/969 1824/1294/969
f 1822/1280/1004 1826/1299/1004 1829/1300/1004 1825/1281/1004
f 1823/1291/968 1827/1301/968 1826/1302/968 1822/1292/968
f 1830/1303/1005 1834/1304/1005 1837/1305/1005 1833/1306/1005
f 1826/1299/1006 1830/1303/1006 1833/1306/1006 1829/1300/1006
f 1827/1301/968 1831/1307/968 1830/1308/968 1826/1302/968
f 1828/1288/1007 1832/1309/1007 1831/1310/1007 1827/1289/1007
f 1837/1311/1008 1834/1312/1008 1835/1313/1008 1836/1314/1008
f 1831/1307/968 1835/1315/968 1834/1316/968 1830/1308/968
f 1832/1309/1009 1836/1317/1009 1835/1318/1009 1831/1310/1009
f 1833/1296/969 1837/1319/969 1836/1320/969 1832/1297/969
f 1838/1167/1010 1840/1170/1010 1841/1169/1010 1839/1168/1010
f 1840/47/878 1844/48/878 1845/145/878 1841/144/878
f 1844/48/1011 1842/54/1011 1843/198/1011 1845/145/1011
f 1839/1171/1010 1847/1174/1010 1846/1173/1010 1838/1172/1010
f 1840/1175/1012 1838/1178/1012 1842/1177/1012 1844/1176/1012
f 1845/1179/1013 1843/1182/1013 1839/1181/1013 1841/1180/1013
f 1847/1174/1010 1851/1184/1010 1850/1183/1010 1846/1173/1010
f 1838/1185/1014 1846/1188/1015 1849/1187/1016 1842/1186/1014
f 1843/1182/1017 1848/1190/1018 1847/1189/1019 1839/1181/1017
f 1842/1191/1011 1849/1194/1011 1848/1193/1011 1843/1192/1011
f 1852/1195/1020 1856/1198/1020 1855/1197/1020 1851/1196/1020
f 1848/1190/1018 1852/1195/1021 1851/1196/1021 1847/1189/1019
f 1849/1194/1011 1853/1200/1011 1852/1199/1011 1848/1193/1011
f 1846/1188/1015 1850/1202/1022 1853/1201/1022 1849/1187/1016
f 1854/1203/1023 1858/1206/1023 1861/1205/1023 1857/1204/1023
f 1853/1200/1011 1857/1208/1011 1856/1207/1011 1852/1199/1011
f 1850/1202/1024 1854/1203/1024 1857/1204/1024 1853/1201/1024
f 1851/1184/1010 1855/1210/1010 1854/1209/1010 1850/1183/1010
f 1860/1211/1025 1864/1214/1025 1863/1213/1025 1859/1212/1025
f 1855/1210/1010 1859/1216/1010 1858/1215/1010 1854/1209/1010
f 1856/1198/1026 1860/1211/1026 1859/1212/1026 1855/1197/1026
f 1857/1208/1011 1861/1218/1011 1860/1217/1011 1856/1207/1011
f 1865/1219/1011 1869/1222/1011 1868/1221/1011 1864/1220/1011
f 1861/1218/1011 1865/1219/1011 1864/1220/1011 1860/1217/1011
f 1858/1206/1027 1862/1224/1027 1865/1223/1027 1861/1205/1027
f 1859/1216/1010 1863/1226/1010 1862/1225/1010 1858/1215/1010
f 1866/1227/1028 1870/1230/1028 1873/1229/1028 1869/1228/1028
f 1862/1224/1029 1866/1227/1029 1869/1228/1029 1865/1223/1029
f 1863/1226/1010 1867/1232/1010 1866/1231/1010 1862/1225/1010
f 1864/1214/1030 1868/1234/1030 1867/1233/1030 1863/1213/1030
f 1873/1235/1031 1870/1238/1031 1871/1237/1031 1872/1236/1031
f 1867/1232/1010 1871/1240/1010 1870/1239/1010 1866/1231/1010
f 1868/1234/1032 1872/1242/1032 1871/1241/1032 1867/1233/1032
f 1869/1222/1011 1873/1244/1011 1872/1243/1011 1868/1221/1011
f 1874/1245/1010 1875/1248/1010 1877/1247/1010 1876/1246/1010
f 1876/47/876 1877/144/876 1881/145/876 1880/48/876
f 1880/1249/1011 1881/1252/1011 1879/1251/1011 1878/1250/1011
f 1875/1248/1010 1874/1245/1010 1882/1254/1010 1883/1253/1010
f 1876/1255/1012 1880/1258/1012 1878/1257/1012 1874/1256/1012
f 1881/1259/1013 1877/1262/1013 1875/1261/1013 1879/1260/1013
f 1883/1253/1010 1882/1254/1010 1886/1264/1010 1887/1263/1010
f 1874/1256/1033 1878/1257/1033 1885/1266/1034 1882/1265/1035
f 1879/1260/1036 1875/1261/1036 1883/1268/1037 1884/1267/1038
f 1878/1250/1011 1879/1251/1011 1884/1270/1011 1885/1269/1011
f 1888/1271/1039 1887/1274/1039 1891/1273/1039 1892/1272/1039
f 1884/1267/1038 1883/1268/1037 1887/1274/1040 1888/1271/1040
f 1885/1269/1011 1884/1270/1011 1888/1276/1011 1889/1275/1011
f 1882/1265/1035 1885/1266/1034 1889/1278/1041 1886/1277/1041
f 1890/1279/1042 1893/1282/1042 1897/1281/1042 1894/1280/1042
f 1889/1275/1011 1888/1276/1011 1892/1284/1011 1893/1283/1011
f 1886/1277/1043 1889/1278/1043 1893/1282/1043 1890/1279/1043
f 1887/1263/1010 1886/1264/1010 1890/1286/1010 1891/1285/1010
f 1896/1287/1044 1895/1290/1044 1899/1289/1044 1900/1288/1044
f 1891/1285/1010 1890/1286/1010 1894/1292/1010 1895/1291/1010
f 1892/1272/1045 1891/1273/1045 1895/1290/1045 1896/1287/1045
f 1893/1283/1011 1892/1284/1011 1896/1294/1011 1897/1293/1011
f 1901/1295/1011 1900/1298/1011 1904/1297/1011 1905/1296/1011
f 1897/1293/1011 1896/1294/1011 1900/1298/1011 1901/1295/1011
f 1894/1280/1046 1897/1281/1046 1901/1300/1046 1898/1299/1046
f 1895/1291/1010 1894/1292/1010 1898/1302/1010 1899/1301/1010
f 1902/1303/1047 1905/1306/1047 1909/1305/1047 1906/1304/1047
f 1898/1299/1048 1901/1300/1048 1905/1306/1048 1902/1303/1048
f 1899/1301/1010 1898/1302/1010 1902/1308/1010 1903/1307/1010
f 1900/1288/1049 1899/1289/1049 1903/1310/1049 1904/1309/1049
f 1909/1311/1050 1908/1314/1050 1907/1313/1050 1906/1312/1050
f 1903/1307/1010 1902/1308/1010 1906/1316/1010 1907/1315/1010
f 1904/1309/1051 1903/1310/1051 1907/1318/1051 1908/1317/1051
f 1905/1296/1011 1904/1297/1011 1908/1320/1011 1909/1319/1011
f 1922/1119/1052 1923/1122/1052 1913/1121/1052 1911/1120/1052
f 1923/1123/1053 1924/1126/1053 1917/1125/1053 1913/1124/1053
f 1924/1127/1054 1925/1130/1054 1915/1129/1054 1917/1128/1054
f 1925/1131/1055 1922/1134/1055 1911/1133/1055 1915/1132/1055
f 1912/1135/178 1910/1138/178 1914/1137/178 1916/1136/178
f 1917/1139/134 1915/1142/134 1911/1141/134 1913/1140/134
f 1928/1143/829 1929/1146/829 1918/1145/829 1921/1144/829
f 1927/1147/830 1928/1150/830 1921/1149/830 1920/1148/830
f 1926/1151/831 1927/1154/831 1920/1153/831 1919/1152/831
f 1929/1155/828 1926/1158/828 1919/1157/828 1918/1156/828
f 1921/1144/829 1918/1145/829 1922/1134/829 1925/1131/829
f 1920/1148/830 1921/1149/830 1925/1130/830 1924/1127/830
f 1919/1152/831 1920/1153/831 1924/1126/831 1923/1123/831
f 1918/1156/828 1919/1157/828 1923/1122/828 1922/1119/828
f 1910/1159/1056 1912/1160/1056 1926/1158/1056 1929/1155/1056
f 1912/1161/1057 1916/1162/1057 1927/1154/1057 1926/1151/1057
f 1916/1163/1058 1914/1164/1058 1928/1150/1058 1927/1147/1058
f 1914/1165/1059 1910/1166/1059 1929/1146/1059 1928/1143/1059
f 1942/1119/1060 1931/1120/1060 1933/1121/1060 1943/1122/1060
f 1943/1123/1061 1933/1124/1061 1937/1125/1061 1944/1126/1061
f 1944/1127/1062 1937/1128/1062 1935/1129/1062 1945/1130/1062
f 1945/1131/1063 1935/1132/1063 1931/1133/1063 1942/1134/1063
f 1932/1135/134 1936/1136/134 1934/1137/134 1930/1138/134
f 1937/1139/178 1933/1140/178 1931/1141/178 1935/1142/178
f 1948/1143/828 1941/1144/828 1938/1145/828 1949/1146/828
f 1947/1147/829 1940/1148/829 1941/1149/829 1948/1150/829
f 1946/1151/830 1939/1152/830 1940/1153/830 1947/1154/830
f 1949/1155/831 1938/1156/831 1939/1157/831 1946/1158/831
f 1941/1144/828 1945/1131/828 1942/1134/828 1938/1145/828
f 1940/1148/829 1944/1127/829 1945/1130/829 1941/1149/829
f 1939/1152/830 1943/1123/830 1944/1126/830 1940/1153/830
f 1938/1156/831 1942/1119/831 1943/1122/831 1939/1157/831
f 1930/1159/1064 1949/1155/1064 1946/1158/1064 1932/1160/1064
f 1932/1161/1065 1946/1151/1065 1947/1154/1065 1936/1162/1065
f 1936/1163/1066 1947/1147/1066 1948/1150/1066 1934/1164/1066
f 1934/1165/1067 1948/1143/1067 1949/1146/1067 1930/1166/1067
f 1962/1119/1068 1951/1120/1068 1953/1121/1068 1963/1122/1068
f 1963/1123/1069 1953/1124/1069 1957/1125/1069 1964/1126/1069
f 1964/1127/1070 1957/1128/1070 1955/1129/1070 1965/1130/1070
f 1965/1131/1071 1955/1132/1071 1951/1133/1071 1962/1134/1071
f 1952/1135/1072 1956/1136/1072 1954/1137/1072 1950/1138/1072
f 1957/1139/1073 1953/1140/1073 1951/1141/1073 1955/1142/1073
f 1968/1143/1074 1961/1144/1074 1958/1145/1074 1969/1146/1074
f 1967/1147/1075 1960/1148/1075 1961/1149/1075 1968/1150/1075
f 1966/1151/1076 1959/1152/1076 1960/1153/1076 1967/1154/1076
f 1969/1155/1077 1958/1156/1077 1959/1157/1077 1966/1158/1077
f 1961/1144/1074 1965/1131/1074 1962/1134/1074 1958/1145/1074
f 1960/1148/1075 1964/1127/1075 1965/1130/1075 1961/1149/1075
f 1959/1152/1076 1963/1123/1076 1964/1126/1076 1960/1153/1076
f 1958/1156/1077 1962/1119/1077 1963/1122/1077 1959/1157/1077
f 1950/1159/1078 1969/1155/1078 1966/1158/1078 1952/1160/1078
f 1952/1161/1079 1966/1151/1079 1967/1154/1079 1956/1162/1079
f 1956/1163/1080 1967/1147/1080 1968/1150/1080 1954/1164/1080
f 1954/1165/1081 1968/1143/1081 1969/1146/1081 1950/1166/1081
f 1970/1167/1077 1971/1168/1077 1973/1169/1077 1972/1170/1077
f 1972/47/830 1973/144/830 1977/145/830 1976/48/830
f 1976/48/1075 1977/145/1075 1975/198/1075 1974/54/1075
f 1971/1171/1077 1970/1172/1077 1978/1173/1077 1979/1174/1077
f 1972/1175/1072 1976/1176/1072 1974/1177/1072 1970/1178/1072
f 1977/1179/1073 1973/1180/1073 1971/1181/1073 1975/1182/1073
f 1979/1174/1077 1978/1173/1077 1982/1183/1077 1983/1184/1077
f 1970/1185/1082 1974/1186/1082 1981/1187/1083 1978/1188/1084
f 1975/1182/1085 1971/1181/1085 1979/1189/1086 1980/1190/1087
f 1974/1191/1075 1975/1192/1075 1980/1193/1075 1981/1194/1075
f 1984/1195/1088 1983/1196/1088 1987/1197/1088 1988/1198/1088
f 1980/1190/1087 1979/1189/1086 1983/1196/1089 1984/1195/1089
f 1981/1194/1075 1980/1193/1075 1984/1199/1075 1985/1200/1075
f 1978/1188/1084 1981/1187/1083 1985/1201/1090 1982/1202/1090
f 1986/1203/1091 1989/1204/1091 1993/1205/1091 1990/1206/1091
f 1985/1200/1075 1984/1199/1075 1988/1207/1075 1989/1208/1075
f 1982/1202/1092 1985/1201/1092 1989/1204/1092 1986/1203/1092
f 1983/1184/1077 1982/1183/1077 1986/1209/1077 1987/1210/1077
f 1992/1211/1093 1991/1212/1093 1995/1213/1093 1996/1214/1093
f 1987/1210/1077 1986/1209/1077 1990/1215/1077 1991/1216/1077
f 1988/1198/1094 1987/1197/1094 1991/1212/1094 1992/1211/1094
f 1989/1208/1075 1988/1207/1075 1992/1217/1075 1993/1218/1075
f 1997/1219/1075 1996/1220/1075 2000/1221/1075 2001/1222/1075
f 1993/1218/1075 1992/1217/1075 1996/1220/1075 1997/1219/1075
f 1990/1206/1095 1993/1205/1095 1997/1223/1095 1994/1224/1095
f 1991/1216/1077 1990/1215/1077 1994/1225/1077 1995/1226/1077
f 1998/1227/1096 2001/1228/1096 2005/1229/1096 2002/1230/1096
f 1994/1224/1097 1997/1223/1097 2001/1228/1097 1998/1227/1097
f 1995/1226/1077 1994/1225/1077 1998/1231/1077 1999/1232/1077
f 1996/1214/1098 1995/1213/1098 1999/1233/1098 2000/1234/1098
f 2005/1235/1099 2004/1236/1099 2003/1237/1099 2002/1238/1099
f 1999/1232/1077 1998/1231/1077 2002/1239/1077 2003/1240/1077
f 2000/1234/1100 1999/1233/1100 2003/1241/1100 2004/1242/1100
f 2001/1222/1075 2000/1221/1075 2004/1243/1075 2005/1244/1075
f 2006/1245/1077 2008/1246/1077 2009/1247/1077 2007/1248/1077
f 2008/47/1074 2012/48/1074 2013/145/1074 2009/144/1074
f 2012/1249/1075 2010/1250/1075 2011/1251/1075 2013/1252/1075
f 2007/1248/1077 2015/1253/1077 2014/1254/1077 2006/1245/1077
f 2008/1255/1072 2006/1256/1072 2010/1257/1072 2012/1258/1072
f 2013/1259/1073 2011/1260/1073 2007/1261/1073 2009/1262/1073
f 2015/1253/1077 2019/1263/1077 2018/1264/1077 2014/1254/1077
f 2006/1256/1101 2014/1265/1102 2017/1266/1103 2010/1257/1101
f 2011/1260/1104 2016/1267/1105 2015/1268/1106 2007/1261/1104
f 2010/1250/1075 2017/1269/1075 2016/1270/1075 2011/1251/1075
f 2020/1271/1107 2024/1272/1107 2023/1273/1107 2019/1274/1107
f 2016/1267/1105 2020/1271/1108 2019/1274/1108 2015/1268/1106
f 2017/1269/1075 2021/1275/1075 2020/1276/1075 2016/1270/1075
f 2014/1265/1102 2018/1277/1109 2021/1278/1109 2017/1266/1103
f 2022/1279/1110 2026/1280/1110 2029/1281/1110 2025/1282/1110
f 2021/1275/1075 2025/1283/1075 2024/1284/1075 2020/1276/1075
f 2018/1277/1111 2022/1279/1111 2025/1282/1111 2021/1278/1111
f 2019/1263/1077 2023/1285/1077 2022/1286/1077 2018/1264/1077
f 2028/1287/1112 2032/1288/1112 2031/1289/1112 2027/1290/1112
f 2023/1285/1077 2027/1291/1077 2026/1292/1077 2022/1286/1077
f 2024/1272/1113 2028/1287/1113 2027/1290/1113 2023/1273/1113
f 2025/1283/1075 2029/1293/1075 2028/1294/1075 2024/1284/1075
f 2033/1295/1075 2037/1296/1075 2036/1297/1075 2032/1298/1075
f 2029/1293/1075 2033/1295/1075 2032/1298/1075 2028/1294/1075
f 2026/1280/1114 2030/1299/1114 2033/1300/1114 2029/1281/1114
f 2027/1291/1077 2031/1301/1077 2030/1302/1077 2026/1292/1077
f 2034/1303/1115 2038/1304/1115 2041/1305/1115 2037/1306/1115
f 2030/1299/1116 2034/1303/1116 2037/1306/1116 2033/1300/1116
f 2031/1301/1077 2035/1307/1077 2034/1308/1077 2030/1302/1077
f 2032/1288/1117 2036/1309/1117 2035/1310/1117 2031/1289/1117
f 2041/1311/1118 2038/1312/1118 2039/1313/1118 2040/1314/1118
f 2035/1307/1077 2039/1315/1077 2038/1316/1077 2034/1308/1077
f 2036/1309/1119 2040/1317/1119 2039/1318/1119 2035/1310/1119
f 2037/1296/1075 2041/1319/1075 2040/1320/1075 2036/1297/1075
f 2054/1119/1120 2055/1122/1120 2045/1121/1120 2043/1120/1120
f 2055/1123/1121 2056/1126/1121 2049/1125/1121 2045/1124/1121
f 2056/1127/1122 2057/1130/1122 2047/1129/1122 2049/1128/1122
f 2057/1131/1123 2054/1134/1123 2043/1133/1123 2047/1132/1123
f 2044/1135/178 2042/1138/178 2046/1137/178 2048/1136/178
f 2049/1139/134 2047/1142/134 2043/1141/134 2045/1140/134
f 2060/1143/829 2061/1146/829 2050/1145/829 2053/1144/829
f 2059/1147/830 2060/1150/830 2053/1149/830 2052/1148/830
f 2058/1151/831 2059/1154/831 2052/1153/831 2051/1152/831
f 2061/1155/828 2058/1158/828 2051/1157/828 2050/1156/828
f 2053/1144/829 2050/1145/829 2054/1134/829 2057/1131/829
f 2052/1148/830 2053/1149/830 2057/1130/830 2056/1127/830
f 2051/1152/831 2052/1153/831 2056/1126/831 2055/1123/831
f 2050/1156/828 2051/1157/828 2055/1122/828 2054/1119/828
f 2042/1159/1124 2044/1160/1124 2058/1158/1124 2061/1155/1124
f 2044/1161/1125 2048/1162/1125 2059/1154/1125 2058/1151/1125
f 2048/1163/1126 2046/1164/1126 2060/1150/1126 2059/1147/1126
f 2046/1165/1127 2042/1166/1127 2061/1146/1127 2060/1143/1127
f 2074/1119/1128 2063/1120/1128 2065/1121/1128 2075/1122/1128
f 2075/1123/1129 2065/1124/1129 2069/1125/1129 2076/1126/1129
f 2076/1127/1130 2069/1128/1130 2067/1129/1130 2077/1130/1130
f 2077/1131/1131 2067/1132/1131 2063/1133/1131 2074/1134/1131
f 2064/1135/178 2068/1136/178 2066/1137/178 2062/1138/178
f 2069/1139/134 2065/1140/134 2063/1141/134 2067/1142/134
f 2080/1143/879 2073/1144/879 2070/1145/879 2081/1146/879
f 2079/1147/876 2072/1148/876 2073/1149/876 2080/1150/876
f 2078/1151/877 2071/1152/877 2072/1153/877 2079/1154/877
f 2081/1155/878 2070/1156/878 2071/1157/878 2078/1158/878
f 2073/1144/879 2077/1131/879 2074/1134/879 2070/1145/879
f 2072/1148/876 2076/1127/876 2077/1130/876 2073/1149/876
f 2071/1152/877 2075/1123/877 2076/1126/877 2072/1153/877
f 2070/1156/878 2074/1119/878 2075/1122/878 2071/1157/878
f 2062/1159/1132 2081/1155/1132 2078/1158/1132 2064/1160/1132
f 2064/1161/1133 2078/1151/1133 2079/1154/1133 2068/1162/1133
f 2068/1163/1134 2079/1147/1134 2080/1150/1134 2066/1164/1134
f 2066/1165/1135 2080/1143/1135 2081/1146/1135 2062/1166/1135
f 2094/1119/1136 2095/1122/1136 2085/1121/1136 2083/1120/1136
f 2095/1123/1137 2096/1126/1137 2089/1125/1137 2085/1124/1137
f 2096/1127/1138 2097/1130/1138 2087/1129/1138 2089/1128/1138
f 2097/1131/1139 2094/1134/1139 2083/1133/1139 2087/1132/1139
f 2084/1135/1140 2082/1138/1140 2086/1137/1140 2088/1136/1140
f 2089/1139/1141 2087/1142/1141 2083/1141/1141 2085/1140/1141
f 2100/1143/1142 2101/1146/1142 2090/1145/1142 2093/1144/1142
f 2099/1147/1143 2100/1150/1143 2093/1149/1143 2092/1148/1143
f 2098/1151/1144 2099/1154/1144 2092/1153/1144 2091/1152/1144
f 2101/1155/1145 2098/1158/1145 2091/1157/1145 2090/1156/1145
f 2093/1144/1142 2090/1145/1142 2094/1134/1142 2097/1131/1142
f 2092/1148/1143 2093/1149/1143 2097/1130/1143 2096/1127/1143
f 2091/1152/1144 2092/1153/1144 2096/1126/1144 2095/1123/1144
f 2090/1156/1145 2091/1157/1145 2095/1122/1145 2094/1119/1145
f 2082/1159/1146 2084/1160/1146 2098/1158/1146 2101/1155/1146
f 2084/1161/1147 2088/1162/1147 2099/1154/1147 2098/1151/1147
f 2088/1163/1148 2086/1164/1148 2100/1150/1148 2099/1147/1148
f 2086/1165/1149 2082/1166/1149 2101/1146/1149 2100/1143/1149
f 2102/1167/1145 2104/1170/1145 2105/1169/1145 2103/1168/1145
f 2104/47/1144 2108/48/1144 2109/145/1144 2105/144/1144
f 2108/48/1143 2106/54/1143 2107/198/1143 2109/145/1143
f 2103/1171/1145 2111/1174/1145 2110/1173/1145 2102/1172/1145
f 2104/1175/1140 2102/1178/1140 2106/1177/1140 2108/1176/1140
f 2109/1179/1141 2107/1182/1141 2103/1181/1141 2105/1180/1141
f 2111/1174/1145 2115/1184/1145 2114/1183/1145 2110/1173/1145
f 2102/1185/1150 2110/1188/1151 2113/1187/1152 2106/1186/1150
f 2107/1182/1153 2112/1190/1154 2111/1189/1155 2103/1181/1153
f 2106/1191/1143 2113/1194/1143 2112/1193/1143 2107/1192/1143
f 2116/1195/1156 2120/1198/1156 2119/1197/1156 2115/1196/1156
f 2112/1190/1154 2116/1195/1157 2115/1196/1157 2111/1189/1155
f 2113/1194/1143 2117/1200/1143 2116/1199/1143 2112/1193/1143
f 2110/1188/1151 2114/1202/1158 2117/1201/1158 2113/1187/1152
f 2118/1203/1159 2122/1206/1159 2125/1205/1159 2121/1204/1159
f 2117/1200/1143 2121/1208/1143 2120/1207/1143 2116/1199/1143
f 2114/1202/1160 2118/1203/1160 2121/1204/1160 2117/1201/1160
f 2115/1184/1145 2119/1210/1145 2118/1209/1145 2114/1183/1145
f 2124/1211/1161 2128/1214/1161 2127/1213/1161 2123/1212/1161
f 2119/1210/1145 2123/1216/1145 2122/1215/1145 2118/1209/1145
f 2120/1198/1162 2124/1211/1162 2123/1212/1162 2119/1197/1162
f 2121/1208/1143 2125/1218/1143 2124/1217/1143 2120/1207/1143
f 2129/1219/1143 2133/1222/1143 2132/1221/1143 2128/1220/1143
f 2125/1218/1143 2129/1219/1143 2128/1220/1143 2124/1217/1143
f 2122/1206/1163 2126/1224/1163 2129/1223/1163 2125/1205/1163
f 2123/1216/1145 2127/1226/1145 2126/1225/1145 2122/1215/1145
f 2130/1227/1164 2134/1230/1164 2137/1229/1164 2133/1228/1164
f 2126/1224/1165 2130/1227/1165 2133/1228/1165 2129/1223/1165
f 2127/1226/1145 2131/1232/1145 2130/1231/1145 2126/1225/1145
f 2128/1214/1166 2132/1234/1166 2131/1233/1166 2127/1213/1166
f 2137/1235/1167 2134/1238/1167 2135/1237/1167 2136/1236/1167
f 2131/1232/1145 2135/1240/1145 2134/1239/1145 2130/1231/1145
f 2132/1234/1168 2136/1242/1168 2135/1241/1168 2131/1233/1168
f 2133/1222/1143 2137/1244/1143 2136/1243/1143 2132/1221/1143
f 2138/1245/1145 2139/1248/1145 2141/1247/1145 2140/1246/1145
f 2140/47/1142 2141/144/1142 2145/145/1142 2144/48/1142
f 2144/1249/1143 2145/1252/1143 2143/1251/1143 2142/1250/1143
f 2139/1248/1145 2138/1245/1145 2146/1254/1145 2147/1253/1145
f 2140/1255/1140 2144/1258/1140 2142/1257/1140 2138/1256/1140
f 2145/1259/1141 2141/1262/1141 2139/1261/1141 2143/1260/1141
f 2147/1253/1145 2146/1254/1145 2150/1264/1145 2151/1263/1145
f 2138/1256/1169 2142/1257/1169 2149/1266/1170 2146/1265/1171
f 2143/1260/1172 2139/1261/1172 2147/1268/1173 2148/1267/1174
f 2142/1250/1143 2143/1251/1143 2148/1270/1143 2149/1269/1143
f 2152/1271/1175 2151/1274/1175 2155/1273/1175 2156/1272/1175
f 2148/1267/1174 2147/1268/1173 2151/1274/1176 2152/1271/1176
f 2149/1269/1143 2148/1270/1143 2152/1276/1143 2153/1275/1143
f 2146/1265/1171 2149/1266/1170 2153/1278/1177 2150/1277/1177
f 2154/1279/1178 2157/1282/1178 2161/1281/1178 2158/1280/1178
f 2153/1275/1143 2152/1276/1143 2156/1284/1143 2157/1283/1143
f 2150/1277/1179 2153/1278/1179 2157/1282/1179 2154/1279/1179
f 2151/1263/1145 2150/1264/1145 2154/1286/1145 2155/1285/1145
f 2160/1287/1180 2159/1290/1180 2163/1289/1180 2164/1288/1180
f 2155/1285/1145 2154/1286/1145 2158/1292/1145 2159/1291/1145
f 2156/1272/1181 2155/1273/1181 2159/1290/1181 2160/1287/1181
f 2157/1283/1143 2156/1284/1143 2160/1294/1143 2161/1293/1143
f 2165/1295/1143 2164/1298/1143 2168/1297/1143 2169/1296/1143
f 2161/1293/1143 2160/1294/1143 2164/1298/1143 2165/1295/1143
f 2158/1280/1182 2161/1281/1182 2165/1300/1182 2162/1299/1182
f 2159/1291/1145 2158/1292/1145 2162/1302/1145 2163/1301/1145
f 2166/1303/1183 2169/1306/1183 2173/1305/1183 2170/1304/1183
f 2162/1299/1184 2165/1300/1184 2169/1306/1184 2166/1303/1184
f 2163/1301/1145 2162/1302/1145 2166/1308/1145 2167/1307/1145
f 2164/1288/1185 2163/1289/1185 2167/1310/1185 2168/1309/1185
f 2173/1311/1186 2172/1314/1186 2171/1313/1186 2170/1312/1186
f 2167/1307/1145 2166/1308/1145 2170/1316/1145 2171/1315/1145
f 2168/1309/1187 2167/1310/1187 2171/1318/1187 2172/1317/1187
f 2169/1296/1143 2168/1297/1143 2172/1320/1143 2173/1319/1143
f 2186/1321/1188 2175/1322/1188 2177/1323/1188 2187/1324/1188
f 2187/1325/1189 2177/1326/1189 2181/1327/1189 2188/1328/1189
f 2188/1329/1190 2181/1330/1190 2179/1331/1190 2189/1332/1190
f 2189/1333/1191 2179/1334/1191 2175/1335/1191 2186/1336/1191
f 2176/1337/134 2180/1338/134 2178/1339/134 2174/1340/134
f 2181/1341/178 2177/1342/178 2175/1343/178 2179/1344/178
f 2192/1345/44 2185/1346/44 2182/1347/44 2193/1348/44
f 2191/1349/5 2184/1350/5 2185/1351/5 2192/1352/5
f 2190/1353/48 2183/1354/48 2184/1355/48 2191/1356/48
f 2193/1357/20 2182/1358/20 2183/1359/20 2190/1360/20
f 2185/1346/44 2189/1333/44 2186/1336/44 2182/1347/44
f 2184/1350/5 2188/1329/5 2189/1332/5 2185/1351/5
f 2183/1354/48 2187/1325/48 2188/1328/48 2184/1355/48
f 2182/1358/20 2186/1321/20 2187/1324/20 2183/1359/20
f 2174/1361/1192 2193/1357/1192 2190/1360/1192 2176/1362/1192
f 2176/1363/1193 2190/1353/1193 2191/1356/1193 2180/1364/1193
f 2180/1365/1194 2191/1349/1194 2192/1352/1194 2178/1366/1194
f 2178/1367/1195 2192/1345/1195 2193/1348/1195 2174/1368/1195
f 2206/1321/1188 2195/1322/1188 2197/1323/1188 2207/1324/1188
f 2207/1325/1189 2197/1326/1189 2201/1327/1189 2208/1328/1189
f 2208/1329/1190 2201/1330/1190 2199/1331/1190 2209/1332/1190
f 2209/1333/1191 2199/1334/1191 2195/1335/1191 2206/1336/1191
f 2196/1337/134 2200/1338/134 2198/1339/134 2194/1340/134
f 2201/1341/178 2197/1342/178 2195/1343/178 2199/1344/178
f 2212/1345/44 2205/1346/44 2202/1347/44 2213/1348/44
f 2211/1349/5 2204/1350/5 2205/1351/5 2212/1352/5
f 2210/1353/48 2203/1354/48 2204/1355/48 2211/1356/48
f 2213/1357/20 2202/1358/20 2203/1359/20 2210/1360/20
f 2205/1346/44 2209/1333/44 2206/1336/44 2202/1347/44
f 2204/1350/5 2208/1329/5 2209/1332/5 2205/1351/5
f 2203/1354/48 2207/1325/48 2208/1328/48 2204/1355/48
f 2202/1358/20 2206/1321/20 2207/1324/20 2203/1359/20
f 2194/1361/1192 2213/1357/1192 2210/1360/1192 2196/1362/1192
f 2196/1363/1193 2210/1353/1193 2211/1356/1193 2200/1364/1193
f 2200/1365/1194 2211/1349/1194 2212/1352/1194 2198/1366/1194
f 2198/1367/1195 2212/1345/1195 2213/1348/1195 2194/1368/1195
f 2226/1321/1188 2227/1324/1188 2217/1323/1188 2215/1322/1188
f 2227/1325/1191 2228/1328/1191 2221/1327/1191 2217/1326/1191
f 2228/1329/1190 2229/1332/1190 2219/1331/1190 2221/1330/1190
f 2229/1333/1189 2226/1336/1189 2215/1335/1189 2219/1334/1189
f 2216/1337/134 2214/1340/134 2218/1339/134 2220/1338/134
f 2221/1341/178 2219/1344/178 2215/1343/178 2217/1342/178
f 2232/1345/48 2233/1348/48 2222/1347/48 2225/1346/48
f 2231/1349/5 2232/1352/5 2225/1351/5 2224/1350/5
f 2230/1353/44 2231/1356/44 2224/1355/44 2223/1354/44
f 2233/1357/20 2230/1360/20 2223/1359/20 2222/1358/20
f 2225/1346/48 2222/1347/48 2226/1336/48 2229/1333/48
f 2224/1350/5 2225/1351/5 2229/1332/5 2228/1329/5
f 2223/1354/44 2224/1355/44 2228/1328/44 2227/1325/44
f 2222/1358/20 2223/1359/20 2227/1324/20 2226/1321/20
f 2214/1361/1192 2216/1362/1192 2230/1360/1192 2233/1357/1192
f 2216/1363/1195 2220/1364/1195 2231/1356/1195 2230/1353/1195
f 2220/1365/1194 2218/1366/1194 2232/1352/1194 2231/1349/1194
f 2218/1367/1193 2214/1368/1193 2233/1348/1193 2232/1345/1193
f 2246/1321/1188 2247/1324/1188 2237/1323/1188 2235/1322/1188
f 2247/1325/1191 2248/1328/1191 2241/1327/1191 2237/1326/1191
f 2248/1329/1190 2249/1332/1190 2239/1331/1190 2241/1330/1190
f 2249/1333/1189 2246/1336/1189 2235/1335/1189 2239/1334/1189
f 2236/1337/134 2234/1340/134 2238/1339/134 2240/1338/134
f 2241/1341/178 2239/1344/178 2235/1343/178 2237/1342/178
f 2252/1345/48 2253/1348/48 2242/1347/48 2245/1346/48
f 2251/1349/5 2252/1352/5 2245/1351/5 2244/1350/5
f 2250/1353/44 2251/1356/44 2244/1355/44 2243/1354/44
f 2253/1357/20 2250/1360/20 2243/1359/20 2242/1358/20
f 2245/1346/48 2242/1347/48 2246/1336/48 2249/1333/48
f 2244/1350/5 2245/1351/5 2249/1332/5 2248/1329/5
f 2243/1354/44 2244/1355/44 2248/1328/44 2247/1325/44
f 2242/1358/20 2243/1359/20 2247/1324/20 2246/1321/20
f 2234/1361/1192 2236/1362/1192 2250/1360/1192 2253/1357/1192
f 2236/1363/1195 2240/1364/1195 2251/1356/1195 2250/1353/1195
f 2240/1365/1194 2238/1366/1194 2252/1352/1194 2251/1349/1194
f 2238/1367/1193 2234/1368/1193 2253/1348/1193 2252/1345/1193
f 2290/1369/1196 2277/1370/1197 2257/1371/1198 2284/1372/1199
f 2284/1373/1199 2257/1374/1198 2261/1375/1200 2285/1376/1201
f 2289/1377/1202 2341/1378/1203 2342/1379/1204
f 2286/1380/1205 2259/1381/1206 2255/1382/1207 2283/1383/1208
f 2272/1384/1209 2275/1385/1210 2258/1386/1211 2254/1387/1212
f 2273/1388/1213 2274/1389/1197 2255/1390/1207 2259/1391/1206
f 2293/1392/1205 2265/1393/1205 2262/1394/1208 2294/1395/1208
f 2298/1396/1202 2311/1397/1214 2316/1398/1215 2308/1399/1216 2265/1400/1205 2293/1401/1205 2356/1402/1217 2363/1403/1218 2362/1404/1219 2355/1405/1220
f 2291/1406/1199 2263/1407/1199 2264/1408/1201 2292/1409/1201
f 2300/1410/1196 2279/1411/1196 2263/1412/1199 2291/1413/1199
f 2297/1414/1196 2276/1415/1196 2271/1416/1196 2295/1417/1196
f 2299/1418/1202 2282/1419/1202 2305/1420/1221 2304/1421/1222 2301/1422/1223
f 2281/1423/1213 2277/1424/1197 2267/1425/1197 2269/1426/1213
f 2280/1427/1209 2278/1428/1210 2268/1429/1210 2266/1430/1209
f 2346/1431/1224 2342/1432/1204 2432/1432/1225 2436/1431/1226
f 2288/1433/1196 2274/1434/1197 2267/1435/1197 2287/1436/1196
f 2283/1437/1208 2255/1438/1207 2274/1434/1197 2288/1433/1196
f 2294/1439/1208 2262/1440/1208 2276/1415/1196 2297/1414/1196
f 2296/1441/1202 2270/1442/1202 2310/1443/1227 2313/1444/1228 2312/1445/1229 2380/1446/1230 2379/1447/1231 2382/1448/1232
f 2269/1426/1213 2267/1425/1197 2274/1389/1197 2273/1388/1213 2333/1449/1233
f 2266/1430/1209 2268/1429/1210 2275/1385/1210 2272/1384/1209
f 2385/1450/1234 2386/1451/1235 2476/1451/1236 2475/1450/1237
f 2285/1452/1201 2261/1453/1200 2281/1454/1213 2320/1455/1238 2323/1456/1239 2322/1457/1240
f 2256/1458/1241 2260/1459/1242 2278/1428/1210 2280/1427/1209
f 2261/1460/1200 2257/1461/1198 2277/1424/1197 2281/1423/1213
f 2292/1462/1201 2264/1463/1201 2371/1464/1243 2378/1465/1244 2377/1466/1245 2372/1467/1246 2282/1419/1202 2299/1418/1202 2365/1468/1247 2369/1469/1248 2370/1470/1249 2364/1471/1250
f 2295/1417/1196 2271/1416/1196 2279/1411/1196 2300/1410/1196
f 2287/1436/1196 2267/1435/1197 2277/1370/1197 2290/1369/1196
f 2271/1416/1196 2287/1436/1196 2290/1369/1196 2279/1411/1196
f 2264/1463/1201 2285/1452/1201 2322/1457/1240 2321/1472/1251 2282/1419/1202 2372/1467/1246 2373/1473/1252 2376/1474/1253 2375/1475/1254 2374/1476/1255 2371/1464/1243
f 2270/1442/1202 2332/1477/1256 2331/1478/1257 2307/1479/1258 2315/1480/1259 2314/1481/1260 2310/1443/1227
f 2262/1440/1208 2283/1437/1208 2288/1433/1196 2276/1415/1196
f 2276/1415/1196 2288/1433/1196 2287/1436/1196 2271/1416/1196
f 2282/1419/1202 2321/1472/1251 2326/1482/1261 2325/1483/1262 2324/1484/1263 2319/1485/1264 2330/1486/1265 2332/1477/1256 2270/1442/1202
f 2265/1393/1205 2286/1380/1205 2283/1383/1208 2262/1394/1208
f 2326/1487/1261 2321/1488/1251 2414/1488/1266 2418/1487/1267
f 2263/1407/1199 2284/1373/1199 2285/1376/1201 2264/1408/1201
f 2279/1411/1196 2290/1369/1196 2284/1372/1199 2263/1412/1199
f 2266/1489/1209 2295/1417/1196 2300/1410/1196 2280/1490/1209
f 2260/1491/1242 2292/1462/1201 2364/1471/1250 2368/1492/1268 2367/1493/1269 2366/1494/1270 2365/1468/1247 2299/1418/1202 2278/1495/1210
f 2268/1496/1210 2296/1441/1202 2298/1396/1202 2353/1497/1271 2360/1498/1272 2361/1499/1273 2385/1500/1234 2384/1501/1274 2383/1502/1275 2387/1503/1276
f 2254/1504/1212 2294/1439/1208 2297/1414/1196 2272/1505/1209
f 2278/1495/1210 2299/1418/1202 2301/1422/1223 2296/1441/1202 2268/1496/1210
f 2272/1505/1209 2297/1414/1196 2295/1417/1196 2266/1489/1209
f 2280/1490/1209 2300/1410/1196 2291/1413/1199 2256/1506/1241
f 2256/1507/1241 2291/1406/1199 2292/1409/1201 2260/1508/1242
f 2275/1509/1210 2354/1510/1277 2358/1511/1278 2359/1512/1279 2356/1402/1217 2293/1401/1205 2258/1513/1211
f 2258/1514/1211 2293/1392/1205 2294/1395/1208 2254/1515/1212
f 2301/1422/1223 2303/1516/1280 2296/1441/1202
f 2296/1441/1202 2303/1516/1280 2302/1517/1281 2306/1518/1282 2305/1420/1221 2282/1419/1202 2270/1442/1202
f 2345/1519/1283 2346/1431/1224 2436/1431/1226 2435/1519/1284
f 2384/1520/1274 2385/1450/1234 2475/1450/1237 2474/1520/1285
f 2325/1521/1262 2326/1487/1261 2418/1487/1267 2417/1521/1286
f 2309/1522/1287 2307/1479/1258 2289/1377/1202
f 2344/1523/1288 2345/1524/1283 2435/1525/1284 2434/1526/1289
f 2308/1399/1216 2318/1527/1290 2317/1528/1291 2309/1522/1287 2289/1377/1202 2342/1379/1204 2346/1529/1224 2345/1524/1283 2344/1523/1288 2343/1530/1292 2286/1531/1205 2265/1400/1205
f 2362/1532/1219 2363/1533/1218 2453/1533/1293 2452/1532/1294
f 2383/1534/1275 2384/1520/1274 2474/1520/1285 2473/1534/1295
f 2324/1535/1263 2325/1521/1262 2417/1521/1286 2416/1535/1296
f 2319/1485/1264 2327/1536/1297 2329/1537/1298 2328/1538/1299 2320/1455/1238 2281/1454/1213 2269/1539/1213 2334/1540/1300 2337/1541/1301 2336/1542/1302 2335/1543/1303 2330/1486/1265
f 2343/1544/1292 2344/1545/1288 2434/1545/1289 2433/1544/1304
f 2363/1533/1218 2356/1546/1217 2446/1546/1217 2453/1533/1293
f 2319/1547/1264 2324/1535/1263 2416/1535/1296 2413/1547/1305
f 2331/1478/1257 2338/1548/1306 2333/1549/1233 2273/1550/1213 2340/1551/1307 2352/1552/1308 2351/1553/1309 2341/1378/1203 2289/1377/1202 2307/1479/1258
f 2333/1549/1233 2339/1554/1310 2334/1540/1300 2269/1539/1213
f 2355/1555/1220 2362/1532/1219 2452/1532/1294 2445/1555/1220
f 2306/1556/1282 2302/1557/1281 2397/1557/1311 2402/1556/1312
f 2343/1530/1292 2348/1558/1313 2347/1559/1314 2350/1560/1315 2349/1561/1316 2340/1551/1307 2273/1550/1213 2259/1562/1206 2286/1531/1205
f 2321/1488/1251 2322/1563/1240 2395/1563/1317 2414/1488/1266
f 2354/1564/1277 2361/1565/1273 2451/1565/1318 2444/1564/1277
f 2355/1405/1220 2357/1566/1319 2353/1497/1271 2298/1396/1202
f 2382/1567/1232 2379/1568/1231 2469/1568/1320 2472/1567/1321
f 2305/1569/1221 2306/1556/1282 2402/1556/1312 2401/1569/1322
f 2323/1570/1239 2320/1571/1238 2393/1571/1323 2415/1570/1324
f 2361/1565/1273 2360/1572/1272 2450/1572/1325 2451/1565/1318
f 2381/1573/1326 2382/1567/1232 2472/1567/1321 2471/1573/1327
f 2304/1574/1222 2305/1569/1221 2401/1569/1322 2400/1574/1328
f 2322/1563/1240 2323/1570/1239 2415/1570/1324 2395/1563/1317
f 2381/1575/1326 2380/1446/1230 2312/1445/1229 2311/1397/1214 2298/1396/1202 2296/1441/1202 2382/1448/1232
f 2360/1572/1272 2353/1576/1271 2443/1576/1271 2450/1572/1325
f 2386/1577/1235 2385/1500/1234 2361/1499/1273 2354/1510/1277 2275/1509/1210 2268/1496/1210 2387/1503/1276
f 2394/1578/1202 2393/1579/1323 2420/1580/1329 2421/1581/1330 2419/1582/1331 2413/1583/1305
f 2392/1584/1202 2391/1585/1300 2429/1586/1332 2427/1587/1333 2428/1588/1334 2422/1589/1335
f 2389/1590/1202 2390/1591/1287 2411/1592/1336 2412/1593/1337 2403/1594/1338
f 2402/1595/1312 2397/1596/1311 2398/1597/1339 2399/1598/1340 2400/1599/1328 2401/1600/1322
f 2404/1601/1341 2405/1602/1342 2406/1603/1343 2388/1604/1344 2389/1590/1202
f 2388/1604/1344 2408/1605/1345 2409/1606/1346 2407/1607/1347 2390/1591/1287 2389/1590/1202
f 2403/1594/1338 2410/1608/1348 2404/1601/1341 2389/1590/1202
f 2395/1609/1317 2415/1610/1324 2393/1579/1323 2394/1578/1202
f 2414/1611/1266 2395/1609/1317 2394/1578/1202
f 2413/1583/1305 2416/1612/1296 2417/1613/1286 2418/1614/1267 2414/1611/1266 2394/1578/1202
f 2396/1615/1349 2424/1616/1350 2425/1617/1351 2426/1618/1352 2391/1585/1300 2392/1584/1202
f 2423/1619/1353 2396/1615/1349 2392/1584/1202
f 2422/1589/1335 2423/1619/1353 2392/1584/1202
f 2433/1620/1304 2434/1526/1289 2435/1525/1284 2436/1621/1226 2432/1622/1225
f 2432/1622/1225 2431/1623/1354 2430/1624/1355 2439/1625/1356 2440/1626/1357 2437/1627/1358 2438/1628/1359 2433/1620/1304
f 2431/1623/1354 2441/1629/1360 2442/1630/1361 2430/1624/1355
f 2446/1631/1217 2449/1632/1362 2448/1633/1363 2444/1634/1277 2443/1635/1271 2447/1636/1364 2445/1637/1220
f 2444/1634/1277 2451/1638/1318 2450/1639/1325 2443/1635/1271
f 2445/1637/1220 2452/1640/1294 2453/1641/1293 2446/1631/1217
f 2455/1642/1365 2456/1643/1366 2457/1644/1367 2458/1645/1368 2454/1646/1369
f 2454/1646/1369 2460/1647/1370 2459/1648/1371 2455/1642/1365
f 2461/1649/1372 2464/1650/1373 2465/1651/1374 2466/1652/1375 2463/1653/1376 2462/1654/1377
f 2462/1654/1377 2467/1655/1378 2468/1656/1379 2461/1649/1372
f 2472/1657/1321 2469/1658/1320 2470/1659/1380 2471/1660/1327
f 2477/1661/1381 2473/1662/1295 2474/1663/1285 2475/1664/1237 2476/1665/1236
f 2327/1536/1297 2319/1485/1264 2413/1583/1305 2419/1582/1331
f 2386/1451/1235 2387/1666/1276 2477/1666/1381 2476/1451/1236
f 2365/1468/1247 2366/1494/1270 2456/1643/1366 2455/1642/1365
f 2347/1667/1314 2348/1668/1313 2438/1668/1359 2437/1667/1358
f 2320/1571/1238 2328/1669/1299 2420/1669/1329 2393/1571/1323
f 2387/1666/1276 2383/1534/1275 2473/1534/1295 2477/1666/1381
f 2366/1670/1270 2367/1671/1269 2457/1671/1367 2456/1670/1366
f 2348/1668/1313 2343/1544/1292 2433/1544/1304 2438/1668/1359
f 2328/1669/1299 2329/1672/1298 2421/1672/1330 2420/1669/1329
f 2367/1671/1269 2368/1673/1268 2458/1673/1368 2457/1671/1367
f 2342/1432/1204 2341/1674/1203 2431/1674/1354 2432/1432/1225
f 2329/1672/1298 2327/1675/1297 2419/1675/1331 2421/1672/1330
f 2311/1676/1214 2312/1677/1229 2405/1677/1342 2404/1676/1341
f 2368/1673/1268 2364/1678/1250 2454/1678/1369 2458/1673/1368
f 2340/1679/1307 2349/1680/1316 2439/1680/1356 2430/1679/1355
f 2312/1677/1229 2313/1681/1228 2406/1681/1343 2405/1677/1342
f 2369/1682/1248 2365/1683/1247 2455/1683/1365 2459/1682/1371
f 2349/1680/1316 2350/1684/1315 2440/1684/1357 2439/1680/1356
f 2313/1681/1228 2310/1685/1227 2388/1685/1344 2406/1681/1343
f 2364/1678/1250 2370/1686/1249 2460/1686/1370 2454/1678/1369
f 2350/1684/1315 2347/1667/1314 2437/1667/1358 2440/1684/1357
f 2307/1687/1258 2309/1688/1287 2390/1688/1287 2407/1687/1347
f 2370/1686/1249 2369/1682/1248 2459/1682/1371 2460/1686/1370
f 2341/1674/1203 2351/1689/1309 2441/1689/1360 2431/1674/1354
f 2310/1685/1227 2314/1690/1260 2408/1690/1345 2388/1685/1344
f 2351/1689/1309 2352/1691/1308 2442/1691/1361 2441/1689/1360
f 2314/1690/1260 2315/1692/1259 2409/1692/1346 2408/1690/1345
f 2352/1691/1308 2340/1679/1307 2430/1679/1355 2442/1691/1361
f 2330/1693/1265 2335/1694/1303 2424/1694/1350 2396/1693/1349
f 2315/1692/1259 2307/1687/1258 2407/1687/1347 2409/1692/1346
f 2373/1695/1252 2372/1696/1246 2462/1696/1377 2463/1695/1376
f 2335/1694/1303 2336/1697/1302 2425/1697/1351 2424/1694/1350
f 2308/1399/1216 2316/1398/1215 2410/1608/1348 2403/1594/1338
f 2371/1698/1243 2374/1699/1255 2464/1699/1373 2461/1698/1372
f 2336/1697/1302 2337/1700/1301 2426/1700/1352 2425/1697/1351
f 2316/1701/1215 2311/1676/1214 2404/1676/1341 2410/1701/1348
f 2374/1699/1255 2375/1702/1254 2465/1702/1374 2464/1699/1373
f 2337/1700/1301 2334/1703/1300 2391/1703/1300 2426/1700/1352
f 2309/1688/1287 2317/1704/1291 2411/1704/1336 2390/1688/1287
f 2375/1702/1254 2376/1705/1253 2466/1705/1375 2465/1702/1374
f 2332/1706/1256 2330/1693/1265 2396/1693/1349 2423/1706/1353
f 2317/1704/1291 2318/1707/1290 2412/1707/1337 2411/1704/1336
f 2376/1705/1253 2373/1695/1252 2463/1695/1376 2466/1705/1375
f 2357/1708/1319 2355/1555/1220 2445/1555/1220 2447/1708/1364
f 2331/1709/1257 2332/1706/1256 2423/1706/1353 2422/1709/1335
f 2318/1707/1290 2308/1710/1216 2403/1710/1338 2412/1707/1337
f 2372/1711/1246 2377/1712/1245 2467/1713/1378 2462/1714/1377
f 2353/1576/1271 2357/1708/1319 2447/1708/1364 2443/1576/1271
f 2333/1549/1233 2338/1548/1306 2428/1588/1334 2427/1587/1333
f 2377/1715/1245 2378/1716/1244 2468/1716/1379 2467/1715/1378
f 2358/1717/1278 2354/1564/1277 2444/1564/1277 2448/1717/1363
f 2338/1548/1306 2331/1478/1257 2422/1589/1335 2428/1588/1334
f 2302/1718/1281 2303/1719/1280 2398/1720/1339 2397/1721/1311
f 2378/1716/1244 2371/1698/1243 2461/1698/1372 2468/1716/1379
f 2359/1722/1279 2358/1717/1278 2448/1717/1363 2449/1722/1362
f 2334/1703/1300 2339/1723/1310 2429/1723/1332 2391/1703/1300
f 2303/1724/1280 2301/1725/1223 2399/1725/1340 2398/1724/1339
f 2379/1568/1231 2380/1726/1230 2470/1726/1380 2469/1568/1320
f 2356/1546/1217 2359/1722/1279 2449/1722/1362 2446/1546/1217
f 2339/1723/1310 2333/1727/1233 2427/1727/1333 2429/1723/1332
f 2301/1725/1223 2304/1574/1222 2400/1574/1328 2399/1725/1340
f 2380/1726/1230 2381/1573/1326 2471/1573/1327 2470/1726/1380
f 2514/1369/1196 2501/1370/1197 2481/1371/1198 2508/1372/1199
f 2508/1373/1199 2481/1374/1198 2485/1375/1200 2509/1376/1201
f 2513/1377/1202 2565/1378/1203 2566/1379/1204
f 2510/1380/1205 2483/1381/1206 2479/1382/1207 2507/1383/1208
f 2496/1384/1209 2499/1385/1210 2482/1386/1211 2478/1387/1212
f 2497/1388/1213 2498/1389/1197 2479/1390/1207 2483/1391/1206
f 2517/1392/1205 2489/1393/1205 2486/1394/1208 2518/1395/1208
f 2522/1396/1202 2535/1397/1214 2540/1398/1215 2532/1399/1216 2489/1400/1205 2517/1401/1205 2580/1402/1217 2587/1403/1218 2586/1404/1219 2579/1405/1220
f 2515/1406/1199 2487/1407/1199 2488/1408/1201 2516/1409/1201
f 2524/1410/1196 2503/1411/1196 2487/1412/1199 2515/1413/1199
f 2521/1414/1196 2500/1415/1196 2495/1416/1196 2519/1417/1196
f 2523/1418/1202 2506/1419/1202 2529/1420/1221 2528/1421/1222 2525/1422/1223
f 2505/1423/1213 2501/1424/1197 2491/1425/1197 2493/1426/1213
f 2504/1427/1209 2502/1428/1210 2492/1429/1210 2490/1430/1209
f 2570/1431/1224 2566/1432/1204 2656/1432/1225 2660/1431/1226
f 2512/1433/1196 2498/1434/1197 2491/1435/1197 2511/1436/1196
f 2507/1437/1208 2479/1438/1207 2498/1434/1197 2512/1433/1196
f 2518/1439/1208 2486/1440/1208 2500/1415/1196 2521/1414/1196
f 2520/1441/1202 2494/1442/1202 2534/1443/1227 2537/1444/1382 2536/1445/1229 2604/1446/1230 2603/1447/1231 2606/1448/1232
f 2493/1426/1213 2491/1425/1197 2498/1389/1197 2497/1388/1213 2557/1449/1233
f 2490/1430/1209 2492/1429/1210 2499/1385/1210 2496/1384/1209
f 2609/1450/1234 2610/1451/1235 2700/1451/1236 2699/1450/1237
f 2509/1452/1201 2485/1453/1200 2505/1454/1213 2544/1455/1238 2547/1456/1239 2546/1457/1240
f 2480/1458/1241 2484/1459/1242 2502/1428/1210 2504/1427/1209
f 2485/1460/1200 2481/1461/1198 2501/1424/1197 2505/1423/1213
f 2516/1462/1201 2488/1463/1201 2595/1464/1243 2602/1465/1244 2601/1466/1245 2596/1467/1246 2506/1419/1202 2523/1418/1202 2589/1468/1383 2593/1469/1248 2594/1470/1249 2588/1471/1250
f 2519/1417/1196 2495/1416/1196 2503/1411/1196 2524/1410/1196
f 2511/1436/1196 2491/1435/1197 2501/1370/1197 2514/1369/1196
f 2495/1416/1196 2511/1436/1196 2514/1369/1196 2503/1411/1196
f 2488/1463/1201 2509/1452/1201 2546/1457/1240 2545/1472/1251 2506/1419/1202 2596/1467/1246 2597/1473/1252 2600/1474/1253 2599/1475/1254 2598/1476/1255 2595/1464/1243
f 2494/1442/1202 2556/1477/1256 2555/1478/1257 2531/1479/1258 2539/1480/1259 2538/1481/1260 2534/1443/1227
f 2486/1440/1208 2507/1437/1208 2512/1433/1196 2500/1415/1196
f 2500/1415/1196 2512/1433/1196 2511/1436/1196 2495/1416/1196
f 2506/1419/1202 2545/1472/1251 2550/1482/1261 2549/1483/1262 2548/1484/1263 2543/1485/1264 2554/1486/1265 2556/1477/1256 2494/1442/1202
f 2489/1393/1205 2510/1380/1205 2507/1383/1208 2486/1394/1208
f 2550/1487/1261 2545/1488/1251 2638/1488/1384 2642/1487/1267
f 2487/1407/1199 2508/1373/1199 2509/1376/1201 2488/1408/1201
f 2503/1411/1196 2514/1369/1196 2508/1372/1199 2487/1412/1199
f 2490/1489/1209 2519/1417/1196 2524/1410/1196 2504/1490/1209
f 2484/1491/1242 2516/1462/1201 2588/1471/1250 2592/1492/1268 2591/1493/1269 2590/1494/1385 2589/1468/1383 2523/1418/1202 2502/1495/1210
f 2492/1496/1210 2520/1441/1202 2522/1396/1202 2577/1497/1271 2584/1498/1272 2585/1499/1273 2609/1500/1234 2608/1501/1274 2607/1502/1275 2611/1503/1276
f 2478/1504/1212 2518/1439/1208 2521/1414/1196 2496/1505/1209
f 2502/1495/1210 2523/1418/1202 2525/1422/1223 2520/1441/1202 2492/1496/1210
f 2496/1505/1209 2521/1414/1196 2519/1417/1196 2490/1489/1209
f 2504/1490/1209 2524/1410/1196 2515/1413/1199 2480/1506/1241
f 2480/1507/1241 2515/1406/1199 2516/1409/1201 2484/1508/1242
f 2499/1509/1210 2578/1510/1277 2582/1511/1278 2583/1512/1279 2580/1402/1217 2517/1401/1205 2482/1513/1211
f 2482/1514/1211 2517/1392/1205 2518/1395/1208 2478/1515/1212
f 2525/1422/1223 2527/1516/1280 2520/1441/1202
f 2520/1441/1202 2527/1516/1280 2526/1517/1281 2530/1518/1282 2529/1420/1221 2506/1419/1202 2494/1442/1202
f 2569/1519/1283 2570/1431/1224 2660/1431/1226 2659/1519/1284
f 2608/1520/1274 2609/1450/1234 2699/1450/1237 2698/1520/1285
f 2549/1521/1262 2550/1487/1261 2642/1487/1267 2641/1521/1286
f 2533/1522/1287 2531/1479/1258 2513/1377/1202
f 2568/1523/1288 2569/1524/1283 2659/1525/1284 2658/1526/1289
f 2532/1399/1216 2542/1527/1386 2541/1528/1291 2533/1522/1287 2513/1377/1202 2566/1379/1204 2570/1529/1224 2569/1524/1283 2568/1523/1288 2567/1530/1292 2510/1531/1205 2489/1400/1205
f 2586/1532/1219 2587/1533/1218 2677/1533/1293 2676/1532/1294
f 2607/1534/1275 2608/1520/1274 2698/1520/1285 2697/1534/1295
f 2548/1535/1263 2549/1521/1262 2641/1521/1286 2640/1535/1387
f 2543/1485/1264 2551/1536/1388 2553/1537/1298 2552/1538/1299 2544/1455/1238 2505/1454/1213 2493/1539/1213 2558/1540/1300 2561/1541/1301 2560/1542/1302 2559/1543/1303 2554/1486/1265
f 2567/1544/1292 2568/1545/1288 2658/1545/1289 2657/1544/1304
f 2587/1533/1218 2580/1546/1217 2670/1546/1217 2677/1533/1293
f 2543/1547/1264 2548/1535/1263 2640/1535/1387 2637/1547/1305
f 2555/1478/1257 2562/1548/1306 2557/1549/1233 2497/1550/1213 2564/1551/1307 2576/1552/1308 2575/1553/1389 2565/1378/1203 2513/1377/1202 2531/1479/1258
f 2557/1549/1233 2563/1554/1310 2558/1540/1300 2493/1539/1213
f 2579/1555/1220 2586/1532/1219 2676/1532/1294 2669/1555/1220
f 2530/1556/1282 2526/1557/1281 2621/1557/1311 2626/1556/1312
f 2567/1530/1292 2572/1558/1390 2571/1559/1314 2574/1560/1315 2573/1561/1316 2564/1551/1307 2497/1550/1213 2483/1562/1206 2510/1531/1205
f 2545/1488/1251 2546/1563/1240 2619/1563/1240 2638/1488/1384
f 2578/1564/1277 2585/1565/1273 2675/1565/1391 2668/1564/1277
f 2579/1405/1220 2581/1566/1319 2577/1497/1271 2522/1396/1202
f 2606/1567/1232 2603/1568/1231 2693/1568/1320 2696/1567/1321
f 2529/1569/1221 2530/1556/1282 2626/1556/1312 2625/1569/1322
f 2547/1570/1239 2544/1571/1238 2617/1571/1323 2639/1570/1392
f 2585/1565/1273 2584/1572/1272 2674/1572/1325 2675/1565/1391
f 2605/1573/1326 2606/1567/1232 2696/1567/1321 2695/1573/1327
f 2528/1574/1222 2529/1569/1221 2625/1569/1322 2624/1574/1328
f 2546/1563/1240 2547/1570/1239 2639/1570/1392 2619/1563/1240
f 2605/1575/1326 2604/1446/1230 2536/1445/1229 2535/1397/1214 2522/1396/1202 2520/1441/1202 2606/1448/1232
f 2584/1572/1272 2577/1576/1271 2667/1576/1271 2674/1572/1325
f 2610/1577/1235 2609/1500/1234 2585/1499/1273 2578/1510/1277 2499/1509/1210 2492/1496/1210 2611/1503/1276
f 2618/1578/1202 2617/1579/1323 2644/1580/1329 2645/1581/1330 2643/1582/1331 2637/1583/1305
f 2616/1584/1202 2615/1585/1300 2653/1586/1332 2651/1587/1333 2652/1588/1334 2646/1589/1335
f 2613/1590/1202 2614/1591/1287 2635/1592/1336 2636/1593/1337 2627/1594/1338
f 2626/1595/1312 2621/1596/1311 2622/1597/1339 2623/1598/1340 2624/1599/1328 2625/1600/1322
f 2628/1601/1341 2629/1602/1393 2630/1603/1343 2612/1604/1344 2613/1590/1202
f 2612/1604/1344 2632/1605/1345 2633/1606/1346 2631/1607/1347 2614/1591/1287 2613/1590/1202
f 2627/1594/1338 2634/1608/1348 2628/1601/1341 2613/1590/1202
f 2619/1609/1240 2639/1610/1392 2617/1579/1323 2618/1578/1202
f 2638/1611/1384 2619/1609/1240 2618/1578/1202
f 2637/1583/1305 2640/1612/1387 2641/1613/1286 2642/1614/1267 2638/1611/1384 2618/1578/1202
f 2620/1615/1265 2648/1616/1350 2649/1617/1394 2650/1618/1352 2615/1585/1300 2616/1584/1202
f 2647/1619/1353 2620/1615/1265 2616/1584/1202
f 2646/1589/1335 2647/1619/1353 2616/1584/1202
f 2657/1620/1304 2658/1526/1289 2659/1525/1284 2660/1621/1226 2656/1622/1225
f 2656/1622/1225 2655/1623/1354 2654/1624/1355 2663/1625/1356 2664/1626/1395 2661/1627/1358 2662/1628/1359 2657/1620/1304
f 2655/1623/1354 2665/1629/1360 2666/1630/1361 2654/1624/1355
f 2670/1631/1217 2673/1632/1362 2672/1633/1363 2668/1634/1277 2667/1635/1271 2671/1636/1364 2669/1637/1220
f 2668/1634/1277 2675/1638/1391 2674/1639/1325 2667/1635/1271
f 2669/1637/1220 2676/1640/1294 2677/1641/1293 2670/1631/1217
f 2679/1642/1365 2680/1643/1396 2681/1644/1367 2682/1645/1368 2678/1646/1369
f 2678/1646/1369 2684/1647/1370 2683/1648/1371 2679/1642/1365
f 2685/1649/1372 2688/1650/1373 2689/1651/1374 2690/1652/1375 2687/1653/1376 2686/1654/1377
f 2686/1654/1377 2691/1655/1378 2692/1656/1379 2685/1649/1372
f 2696/1657/1321 2693/1658/1320 2694/1659/1380 2695/1660/1327
f 2701/1661/1381 2697/1662/1295 2698/1663/1285 2699/1664/1237 2700/1665/1236
f 2551/1536/1388 2543/1485/1264 2637/1583/1305 2643/1582/1331
f 2610/1451/1235 2611/1666/1276 2701/1666/1381 2700/1451/1236
f 2589/1468/1383 2590/1494/1385 2680/1643/1396 2679/1642/1365
f 2571/1667/1314 2572/1668/1390 2662/1668/1359 2661/1667/1358
f 2544/1571/1238 2552/1669/1299 2644/1669/1329 2617/1571/1323
f 2611/1666/1276 2607/1534/1275 2697/1534/1295 2701/1666/1381
f 2590/1670/1385 2591/1671/1269 2681/1671/1367 2680/1670/1396
f 2572/1668/1390 2567/1544/1292 2657/1544/1304 2662/1668/1359
f 2552/1669/1299 2553/1672/1298 2645/1672/1330 2644/1669/1329
f 2591/1671/1269 2592/1673/1268 2682/1673/1368 2681/1671/1367
f 2566/1432/1204 2565/1674/1203 2655/1674/1354 2656/1432/1225
f 2553/1672/1298 2551/1675/1388 2643/1675/1331 2645/1672/1330
f 2535/1676/1214 2536/1677/1229 2629/1677/1393 2628/1676/1341
f 2592/1673/1268 2588/1678/1250 2678/1678/1369 2682/1673/1368
f 2564/1679/1307 2573/1680/1316 2663/1680/1356 2654/1679/1355
f 2536/1677/1229 2537/1681/1382 2630/1681/1343 2629/1677/1393
f 2593/1682/1248 2589/1683/1383 2679/1683/1365 2683/1682/1371
f 2573/1680/1316 2574/1684/1315 2664/1684/1395 2663/1680/1356
f 2537/1681/1382 2534/1685/1227 2612/1685/1344 2630/1681/1343
f 2588/1678/1250 2594/1686/1249 2684/1686/1370 2678/1678/1369
f 2574/1684/1315 2571/1667/1314 2661/1667/1358 2664/1684/1395
f 2531/1687/1258 2533/1688/1287 2614/1688/1287 2631/1687/1347
f 2594/1686/1249 2593/1682/1248 2683/1682/1371 2684/1686/1370
f 2565/1674/1203 2575/1689/1389 2665/1689/1360 2655/1674/1354
f 2534/1685/1227 2538/1690/1260 2632/1690/1345 2612/1685/1344
f 2575/1689/1389 2576/1691/1308 2666/1691/1361 2665/1689/1360
f 2538/1690/1260 2539/1692/1259 2633/1692/1346 2632/1690/1345
f 2576/1691/1308 2564/1679/1307 2654/1679/1355 2666/1691/1361
f 2554/1693/1265 2559/1694/1303 2648/1694/1350 2620/1693/1265
f 2539/1692/1259 2531/1687/1258 2631/1687/1347 2633/1692/1346
f 2597/1695/1252 2596/1696/1246 2686/1696/1377 2687/1695/1376
f 2559/1694/1303 2560/1697/1302 2649/1697/1394 2648/1694/1350
f 2532/1399/1216 2540/1398/1215 2634/1608/1348 2627/1594/1338
f 2595/1698/1243 2598/1699/1255 2688/1699/1373 2685/1698/1372
f 2560/1697/1302 2561/1700/1301 2650/1700/1352 2649/1697/1394
f 2540/1701/1215 2535/1676/1214 2628/1676/1341 2634/1701/1348
f 2598/1699/1255 2599/1702/1254 2689/1702/1374 2688/1699/1373
f 2561/1700/1301 2558/1703/1300 2615/1703/1300 2650/1700/1352
f 2533/1688/1287 2541/1704/1291 2635/1704/1336 2614/1688/1287
f 2599/1702/1254 2600/1705/1253 2690/1705/1375 2689/1702/1374
f 2556/1706/1256 2554/1693/1265 2620/1693/1265 2647/1706/1353
f 2541/1704/1291 2542/1707/1386 2636/1707/1337 2635/1704/1336
f 2600/1705/1253 2597/1695/1252 2687/1695/1376 2690/1705/1375
f 2581/1708/1319 2579/1555/1220 2669/1555/1220 2671/1708/1364
f 2555/1709/1257 2556/1706/1256 2647/1706/1353 2646/1709/1335
f 2542/1707/1386 2532/1710/1216 2627/1710/1338 2636/1707/1337
f 2596/1711/1246 2601/1712/1245 2691/1713/1378 2686/1714/1377
f 2577/1576/1271 2581/1708/1319 2671/1708/1364 2667/1576/1271
f 2557/1549/1233 2562/1548/1306 2652/1588/1334 2651/1587/1333
f 2601/1715/1245 2602/1716/1244 2692/1716/1379 2691/1715/1378
f 2582/1717/1278 2578/1564/1277 2668/1564/1277 2672/1717/1363
f 2562/1548/1306 2555/1478/1257 2646/1589/1335 2652/1588/1334
f 2526/1718/1281 2527/1719/1280 2622/1720/1339 2621/1721/1311
f 2602/1716/1244 2595/1698/1243 2685/1698/1372 2692/1716/1379
f 2583/1722/1279 2582/1717/1278 2672/1717/1363 2673/1722/1362
f 2558/1703/1300 2563/1723/1310 2653/1723/1332 2615/1703/1300
f 2527/1724/1280 2525/1725/1223 2623/1725/1340 2622/1724/1339
f 2603/1568/1231 2604/1726/1230 2694/1726/1380 2693/1568/1320
f 2580/1546/1217 2583/1722/1279 2673/1722/1362 2670/1546/1217
f 2563/1723/1310 2557/1727/1233 2651/1727/1333 2653/1723/1332
f 2525/1725/1223 2528/1574/1222 2624/1574/1328 2623/1725/1340
f 2604/1726/1230 2605/1573/1326 2695/1573/1327 2694/1726/1380
f 2738/1369/1397 2732/1372/1398 2705/1371/1399 2725/1370/1400
f 2732/1373/1398 2733/1376/1401 2709/1375/1402 2705/1374/1399
f 2737/1377/1403 2790/1379/1404 2789/1378/1405
f 2734/1380/1406 2731/1383/1407 2703/1382/1408 2707/1381/1409
f 2720/1384/1410 2702/1387/1411 2706/1386/1412 2723/1385/1413
f 2721/1388/1414 2707/1391/1409 2703/1390/1408 2722/1389/1400
f 2741/1392/1406 2742/1395/1407 2710/1394/1407 2713/1393/1406
f 2746/1396/1403 2803/1405/1415 2810/1404/1416 2811/1403/1417 2804/1402/1418 2741/1401/1406 2713/1400/1406 2756/1399/1419 2764/1398/1420 2759/1397/1421
f 2739/1406/1398 2740/1409/1401 2712/1408/1401 2711/1407/1398
f 2748/1410/1397 2739/1413/1398 2711/1412/1398 2727/1411/1397
f 2745/1414/1397 2743/1417/1397 2719/1416/1397 2724/1415/1397
f 2747/1418/1403 2749/1422/1422 2752/1421/1423 2753/1420/1424 2730/1419/1403
f 2729/1423/1414 2717/1426/1414 2715/1425/1400 2725/1424/1400
f 2728/1427/1410 2714/1430/1410 2716/1429/1413 2726/1428/1413
f 2794/1431/1425 2884/1431/1426 2880/1432/1427 2790/1432/1404
f 2736/1433/1397 2735/1436/1397 2715/1435/1400 2722/1434/1400
f 2731/1437/1407 2736/1433/1397 2722/1434/1400 2703/1438/1408
f 2742/1439/1407 2745/1414/1397 2724/1415/1397 2710/1440/1407
f 2744/1441/1403 2830/1448/1428 2827/1447/1429 2828/1446/1430 2760/1445/1431 2761/1444/1432 2758/1443/1433 2718/1442/1403
f 2717/1426/1414 2781/1449/1434 2721/1388/1414 2722/1389/1400 2715/1425/1400
f 2714/1430/1410 2720/1384/1410 2723/1385/1413 2716/1429/1413
f 2833/1450/1435 2923/1450/1436 2924/1451/1437 2834/1451/1438
f 2733/1452/1401 2770/1457/1439 2771/1456/1440 2768/1455/1441 2729/1454/1414 2709/1453/1402
f 2704/1458/1442 2728/1427/1410 2726/1428/1413 2708/1459/1443
f 2709/1460/1402 2729/1423/1414 2725/1424/1400 2705/1461/1399
f 2740/1462/1401 2812/1471/1444 2818/1470/1445 2817/1469/1446 2813/1468/1447 2747/1418/1403 2730/1419/1403 2820/1467/1448 2825/1466/1449 2826/1465/1450 2819/1464/1451 2712/1463/1401
f 2743/1417/1397 2748/1410/1397 2727/1411/1397 2719/1416/1397
f 2735/1436/1397 2738/1369/1397 2725/1370/1400 2715/1435/1400
f 2719/1416/1397 2727/1411/1397 2738/1369/1397 2735/1436/1397
f 2712/1463/1401 2819/1464/1451 2822/1476/1452 2823/1475/1453 2824/1474/1454 2821/1473/1455 2820/1467/1448 2730/1419/1403 2769/1472/1456 2770/1457/1439 2733/1452/1401
f 2718/1442/1403 2758/1443/1433 2762/1481/1457 2763/1480/1458 2755/1479/1459 2779/1478/1460 2780/1477/1461
f 2710/1440/1407 2724/1415/1397 2736/1433/1397 2731/1437/1407
f 2724/1415/1397 2719/1416/1397 2735/1436/1397 2736/1433/1397
f 2730/1419/1403 2718/1442/1403 2780/1477/1461 2778/1486/1462 2767/1485/1463 2772/1484/1464 2773/1483/1465 2774/1482/1466 2769/1472/1456
f 2713/1393/1406 2710/1394/1407 2731/1383/1407 2734/1380/1406
f 2774/1487/1466 2866/1487/1467 2862/1488/1468 2769/1488/1456
f 2711/1407/1398 2712/1408/1401 2733/1376/1401 2732/1373/1398
f 2727/1411/1397 2711/1412/1398 2732/1372/1398 2738/1369/1397
f 2714/1489/1410 2728/1490/1410 2748/1410/1397 2743/1417/1397
f 2708/1491/1443 2726/1495/1413 2747/1418/1403 2813/1468/1447 2814/1494/1469 2815/1493/1470 2816/1492/1471 2812/1471/1444 2740/1462/1401
f 2716/1496/1413 2835/1503/1472 2831/1502/1473 2832/1501/1474 2833/1500/1435 2809/1499/1475 2808/1498/1476 2801/1497/1477 2746/1396/1403 2744/1441/1403
f 2702/1504/1411 2720/1505/1410 2745/1414/1397 2742/1439/1407
f 2726/1495/1413 2716/1496/1413 2744/1441/1403 2749/1422/1422 2747/1418/1403
f 2720/1505/1410 2714/1489/1410 2743/1417/1397 2745/1414/1397
f 2728/1490/1410 2704/1506/1442 2739/1413/1398 2748/1410/1397
f 2704/1507/1442 2708/1508/1443 2740/1409/1401 2739/1406/1398
f 2723/1509/1413 2706/1513/1412 2741/1401/1406 2804/1402/1418 2807/1512/1478 2806/1511/1479 2802/1510/1480
f 2706/1514/1412 2702/1515/1411 2742/1395/1407 2741/1392/1406
f 2749/1422/1422 2744/1441/1403 2751/1516/1481
f 2744/1441/1403 2718/1442/1403 2730/1419/1403 2753/1420/1424 2754/1518/1482 2750/1517/1483 2751/1516/1481
f 2793/1519/1484 2883/1519/1485 2884/1431/1426 2794/1431/1425
f 2832/1520/1474 2922/1520/1486 2923/1450/1436 2833/1450/1435
f 2773/1521/1465 2865/1521/1487 2866/1487/1467 2774/1487/1466
f 2757/1522/1488 2737/1377/1403 2755/1479/1459
f 2792/1523/1489 2882/1526/1490 2883/1525/1485 2793/1524/1484
f 2756/1399/1419 2713/1400/1406 2734/1531/1406 2791/1530/1491 2792/1523/1489 2793/1524/1484 2794/1529/1425 2790/1379/1404 2737/1377/1403 2757/1522/1488 2765/1528/1492 2766/1527/1493
f 2810/1532/1416 2900/1532/1494 2901/1533/1495 2811/1533/1417
f 2831/1534/1473 2921/1534/1496 2922/1520/1486 2832/1520/1474
f 2772/1535/1464 2864/1535/1497 2865/1521/1487 2773/1521/1465
f 2767/1485/1463 2778/1486/1462 2783/1543/1498 2784/1542/1499 2785/1541/1500 2782/1540/1501 2717/1539/1414 2729/1454/1414 2768/1455/1441 2776/1538/1502 2777/1537/1503 2775/1536/1504
f 2791/1544/1491 2881/1544/1505 2882/1545/1490 2792/1545/1489
f 2811/1533/1417 2901/1533/1495 2894/1546/1506 2804/1546/1418
f 2767/1547/1463 2861/1547/1463 2864/1535/1497 2772/1535/1464
f 2779/1478/1460 2755/1479/1459 2737/1377/1403 2789/1378/1405 2799/1553/1507 2800/1552/1508 2788/1551/1509 2721/1550/1414 2781/1549/1434 2786/1548/1510
f 2781/1549/1434 2717/1539/1414 2782/1540/1501 2787/1554/1511
f 2803/1555/1415 2893/1555/1512 2900/1532/1494 2810/1532/1416
f 2754/1556/1482 2850/1556/1513 2845/1557/1514 2750/1557/1483
f 2791/1530/1491 2734/1531/1406 2707/1562/1409 2721/1550/1414 2788/1551/1509 2797/1561/1515 2798/1560/1516 2795/1559/1517 2796/1558/1518
f 2769/1488/1456 2862/1488/1468 2843/1563/1519 2770/1563/1439
f 2802/1564/1480 2892/1564/1480 2899/1565/1520 2809/1565/1475
f 2803/1405/1415 2746/1396/1403 2801/1497/1477 2805/1566/1521
f 2830/1567/1428 2920/1567/1522 2917/1568/1523 2827/1568/1429
f 2753/1569/1424 2849/1569/1524 2850/1556/1513 2754/1556/1482
f 2771/1570/1440 2863/1570/1525 2841/1571/1441 2768/1571/1441
f 2809/1565/1475 2899/1565/1520 2898/1572/1526 2808/1572/1476
f 2829/1573/1527 2919/1573/1528 2920/1567/1522 2830/1567/1428
f 2752/1574/1423 2848/1574/1529 2849/1569/1524 2753/1569/1424
f 2770/1563/1439 2843/1563/1519 2863/1570/1525 2771/1570/1440
f 2829/1575/1527 2830/1448/1428 2744/1441/1403 2746/1396/1403 2759/1397/1421 2760/1445/1431 2828/1446/1430
f 2808/1572/1476 2898/1572/1526 2891/1576/1477 2801/1576/1477
f 2834/1577/1438 2835/1503/1472 2716/1496/1413 2723/1509/1413 2802/1510/1480 2809/1499/1475 2833/1500/1435
f 2842/1578/1403 2861/1583/1463 2867/1582/1530 2869/1581/1531 2868/1580/1532 2841/1579/1441
f 2840/1584/1403 2870/1589/1533 2876/1588/1436 2875/1587/1534 2877/1586/1535 2839/1585/1501
f 2837/1590/1403 2851/1594/1536 2860/1593/1537 2859/1592/1538 2838/1591/1488
f 2850/1595/1513 2849/1600/1524 2848/1599/1529 2847/1598/1539 2846/1597/1540 2845/1596/1514
f 2852/1601/1541 2837/1590/1403 2836/1604/1542 2854/1603/1543 2853/1602/1544
f 2836/1604/1542 2837/1590/1403 2838/1591/1488 2855/1607/1545 2857/1606/1546 2856/1605/1547
f 2851/1594/1536 2837/1590/1403 2852/1601/1541 2858/1608/1548
f 2843/1609/1519 2842/1578/1403 2841/1579/1441 2863/1610/1525
f 2862/1611/1468 2842/1578/1403 2843/1609/1519
f 2861/1583/1463 2842/1578/1403 2862/1611/1468 2866/1614/1467 2865/1613/1487 2864/1612/1497
f 2844/1615/1462 2840/1584/1403 2839/1585/1501 2874/1618/1549 2873/1617/1550 2872/1616/1551
f 2871/1619/1552 2840/1584/1403 2844/1615/1462
f 2870/1589/1533 2840/1584/1403 2871/1619/1552
f 2881/1620/1505 2880/1622/1427 2884/1621/1426 2883/1525/1485 2882/1526/1490
f 2880/1622/1427 2881/1620/1505 2886/1628/1553 2885/1627/1554 2888/1626/1555 2887/1625/1556 2878/1624/1557 2879/1623/1558
f 2879/1623/1558 2878/1624/1557 2890/1630/1559 2889/1629/1560
f 2894/1631/1506 2893/1637/1512 2895/1636/1561 2891/1635/1477 2892/1634/1480 2896/1633/1562 2897/1632/1563
f 2892/1634/1480 2891/1635/1477 2898/1639/1526 2899/1638/1520
f 2893/1637/1512 2894/1631/1506 2901/1641/1495 2900/1640/1494
f 2903/1642/1564 2902/1646/1565 2906/1645/1566 2905/1644/1567 2904/1643/1568
f 2902/1646/1565 2903/1642/1564 2907/1648/1569 2908/1647/1570
f 2909/1649/1571 2910/1654/1572 2911/1653/1573 2914/1652/1574 2913/1651/1575 2912/1650/1576
f 2910/1654/1572 2909/1649/1571 2916/1656/1577 2915/1655/1578
f 2920/1657/1522 2919/1660/1528 2918/1659/1579 2917/1658/1523
f 2925/1661/1580 2924/1665/1437 2923/1664/1436 2922/1663/1486 2921/1662/1496
f 2775/1536/1504 2867/1582/1530 2861/1583/1463 2767/1485/1463
f 2834/1451/1438 2924/1451/1437 2925/1666/1580 2835/1666/1472
f 2813/1468/1447 2903/1642/1564 2904/1643/1568 2814/1494/1469
f 2795/1667/1517 2885/1667/1554 2886/1668/1553 2796/1668/1518
f 2768/1571/1441 2841/1571/1441 2868/1669/1532 2776/1669/1502
f 2835/1666/1472 2925/1666/1580 2921/1534/1496 2831/1534/1473
f 2814/1670/1469 2904/1670/1568 2905/1671/1567 2815/1671/1470
f 2796/1668/1518 2886/1668/1553 2881/1544/1505 2791/1544/1491
f 2776/1669/1502 2868/1669/1532 2869/1672/1531 2777/1672/1503
f 2815/1671/1470 2905/1671/1567 2906/1673/1566 2816/1673/1471
f 2790/1432/1404 2880/1432/1427 2879/1674/1558 2789/1674/1405
f 2777/1672/1503 2869/1672/1531 2867/1675/1530 2775/1675/1504
f 2759/1676/1421 2852/1676/1541 2853/1677/1544 2760/1677/1431
f 2816/1673/1471 2906/1673/1566 2902/1678/1565 2812/1678/1444
f 2788/1679/1509 2878/1679/1557 2887/1680/1556 2797/1680/1515
f 2760/1677/1431 2853/1677/1544 2854/1681/1543 2761/1681/1432
f 2817/1682/1446 2907/1682/1569 2903/1683/1564 2813/1683/1447
f 2797/1680/1515 2887/1680/1556 2888/1684/1555 2798/1684/1516
f 2761/1681/1432 2854/1681/1543 2836/1685/1542 2758/1685/1433
f 2812/1678/1444 2902/1678/1565 2908/1686/1570 2818/1686/1445
f 2798/1684/1516 2888/1684/1555 2885/1667/1554 2795/1667/1517
f 2755/1687/1459 2855/1687/1545 2838/1688/1488 2757/1688/1488
f 2818/1686/1445 2908/1686/1570 2907/1682/1569 2817/1682/1446
f 2789/1674/1405 2879/1674/1558 2889/1689/1560 2799/1689/1507
f 2758/1685/1433 2836/1685/1542 2856/1690/1547 2762/1690/1457
f 2799/1689/1507 2889/1689/1560 2890/1691/1559 2800/1691/1508
f 2762/1690/1457 2856/1690/1547 2857/1692/1546 2763/1692/1458
f 2800/1691/1508 2890/1691/1559 2878/1679/1557 2788/1679/1509
f 2778/1693/1462 2844/1693/1462 2872/1694/1551 2783/1694/1498
f 2763/1692/1458 2857/1692/1546 2855/1687/1545 2755/1687/1459
f 2821/1695/1455 2911/1695/1573 2910/1696/1572 2820/1696/1448
f 2783/1694/1498 2872/1694/1551 2873/1697/1550 2784/1697/1499
f 2756/1399/1419 2851/1594/1536 2858/1608/1548 2764/1398/1420
f 2819/1698/1451 2909/1698/1571 2912/1699/1576 2822/1699/1452
f 2784/1697/1499 2873/1697/1550 2874/1700/1549 2785/1700/1500
f 2764/1701/1420 2858/1701/1548 2852/1676/1541 2759/1676/1421
f 2822/1699/1452 2912/1699/1576 2913/1702/1575 2823/1702/1453
f 2785/1700/1500 2874/1700/1549 2839/1703/1501 2782/1703/1501
f 2757/1688/1488 2838/1688/1488 2859/1704/1538 2765/1704/1492
f 2823/1702/1453 2913/1702/1575 2914/1705/1574 2824/1705/1454
f 2780/1706/1461 2871/1706/1552 2844/1693/1462 2778/1693/1462
f 2765/1704/1492 2859/1704/1538 2860/1707/1537 2766/1707/1493
f 2824/1705/1454 2914/1705/1574 2911/1695/1573 2821/1695/1455
f 2805/1708/1521 2895/1708/1561 2893/1555/1512 2803/1555/1415
f 2779/1709/1460 2870/1709/1533 2871/1706/1552 2780/1706/1461
f 2766/1707/1493 2860/1707/1537 2851/1710/1536 2756/1710/1419
f 2820/1711/1448 2910/1714/1572 2915/1713/1578 2825/1712/1449
f 2801/1576/1477 2891/1576/1477 2895/1708/1561 2805/1708/1521
f 2781/1549/1434 2875/1587/1534 2876/1588/1436 2786/1548/1510
f 2825/1715/1449 2915/1715/1578 2916/1716/1577 2826/1716/1450
f 2806/1717/1479 2896/1717/1562 2892/1564/1480 2802/1564/1480
f 2786/1548/1510 2876/1588/1436 2870/1589/1533 2779/1478/1460
f 2750/1718/1483 2845/1721/1514 2846/1720/1540 2751/1719/1481
f 2826/1716/1450 2916/1716/1577 2909/1698/1571 2819/1698/1451
f 2807/1722/1478 2897/1722/1563 2896/1717/1562 2806/1717/1479
f 2782/1703/1501 2839/1703/1501 2877/1723/1535 2787/1723/1511
f 2751/1724/1481 2846/1724/1540 2847/1725/1539 2749/1725/1422
f 2827/1568/1429 2917/1568/1523 2918/1726/1579 2828/1726/1430
f 2804/1546/1418 2894/1546/1506 2897/1722/1563 2807/1722/1478
f 2787/1723/1511 2877/1723/1535 2875/1727/1534 2781/1727/1434
f 2749/1725/1422 2847/1725/1539 2848/1574/1529 2752/1574/1423
f 2828/1726/1430 2918/1726/1579 2919/1573/1528 2829/1573/1527
f 2962/1369/1397 2956/1372/1398 2929/1371/1399 2949/1370/1400
f 2956/1373/1398 2957/1376/1401 2933/1375/1402 2929/1374/1399
f 2961/1377/1403 3014/1379/1404 3013/1378/1405
f 2958/1380/1406 2955/1383/1407 2927/1382/1408 2931/1381/1409
f 2944/1384/1410 2926/1387/1411 2930/1386/1412 2947/1385/1413
f 2945/1388/1414 2931/1391/1409 2927/1390/1408 2946/1389/1400
f 2965/1392/1406 2966/1395/1407 2934/1394/1407 2937/1393/1406
f 2970/1396/1403 3027/1405/1415 3034/1404/1416 3035/1403/1417 3028/1402/1418 2965/1401/1406 2937/1400/1406 2980/1399/1419 2988/1398/1581 2983/1397/1421
f 2963/1406/1398 2964/1409/1401 2936/1408/1401 2935/1407/1398
f 2972/1410/1397 2963/1413/1398 2935/1412/1398 2951/1411/1397
f 2969/1414/1397 2967/1417/1397 2943/1416/1397 2948/1415/1397
f 2971/1418/1403 2973/1422/1582 2976/1421/1423 2977/1420/1424 2954/1419/1403
f 2953/1423/1414 2941/1426/1414 2939/1425/1400 2949/1424/1400
f 2952/1427/1410 2938/1430/1410 2940/1429/1413 2950/1428/1413
f 3018/1431/1425 3108/1431/1426 3104/1432/1427 3014/1432/1404
f 2960/1433/1397 2959/1436/1397 2939/1435/1400 2946/1434/1400
f 2955/1437/1407 2960/1433/1397 2946/1434/1400 2927/1438/1408
f 2966/1439/1407 2969/1414/1397 2948/1415/1397 2934/1440/1407
f 2968/1441/1403 3054/1448/1428 3051/1447/1429 3052/1446/1430 2984/1445/1431 2985/1444/1583 2982/1443/1433 2942/1442/1403
f 2941/1426/1414 3005/1449/1584 2945/1388/1414 2946/1389/1400 2939/1425/1400
f 2938/1430/1410 2944/1384/1410 2947/1385/1413 2940/1429/1413
f 3057/1450/1435 3147/1450/1436 3148/1451/1437 3058/1451/1438
f 2957/1452/1401 2994/1457/1439 2995/1456/1440 2992/1455/1441 2953/1454/1414 2933/1453/1402
f 2928/1458/1442 2952/1427/1410 2950/1428/1413 2932/1459/1443
f 2933/1460/1402 2953/1423/1414 2949/1424/1400 2929/1461/1399
f 2964/1462/1401 3036/1471/1444 3042/1470/1445 3041/1469/1446 3037/1468/1564 2971/1418/1403 2954/1419/1403 3044/1467/1448 3049/1466/1449 3050/1465/1450 3043/1464/1451 2936/1463/1401
f 2967/1417/1397 2972/1410/1397 2951/1411/1397 2943/1416/1397
f 2959/1436/1397 2962/1369/1397 2949/1370/1400 2939/1435/1400
f 2943/1416/1397 2951/1411/1397 2962/1369/1397 2959/1436/1397
f 2936/1463/1401 3043/1464/1451 3046/1476/1585 3047/1475/1453 3048/1474/1454 3045/1473/1455 3044/1467/1448 2954/1419/1403 2993/1472/1456 2994/1457/1439 2957/1452/1401
f 2942/1442/1403 2982/1443/1433 2986/1481/1586 2987/1480/1458 2979/1479/1459 3003/1478/1460 3004/1477/1461
f 2934/1440/1407 2948/1415/1397 2960/1433/1397 2955/1437/1407
f 2948/1415/1397 2943/1416/1397 2959/1436/1397 2960/1433/1397
f 2954/1419/1403 2942/1442/1403 3004/1477/1461 3002/1486/1587 2991/1485/1588 2996/1484/1464 2997/1483/1465 2998/1482/1466 2993/1472/1456
f 2937/1393/1406 2934/1394/1407 2955/1383/1407 2958/1380/1406
f 2998/1487/1466 3090/1487/1467 3086/1488/1468 2993/1488/1456
f 2935/1407/1398 2936/1408/1401 2957/1376/1401 2956/1373/1398
f 2951/1411/1397 2935/1412/1398 2956/1372/1398 2962/1369/1397
f 2938/1489/1410 2952/1490/1410 2972/1410/1397 2967/1417/1397
f 2932/1491/1443 2950/1495/1413 2971/1418/1403 3037/1468/1564 3038/1494/1589 3039/1493/1470 3040/1492/1471 3036/1471/1444 2964/1462/1401
f 2940/1496/1413 3059/1503/1472 3055/1502/1473 3056/1501/1474 3057/1500/1435 3033/1499/1475 3032/1498/1590 3025/1497/1477 2970/1396/1403 2968/1441/1403
f 2926/1504/1411 2944/1505/1410 2969/1414/1397 2966/1439/1407
f 2950/1495/1413 2940/1496/1413 2968/1441/1403 2973/1422/1582 2971/1418/1403
f 2944/1505/1410 2938/1489/1410 2967/1417/1397 2969/1414/1397
f 2952/1490/1410 2928/1506/1442 2963/1413/1398 2972/1410/1397
f 2928/1507/1442 2932/1508/1443 2964/1409/1401 2963/1406/1398
f 2947/1509/1413 2930/1513/1412 2965/1401/1406 3028/1402/1418 3031/1512/1478 3030/1511/1479 3026/1510/1480
f 2930/1514/1412 2926/1515/1411 2966/1395/1407 2965/1392/1406
f 2973/1422/1582 2968/1441/1403 2975/1516/1481
f 2968/1441/1403 2942/1442/1403 2954/1419/1403 2977/1420/1424 2978/1518/1482 2974/1517/1483 2975/1516/1481
f 3017/1519/1484 3107/1519/1485 3108/1431/1426 3018/1431/1425
f 3056/1520/1474 3146/1520/1486 3147/1450/1436 3057/1450/1435
f 2997/1521/1465 3089/1521/1487 3090/1487/1467 2998/1487/1466
f 2981/1522/1488 2961/1377/1403 2979/1479/1459
f 3016/1523/1489 3106/1526/1490 3107/1525/1485 3017/1524/1484
f 2980/1399/1419 2937/1400/1406 2958/1531/1406 3015/1530/1491 3016/1523/1489 3017/1524/1484 3018/1529/1425 3014/1379/1404 2961/1377/1403 2981/1522/1488 2989/1528/1492 2990/1527/1493
f 3034/1532/1416 3124/1532/1494 3125/1533/1495 3035/1533/1417
f 3055/1534/1473 3145/1534/1591 3146/1520/1486 3056/1520/1474
f 2996/1535/1464 3088/1535/1497 3089/1521/1487 2997/1521/1465
f 2991/1485/1588 3002/1486/1587 3007/1543/1498 3008/1542/1499 3009/1541/1500 3006/1540/1501 2941/1539/1414 2953/1454/1414 2992/1455/1441 3000/1538/1502 3001/1537/1503 2999/1536/1504
f 3015/1544/1491 3105/1544/1505 3106/1545/1490 3016/1545/1489
f 3035/1533/1417 3125/1533/1495 3118/1546/1506 3028/1546/1418
f 2991/1547/1588 3085/1547/1463 3088/1535/1497 2996/1535/1464
f 3003/1478/1460 2979/1479/1459 2961/1377/1403 3013/1378/1405 3023/1553/1507 3024/1552/1508 3012/1551/1509 2945/1550/1414 3005/1549/1584 3010/1548/1510
f 3005/1549/1584 2941/1539/1414 3006/1540/1501 3011/1554/1511
f 3027/1555/1415 3117/1555/1512 3124/1532/1494 3034/1532/1416
f 2978/1556/1482 3074/1556/1513 3069/1557/1514 2974/1557/1483
f 3015/1530/1491 2958/1531/1406 2931/1562/1409 2945/1550/1414 3012/1551/1509 3021/1561/1515 3022/1560/1516 3019/1559/1517 3020/1558/1518
f 2993/1488/1456 3086/1488/1468 3067/1563/1519 2994/1563/1439
f 3026/1564/1480 3116/1564/1480 3123/1565/1520 3033/1565/1475
f 3027/1405/1415 2970/1396/1403 3025/1497/1477 3029/1566/1521
f 3054/1567/1428 3144/1567/1592 3141/1568/1593 3051/1568/1429
f 2977/1569/1424 3073/1569/1524 3074/1556/1513 2978/1556/1482
f 2995/1570/1440 3087/1570/1525 3065/1571/1441 2992/1571/1441
f 3033/1565/1475 3123/1565/1520 3122/1572/1526 3032/1572/1590
f 3053/1573/1527 3143/1573/1528 3144/1567/1592 3054/1567/1428
f 2976/1574/1423 3072/1574/1529 3073/1569/1524 2977/1569/1424
f 2994/1563/1439 3067/1563/1519 3087/1570/1525 2995/1570/1440
f 3053/1575/1527 3054/1448/1428 2968/1441/1403 2970/1396/1403 2983/1397/1421 2984/1445/1431 3052/1446/1430
f 3032/1572/1590 3122/1572/1526 3115/1576/1477 3025/1576/1477
f 3058/1577/1438 3059/1503/1472 2940/1496/1413 2947/1509/1413 3026/1510/1480 3033/1499/1475 3057/1500/1435
f 3066/1578/1403 3085/1583/1463 3091/1582/1530 3093/1581/1531 3092/1580/1532 3065/1579/1441
f 3064/1584/1403 3094/1589/1533 3100/1588/1436 3099/1587/1534 3101/1586/1535 3063/1585/1501
f 3061/1590/1403 3075/1594/1536 3084/1593/1537 3083/1592/1538 3062/1591/1488
f 3074/1595/1513 3073/1600/1524 3072/1599/1529 3071/1598/1539 3070/1597/1540 3069/1596/1514
f 3076/1601/1541 3061/1590/1403 3060/1604/1542 3078/1603/1543 3077/1602/1544
f 3060/1604/1542 3061/1590/1403 3062/1591/1488 3079/1607/1545 3081/1606/1546 3080/1605/1594
f 3075/1594/1536 3061/1590/1403 3076/1601/1541 3082/1608/1548
f 3067/1609/1519 3066/1578/1403 3065/1579/1441 3087/1610/1525
f 3086/1611/1468 3066/1578/1403 3067/1609/1519
f 3085/1583/1463 3066/1578/1403 3086/1611/1468 3090/1614/1467 3089/1613/1487 3088/1612/1497
f 3068/1615/1462 3064/1584/1403 3063/1585/1501 3098/1618/1549 3097/1617/1550 3096/1616/1551
f 3095/1619/1552 3064/1584/1403 3068/1615/1462
f 3094/1589/1533 3064/1584/1403 3095/1619/1552
f 3105/1620/1505 3104/1622/1427 3108/1621/1426 3107/1525/1485 3106/1526/1490
f 3104/1622/1427 3105/1620/1505 3110/1628/1553 3109/1627/1554 3112/1626/1555 3111/1625/1556 3102/1624/1557 3103/1623/1558
f 3103/1623/1558 3102/1624/1557 3114/1630/1595 3113/1629/1560
f 3118/1631/1506 3117/1637/1512 3119/1636/1561 3115/1635/1477 3116/1634/1480 3120/1633/1562 3121/1632/1563
f 3116/1634/1480 3115/1635/1477 3122/1639/1526 3123/1638/1520
f 3117/1637/1512 3118/1631/1506 3125/1641/1495 3124/1640/1494
f 3127/1642/1564 3126/1646/1596 3130/1645/1566 3129/1644/1567 3128/1643/1568
f 3126/1646/1596 3127/1642/1564 3131/1648/1569 3132/1647/1570
f 3133/1649/1571 3134/1654/1572 3135/1653/1573 3138/1652/1574 3137/1651/1575 3136/1650/1576
f 3134/1654/1572 3133/1649/1571 3140/1656/1577 3139/1655/1578
f 3144/1657/1592 3143/1660/1528 3142/1659/1597 3141/1658/1593
f 3149/1661/1580 3148/1665/1437 3147/1664/1436 3146/1663/1486 3145/1662/1591
f 2999/1536/1504 3091/1582/1530 3085/1583/1463 2991/1485/1588
f 3058/1451/1438 3148/1451/1437 3149/1666/1580 3059/1666/1472
f 3037/1468/1564 3127/1642/1564 3128/1643/1568 3038/1494/1589
f 3019/1667/1517 3109/1667/1554 3110/1668/1553 3020/1668/1518
f 2992/1571/1441 3065/1571/1441 3092/1669/1532 3000/1669/1502
f 3059/1666/1472 3149/1666/1580 3145/1534/1591 3055/1534/1473
f 3038/1670/1589 3128/1670/1568 3129/1671/1567 3039/1671/1470
f 3020/1668/1518 3110/1668/1553 3105/1544/1505 3015/1544/1491
f 3000/1669/1502 3092/1669/1532 3093/1672/1531 3001/1672/1503
f 3039/1671/1470 3129/1671/1567 3130/1673/1566 3040/1673/1471
f 3014/1432/1404 3104/1432/1427 3103/1674/1558 3013/1674/1405
f 3001/1672/1503 3093/1672/1531 3091/1675/1530 2999/1675/1504
f 2983/1676/1421 3076/1676/1541 3077/1677/1544 2984/1677/1431
f 3040/1673/1471 3130/1673/1566 3126/1678/1596 3036/1678/1444
f 3012/1679/1509 3102/1679/1557 3111/1680/1556 3021/1680/1515
f 2984/1677/1431 3077/1677/1544 3078/1681/1543 2985/1681/1583
f 3041/1682/1446 3131/1682/1569 3127/1683/1564 3037/1683/1564
f 3021/1680/1515 3111/1680/1556 3112/1684/1555 3022/1684/1516
f 2985/1681/1583 3078/1681/1543 3060/1685/1542 2982/1685/1433
f 3036/1678/1444 3126/1678/1596 3132/1686/1570 3042/1686/1445
f 3022/1684/1516 3112/1684/1555 3109/1667/1554 3019/1667/1517
f 2979/1687/1459 3079/1687/1545 3062/1688/1488 2981/1688/1488
f 3042/1686/1445 3132/1686/1570 3131/1682/1569 3041/1682/1446
f 3013/1674/1405 3103/1674/1558 3113/1689/1560 3023/1689/1507
f 2982/1685/1433 3060/1685/1542 3080/1690/1594 2986/1690/1586
f 3023/1689/1507 3113/1689/1560 3114/1691/1595 3024/1691/1508
f 2986/1690/1586 3080/1690/1594 3081/1692/1546 2987/1692/1458
f 3024/1691/1508 3114/1691/1595 3102/1679/1557 3012/1679/1509
f 3002/1693/1587 3068/1693/1462 3096/1694/1551 3007/1694/1498
f 2987/1692/1458 3081/1692/1546 3079/1687/1545 2979/1687/1459
f 3045/1695/1455 3135/1695/1573 3134/1696/1572 3044/1696/1448
f 3007/1694/1498 3096/1694/1551 3097/1697/1550 3008/1697/1499
f 2980/1399/1419 3075/1594/1536 3082/1608/1548 2988/1398/1581
f 3043/1698/1451 3133/1698/1571 3136/1699/1576 3046/1699/1585
f 3008/1697/1499 3097/1697/1550 3098/1700/1549 3009/1700/1500
f 2988/1701/1581 3082/1701/1548 3076/1676/1541 2983/1676/1421
f 3046/1699/1585 3136/1699/1576 3137/1702/1575 3047/1702/1453
f 3009/1700/1500 3098/1700/1549 3063/1703/1501 3006/1703/1501
f 2981/1688/1488 3062/1688/1488 3083/1704/1538 2989/1704/1492
f 3047/1702/1453 3137/1702/1575 3138/1705/1574 3048/1705/1454
f 3004/1706/1461 3095/1706/1552 3068/1693/1462 3002/1693/1587
f 2989/1704/1492 3083/1704/1538 3084/1707/1537 2990/1707/1493
f 3048/1705/1454 3138/1705/1574 3135/1695/1573 3045/1695/1455
f 3029/1708/1521 3119/1708/1561 3117/1555/1512 3027/1555/1415
f 3003/1709/1460 3094/1709/1533 3095/1706/1552 3004/1706/1461
f 2990/1707/1493 3084/1707/1537 3075/1710/1536 2980/1710/1419
f 3044/1711/1448 3134/1714/1572 3139/1713/1578 3049/1712/1449
f 3025/1576/1477 3115/1576/1477 3119/1708/1561 3029/1708/1521
f 3005/1549/1584 3099/1587/1534 3100/1588/1436 3010/1548/1510
f 3049/1715/1449 3139/1715/1578 3140/1716/1577 3050/1716/1450
f 3030/1717/1479 3120/1717/1562 3116/1564/1480 3026/1564/1480
f 3010/1548/1510 3100/1588/1436 3094/1589/1533 3003/1478/1460
f 2974/1718/1483 3069/1721/1514 3070/1720/1540 2975/1719/1481
f 3050/1716/1450 3140/1716/1577 3133/1698/1571 3043/1698/1451
f 3031/1722/1478 3121/1722/1563 3120/1717/1562 3030/1717/1479
f 3006/1703/1501 3063/1703/1501 3101/1723/1535 3011/1723/1511
f 2975/1724/1481 3070/1724/1540 3071/1725/1539 2973/1725/1582
f 3051/1568/1429 3141/1568/1593 3142/1726/1597 3052/1726/1430
f 3028/1546/1418 3118/1546/1506 3121/1722/1563 3031/1722/1478
f 3011/1723/1511 3101/1723/1535 3099/1727/1534 3005/1727/1584
f 2973/1725/1582 3071/1725/1539 3072/1574/1529 2976/1574/1423
f 3052/1726/1430 3142/1726/1597 3143/1573/1528 3053/1573/1527
f 3156/1728/1598 3152/1729/1599 3150/1730/1600 3154/1731/1601
f 3160/1732/1602 3153/1733/1603 3204/1734/1604 3203/1735/1605 3202/1736/1606 3205/1737/1607 3206/1738/1608 3157/1739/1609 3164/1740/1610 3212/1741/1611 3211/1742/1612 3210/1743/1613 3215/1744/1614 3214/1745/1615
f 3162/1746/1616 3178/1747/1617 3200/1748/1618 3199/1749/1619 3198/1750/1620 3197/1751/1621 3196/1752/1622 3159/1753/1623
f 3164/1754/1610 3157/1755/1609 3177/1756/1624 3176/1757/1625 3175/1758/1626 3171/1759/1627 3170/1760/1628 3173/1761/1629
f 3150/1762/1600 3152/1763/1599 3153/1764/1603 3151/1765/1630
f 3152/1766/1599 3156/1767/1598 3157/1739/1609 3153/1733/1603
f 3156/1768/1598 3154/1769/1601 3155/1770/1631 3157/1755/1609
f 3154/1771/1601 3150/1772/1600 3151/1773/1630 3155/1774/1631
f 3159/1775/1623 3151/1765/1630 3153/1764/1603 3160/1776/1602
f 3161/1777/1632 3158/1778/1633 3159/1775/1623 3160/1776/1602
f 3165/1779/1634 3161/1780/1632 3160/1732/1602 3164/1740/1610
f 3163/1781/1635 3165/1782/1634 3164/1754/1610 3162/1783/1616
f 3158/1784/1633 3163/1785/1635 3162/1746/1616 3159/1753/1623
f 3161/1786/1632 3165/1787/1634 3163/1788/1635 3158/1789/1633
f 3155/1770/1631 3167/1790/1636 3166/1791/1637 3271/1792/1638 3169/1793/1639 3266/1794/5 3157/1755/1609
f 3171/1759/1627 3172/1795/1640 3222/1796/1641 3221/1797/1642
f 3176/1757/1625 3177/1756/1624 3227/1798/1643 3226/1799/1625
f 3172/1795/1640 3171/1759/1627 3168/1800/1644 3269/1801/1645 3167/1790/1636 3155/1770/1631 3178/1802/1617 3179/1803/1646 3183/1804/1647
f 3171/1759/1627 3175/1758/1626 3174/1805/1648 3266/1794/5 3169/1793/1639 3168/1800/1644
f 3180/1806/1649 3181/1807/1650 3231/1808/1650 3230/1809/1649
f 3170/1760/1628 3171/1759/1627 3221/1797/1642 3220/1810/1628
f 3182/1811/1651 3181/1807/1650 3180/1806/1649 3178/1802/1617 3162/1783/1616 3164/1754/1610 3183/1804/1647
f 3151/1773/1630 3185/1812/1652 3191/1813/1653 3190/1814/1654 3193/1815/1655 3189/1816/1656 3155/1774/1631
f 3192/1817/1657 3189/1818/1656 3257/1818/1658 3256/1817/1659
f 3197/1751/1621 3198/1750/1620 3263/1750/1660 3262/1751/1661
f 3192/1819/1657 3191/1813/1653 3185/1812/1652 3184/1820/1662 3188/1821/1663 3189/1816/1656
f 3159/1753/1623 3196/1752/1622 3195/1822/1664 3194/1823/1665 3200/1748/1618 3188/1821/1663 3187/1824/1666 3186/1825/1667 3185/1812/1652 3151/1773/1630
f 3186/1826/1667 3187/1827/1666 3252/1827/1668 3251/1826/1669
f 3157/1739/1609 3206/1738/1608 3209/1828/1670 3208/1829/1671 3207/1830/1672 3201/1831/1673 3204/1734/1604 3153/1733/1603
f 3203/1832/1605 3204/1833/1604 3237/1833/1674 3236/1832/1675
f 3207/1834/1672 3208/1835/1671 3241/1835/1676 3240/1834/1677
f 3214/1836/1615 3215/1837/1614 3248/1837/1678 3247/1836/1679
f 3213/1838/1680 3212/1741/1611 3164/1740/1610 3160/1732/1602 3214/1745/1615
f 3216/1839/1637 3217/1840/1681 3272/1841/1682 3270/1842/1683
f 3223/1843/1684 3220/1810/1628 3221/1797/1642 3222/1796/1641
f 3224/1844/1685 3267/1845/1686 3225/1846/1687 3226/1799/1625 3227/1798/1643
f 3233/1847/1688 3228/1848/1646 3229/1849/1689 3230/1809/1649 3231/1808/1650 3232/1850/1651
f 3181/1807/1650 3182/1811/1651 3232/1850/1651 3231/1808/1650
f 3166/1791/1637 3167/1790/1636 3217/1840/1681 3216/1839/1637
f 3177/1756/1624 3174/1805/1648 3224/1844/1685 3227/1798/1643
f 3172/1795/1640 3173/1761/1629 3223/1843/1684 3222/1796/1641
f 3182/1811/1651 3183/1804/1647 3233/1847/1688 3232/1850/1651
f 3167/1790/1636 3269/1801/1645 3272/1841/1682 3217/1840/1681
f 3173/1761/1629 3170/1760/1628 3220/1810/1628 3223/1843/1684
f 3183/1804/1647 3179/1803/1646 3228/1848/1646 3233/1847/1688
f 3168/1800/1644 3169/1793/1639 3219/1851/1690 3218/1852/1691
f 3169/1793/1639 3271/1792/1638 3270/1842/1683 3219/1851/1690
f 3179/1803/1646 3178/1802/1617 3229/1849/1689 3228/1848/1646
f 3174/1805/1648 3267/1845/1686 3224/1844/1685
f 3178/1802/1617 3180/1806/1649 3230/1809/1649 3229/1849/1689
f 3175/1758/1626 3176/1757/1625 3226/1799/1625 3225/1846/1687
f 3234/1831/1692 3268/1853/1693 3235/1736/603 3236/1735/1675 3237/1734/1674
f 3238/1737/1694 3240/1830/1677 3241/1829/1676 3242/1828/1695 3239/1738/1696
f 3247/1745/1679 3248/1744/1678 3243/1743/1697 3244/1742/1698 3245/1741/1699 3246/1838/1700
f 3215/1837/1614 3210/1854/1613 3243/1854/1697 3248/1837/1678
f 3208/1835/1671 3209/1855/1670 3242/1855/1695 3241/1835/1676
f 3204/1833/1604 3201/1856/1673 3234/1856/1692 3237/1833/1674
f 3209/1855/1670 3206/1857/1608 3239/1857/1696 3242/1855/1695
f 3210/1854/1613 3211/1858/1612 3244/1858/1698 3243/1854/1697
f 3211/1859/1612 3212/1860/1611 3245/1861/1699 3244/1862/1698
f 3212/1860/1611 3213/1863/1680 3246/1864/1700 3245/1861/1699
f 3206/1865/1608 3205/1866/1607 3238/1867/1694 3239/1868/1696
f 3201/1856/1673 3202/1869/1606 3235/1869/603 3268/1870/1693
f 3213/1871/1680 3214/1836/1615 3247/1836/1679 3246/1871/1700
f 3205/1872/1607 3207/1834/1672 3240/1834/1677 3238/1872/1694
f 3202/1869/1606 3203/1832/1605 3236/1832/1675 3235/1869/603
f 3249/1820/1701 3250/1812/1702 3251/1825/1669 3252/1824/1668 3253/1821/1703
f 3257/1816/1658 3258/1815/1704 3254/1814/1705 3255/1813/1706 3256/1819/1659
f 3259/1823/1707 3260/1822/1708 3261/1752/1709 3262/1751/1661 3263/1750/1660 3264/1749/1710 3265/1748/1711
f 3187/1824/1666 3188/1821/1663 3253/1821/1703 3252/1824/1668
f 3198/1873/1620 3199/1874/1619 3264/1875/1710 3263/1876/1660
f 3189/1816/1656 3193/1815/1655 3258/1815/1704 3257/1816/1658
f 3188/1821/1663 3184/1820/1662 3249/1820/1701 3253/1821/1703
f 3199/1749/1619 3200/1748/1618 3265/1748/1711 3264/1749/1710
f 3193/1815/1655 3190/1814/1654 3254/1814/1705 3258/1815/1704
f 3200/1877/1618 3194/1878/1665 3259/1878/1707 3265/1877/1711
f 3194/1823/1665 3195/1822/1664 3260/1822/1708 3259/1823/1707
f 3184/1879/1662 3185/1880/1652 3250/1880/1702 3249/1879/1701
f 3195/1881/1664 3196/1882/1622 3261/1882/1709 3260/1881/1708
f 3190/1883/1654 3191/1884/1653 3255/1884/1706 3254/1883/1705
f 3185/1880/1652 3186/1826/1667 3251/1826/1669 3250/1880/1702
f 3196/1752/1622 3197/1751/1621 3262/1751/1661 3261/1752/1709
f 3191/1884/1653 3192/1817/1657 3256/1817/1659 3255/1884/1706
f 3267/1845/1686 3174/1805/1648 3175/1758/1626 3225/1846/1687
f 3266/1794/5 3174/1805/1648 3177/1756/1624 3157/1755/1609
f 3183/1804/1647 3164/1754/1610 3173/1761/1629 3172/1795/1640
f 3188/1821/1663 3200/1748/1618 3178/1747/1617 3155/1774/1631 3189/1816/1656
f 3201/1831/1673 3207/1830/1672 3205/1737/1607 3202/1736/1606
f 3268/1870/1693 3234/1856/1692 3201/1856/1673
f 3272/1841/1682 3269/1801/1645 3168/1800/1644 3218/1852/1691
f 3270/1842/1683 3271/1792/1638 3166/1791/1637 3216/1839/1637
f 3270/1842/1683 3272/1841/1682 3218/1852/1691 3219/1851/1690
f 3279/1728/1598 3275/1729/1599 3273/1730/1600 3277/1731/1601
f 3283/1732/1602 3276/1733/1603 3327/1734/1604 3326/1735/1605 3325/1736/1606 3328/1737/1607 3329/1738/1608 3280/1739/1609 3287/1740/1610 3335/1741/1611 3334/1742/1612 3333/1743/1613 3338/1744/1614 3337/1745/1615
f 3285/1746/1616 3301/1747/1617 3323/1748/1618 3322/1749/1619 3321/1750/1620 3320/1751/1621 3319/1752/1622 3282/1753/1623
f 3287/1754/1610 3280/1755/1609 3300/1756/1624 3299/1757/1625 3298/1758/1626 3294/1759/1627 3293/1760/1628 3296/1761/1629
f 3273/1762/1600 3275/1763/1599 3276/1764/1603 3274/1765/1630
f 3275/1766/1599 3279/1767/1598 3280/1739/1609 3276/1733/1603
f 3279/1768/1598 3277/1769/1601 3278/1770/1631 3280/1755/1609
f 3277/1771/1601 3273/1772/1600 3274/1773/1630 3278/1774/1631
f 3282/1775/1623 3274/1765/1630 3276/1764/1603 3283/1776/1602
f 3284/1777/1632 3281/1778/1633 3282/1775/1623 3283/1776/1602
f 3288/1779/1634 3284/1780/1632 3283/1732/1602 3287/1740/1610
f 3286/1781/1635 3288/1782/1634 3287/1754/1610 3285/1783/1616
f 3281/1784/1633 3286/1785/1635 3285/1746/1616 3282/1753/1623
f 3284/1786/1632 3288/1787/1634 3286/1788/1635 3281/1789/1633
f 3278/1770/1631 3290/1790/1636 3289/1791/1637 3394/1792/1638 3292/1793/1639 3389/1794/5 3280/1755/1609
f 3294/1759/1627 3295/1795/1640 3345/1796/1641 3344/1797/1642
f 3299/1757/1625 3300/1756/1624 3350/1798/1643 3349/1799/1625
f 3295/1795/1640 3294/1759/1627 3291/1800/1644 3392/1801/1645 3290/1790/1636 3278/1770/1631 3301/1802/1617 3302/1803/1646 3306/1804/1647
f 3294/1759/1627 3298/1758/1626 3297/1805/1648 3389/1794/5 3292/1793/1639 3291/1800/1644
f 3303/1806/1649 3304/1807/1650 3354/1808/1650 3353/1809/1649
f 3293/1760/1628 3294/1759/1627 3344/1797/1642 3343/1810/1628
f 3305/1811/1651 3304/1807/1650 3303/1806/1649 3301/1802/1617 3285/1783/1616 3287/1754/1610 3306/1804/1647
f 3274/1773/1630 3308/1812/1652 3314/1813/1653 3313/1814/1654 3316/1815/1655 3312/1816/1656 3278/1774/1631
f 3315/1817/1657 3312/1818/1656 3380/1818/1658 3379/1817/1659
f 3320/1751/1621 3321/1750/1620 3386/1750/1660 3385/1751/1661
f 3315/1819/1657 3314/1813/1653 3308/1812/1652 3307/1820/1662 3311/1821/1663 3312/1816/1656
f 3282/1753/1623 3319/1752/1622 3318/1822/1664 3317/1823/1665 3323/1748/1618 3311/1821/1663 3310/1824/1666 3309/1825/1667 3308/1812/1652 3274/1773/1630
f 3309/1826/1667 3310/1827/1666 3375/1827/1668 3374/1826/1669
f 3280/1739/1609 3329/1738/1608 3332/1828/1670 3331/1829/1671 3330/1830/1672 3324/1831/1673 3327/1734/1604 3276/1733/1603
f 3326/1832/1605 3327/1833/1604 3360/1833/1674 3359/1832/1675
f 3330/1834/1672 3331/1835/1671 3364/1835/1676 3363/1834/1677
f 3337/1836/1615 3338/1837/1614 3371/1837/1678 3370/1836/1679
f 3336/1838/1680 3335/1741/1611 3287/1740/1610 3283/1732/1602 3337/1745/1615
f 3339/1839/1637 3340/1840/1681 3395/1841/1682 3393/1842/1683
f 3346/1843/1684 3343/1810/1628 3344/1797/1642 3345/1796/1641
f 3347/1844/1685 3390/1845/1686 3348/1846/1712 3349/1799/1625 3350/1798/1643
f 3356/1847/1688 3351/1848/1646 3352/1849/1689 3353/1809/1649 3354/1808/1650 3355/1850/1651
f 3304/1807/1650 3305/1811/1651 3355/1850/1651 3354/1808/1650
f 3289/1791/1637 3290/1790/1636 3340/1840/1681 3339/1839/1637
f 3300/1756/1624 3297/1805/1648 3347/1844/1685 3350/1798/1643
f 3295/1795/1640 3296/1761/1629 3346/1843/1684 3345/1796/1641
f 3305/1811/1651 3306/1804/1647 3356/1847/1688 3355/1850/1651
f 3290/1790/1636 3392/1801/1645 3395/1841/1682 3340/1840/1681
f 3296/1761/1629 3293/1760/1628 3343/1810/1628 3346/1843/1684
f 3306/1804/1647 3302/1803/1646 3351/1848/1646 3356/1847/1688
f 3291/1800/1644 3292/1793/1639 3342/1851/1713 3341/1852/1691
f 3292/1793/1639 3394/1792/1638 3393/1842/1683 3342/1851/1713
f 3302/1803/1646 3301/1802/1617 3352/1849/1689 3351/1848/1646
f 3297/1805/1648 3390/1845/1686 3347/1844/1685
f 3301/1802/1617 3303/1806/1649 3353/1809/1649 3352/1849/1689
f 3298/1758/1626 3299/1757/1625 3349/1799/1625 3348/1846/1712
f 3357/1831/1692 3391/1853/1714 3358/1736/1715 3359/1735/1675 3360/1734/1674
f 3361/1737/1694 3363/1830/1677 3364/1829/1676 3365/1828/1695 3362/1738/1696
f 3370/1745/1679 3371/1744/1678 3366/1743/1697 3367/1742/1698 3368/1741/1716 3369/1838/1700
f 3338/1837/1614 3333/1854/1613 3366/1854/1697 3371/1837/1678
f 3331/1835/1671 3332/1855/1670 3365/1855/1695 3364/1835/1676
f 3327/1833/1604 3324/1856/1673 3357/1856/1692 3360/1833/1674
f 3332/1855/1670 3329/1857/1608 3362/1857/1696 3365/1855/1695
f 3333/1854/1613 3334/1858/1612 3367/1858/1698 3366/1854/1697
f 3334/1859/1612 3335/1860/1611 3368/1861/1716 3367/1862/1698
f 3335/1860/1611 3336/1863/1680 3369/1864/1700 3368/1861/1716
f 3329/1865/1608 3328/1866/1607 3361/1867/1694 3362/1868/1696
f 3324/1856/1673 3325/1869/1606 3358/1869/1715 3391/1870/1714
f 3336/1871/1680 3337/1836/1615 3370/1836/1679 3369/1871/1700
f 3328/1872/1607 3330/1834/1672 3363/1834/1677 3361/1872/1694
f 3325/1869/1606 3326/1832/1605 3359/1832/1675 3358/1869/1715
f 3372/1820/1701 3373/1812/1702 3374/1825/1669 3375/1824/1668 3376/1821/1717
f 3380/1816/1658 3381/1815/1704 3377/1814/1705 3378/1813/1706 3379/1819/1659
f 3382/1823/1707 3383/1822/1708 3384/1752/1709 3385/1751/1661 3386/1750/1660 3387/1749/1710 3388/1748/1711
f 3310/1824/1666 3311/1821/1663 3376/1821/1717 3375/1824/1668
f 3321/1873/1620 3322/1874/1619 3387/1875/1710 3386/1876/1660
f 3312/1816/1656 3316/1815/1655 3381/1815/1704 3380/1816/1658
f 3311/1821/1663 3307/1820/1662 3372/1820/1701 3376/1821/1717
f 3322/1749/1619 3323/1748/1618 3388/1748/1711 3387/1749/1710
f 3316/1815/1655 3313/1814/1654 3377/1814/1705 3381/1815/1704
f 3323/1877/1618 3317/1878/1665 3382/1878/1707 3388/1877/1711
f 3317/1823/1665 3318/1822/1664 3383/1822/1708 3382/1823/1707
f 3307/1879/1662 3308/1880/1652 3373/1880/1702 3372/1879/1701
f 3318/1881/1664 3319/1882/1622 3384/1882/1709 3383/1881/1708
f 3313/1883/1654 3314/1884/1653 3378/1884/1706 3377/1883/1705
f 3308/1880/1652 3309/1826/1667 3374/1826/1669 3373/1880/1702
f 3319/1752/1622 3320/1751/1621 3385/1751/1661 3384/1752/1709
f 3314/1884/1653 3315/1817/1657 3379/1817/1659 3378/1884/1706
f 3390/1845/1686 3297/1805/1648 3298/1758/1626 3348/1846/1712
f 3389/1794/5 3297/1805/1648 3300/1756/1624 3280/1755/1609
f 3306/1804/1647 3287/1754/1610 3296/1761/1629 3295/1795/1640
f 3311/1821/1663 3323/1748/1618 3301/1747/1617 3278/1774/1631 3312/1816/1656
f 3324/1831/1673 3330/1830/1672 3328/1737/1607 3325/1736/1606
f 3391/1870/1714 3357/1856/1692 3324/1856/1673
f 3395/1841/1682 3392/1801/1645 3291/1800/1644 3341/1852/1691
f 3393/1842/1683 3394/1792/1638 3289/1791/1637 3339/1839/1637
f 3393/1842/1683 3395/1841/1682 3341/1852/1691 3342/1851/1713
f 3402/1728/1601 3400/1731/1598 3396/1730/1599 3398/1729/1600
f 3406/1732/1623 3460/1745/1718 3461/1744/1719 3456/1743/1720 3457/1742/1721 3458/1741/1722 3410/1740/1723 3403/1739/1631 3452/1738/1724 3451/1737/1725 3448/1736/1726 3449/1735/1727 3450/1734/1728 3399/1733/1729
f 3408/1746/1610 3405/1753/1602 3442/1752/1730 3443/1751/1731 3444/1750/1732 3445/1749/1733 3446/1748/1734 3424/1747/1735
f 3410/1754/1723 3419/1761/1736 3416/1760/1737 3417/1759/1738 3421/1758/1739 3422/1757/1740 3423/1756/1741 3403/1755/1631
f 3396/1762/1599 3397/1765/1603 3399/1764/1729 3398/1763/1600
f 3398/1766/1600 3399/1733/1729 3403/1739/1631 3402/1767/1601
f 3402/1768/1601 3403/1755/1631 3401/1770/1609 3400/1769/1598
f 3400/1771/1598 3401/1774/1609 3397/1773/1603 3396/1772/1599
f 3405/1775/1602 3406/1776/1623 3399/1764/1729 3397/1765/1603
f 3407/1777/1633 3406/1776/1623 3405/1775/1602 3404/1778/1632
f 3411/1779/1635 3410/1740/1723 3406/1732/1623 3407/1780/1633
f 3409/1781/1634 3408/1783/1610 3410/1754/1723 3411/1782/1635
f 3404/1784/1632 3405/1753/1602 3408/1746/1610 3409/1785/1634
f 3407/1786/1633 3404/1789/1632 3409/1788/1634 3411/1787/1635
f 3401/1770/1609 3403/1755/1631 3512/1794/5 3415/1793/1742 3517/1792/1743 3412/1791/1744 3413/1790/1745
f 3417/1759/1738 3467/1797/1746 3468/1796/1747 3418/1795/1748
f 3422/1757/1740 3472/1799/1740 3473/1798/1749 3423/1756/1741
f 3418/1795/1748 3429/1804/1750 3425/1803/1751 3424/1802/1735 3401/1770/1609 3413/1790/1745 3515/1801/1752 3414/1800/1753 3417/1759/1738
f 3417/1759/1738 3414/1800/1753 3415/1793/1742 3512/1794/5 3420/1805/1754 3421/1758/1739
f 3426/1806/1755 3476/1809/1755 3477/1808/1756 3427/1807/1756
f 3416/1760/1737 3466/1810/1737 3467/1797/1746 3417/1759/1738
f 3428/1811/1757 3429/1804/1750 3410/1754/1723 3408/1783/1610 3424/1802/1735 3426/1806/1755 3427/1807/1756
f 3397/1773/1603 3401/1774/1609 3435/1816/1758 3439/1815/1759 3436/1814/1760 3437/1813/1761 3431/1812/1762
f 3438/1817/1763 3502/1817/1764 3503/1818/1765 3435/1818/1758
f 3443/1751/1731 3508/1751/1766 3509/1750/1767 3444/1750/1732
f 3438/1819/1763 3435/1816/1758 3434/1821/1768 3430/1820/1769 3431/1812/1762 3437/1813/1761
f 3405/1753/1602 3397/1773/1603 3431/1812/1762 3432/1825/1770 3433/1824/1771 3434/1821/1768 3446/1748/1734 3440/1823/1772 3441/1822/1773 3442/1752/1730
f 3432/1826/1770 3497/1826/1774 3498/1827/1775 3433/1827/1771
f 3403/1739/1631 3399/1733/1729 3450/1734/1728 3447/1831/1776 3453/1830/1777 3454/1829/1778 3455/1828/1779 3452/1738/1724
f 3449/1832/1727 3482/1832/1780 3483/1833/1781 3450/1833/1728
f 3453/1834/1777 3486/1834/1782 3487/1835/1783 3454/1835/1778
f 3460/1836/1718 3493/1836/1784 3494/1837/1785 3461/1837/1719
f 3459/1838/1786 3460/1745/1718 3406/1732/1623 3410/1740/1723 3458/1741/1722
f 3462/1839/1744 3516/1842/1787 3518/1841/1788 3463/1840/1789
f 3469/1843/1790 3468/1796/1747 3467/1797/1746 3466/1810/1737
f 3470/1844/1791 3473/1798/1749 3472/1799/1740 3471/1846/1792 3513/1845/1793
f 3479/1847/1794 3478/1850/1757 3477/1808/1756 3476/1809/1755 3475/1849/1795 3474/1848/1751
f 3427/1807/1756 3477/1808/1756 3478/1850/1757 3428/1811/1757
f 3412/1791/1744 3462/1839/1744 3463/1840/1789 3413/1790/1745
f 3423/1756/1741 3473/1798/1749 3470/1844/1791 3420/1805/1754
f 3418/1795/1748 3468/1796/1747 3469/1843/1790 3419/1761/1736
f 3428/1811/1757 3478/1850/1757 3479/1847/1794 3429/1804/1750
f 3413/1790/1745 3463/1840/1789 3518/1841/1788 3515/1801/1752
f 3419/1761/1736 3469/1843/1790 3466/1810/1737 3416/1760/1737
f 3429/1804/1750 3479/1847/1794 3474/1848/1751 3425/1803/1751
f 3414/1800/1753 3464/1852/1796 3465/1851/1797 3415/1793/1742
f 3415/1793/1742 3465/1851/1797 3516/1842/1787 3517/1792/1743
f 3425/1803/1751 3474/1848/1751 3475/1849/1795 3424/1802/1735
f 3420/1805/1754 3470/1844/1791 3513/1845/1793
f 3424/1802/1735 3475/1849/1795 3476/1809/1755 3426/1806/1755
f 3421/1758/1739 3471/1846/1792 3472/1799/1740 3422/1757/1740
f 3480/1831/1798 3483/1734/1781 3482/1735/1780 3481/1736/1799 3514/1853/1800
f 3484/1737/1801 3485/1738/1802 3488/1828/1803 3487/1829/1783 3486/1830/1782
f 3493/1745/1784 3492/1838/1804 3491/1741/1805 3490/1742/1806 3489/1743/1807 3494/1744/1785
f 3461/1837/1719 3494/1837/1785 3489/1854/1807 3456/1854/1720
f 3454/1835/1778 3487/1835/1783 3488/1855/1803 3455/1855/1779
f 3450/1833/1728 3483/1833/1781 3480/1856/1798 3447/1856/1776
f 3455/1855/1779 3488/1855/1803 3485/1857/1802 3452/1857/1724
f 3456/1854/1720 3489/1854/1807 3490/1858/1806 3457/1858/1721
f 3457/1859/1721 3490/1862/1806 3491/1861/1805 3458/1860/1722
f 3458/1860/1722 3491/1861/1805 3492/1864/1804 3459/1863/1786
f 3452/1865/1724 3485/1868/1802 3484/1867/1801 3451/1866/1725
f 3447/1856/1776 3514/1870/1800 3481/1869/1799 3448/1869/1726
f 3459/1871/1786 3492/1871/1804 3493/1836/1784 3460/1836/1718
f 3451/1872/1725 3484/1872/1801 3486/1834/1782 3453/1834/1777
f 3448/1869/1726 3481/1869/1799 3482/1832/1780 3449/1832/1727
f 3495/1820/1808 3499/1821/1809 3498/1824/1775 3497/1825/1774 3496/1812/1810
f 3503/1816/1765 3502/1819/1764 3501/1813/1811 3500/1814/1812 3504/1815/1813
f 3505/1823/1814 3511/1748/1815 3510/1749/1816 3509/1750/1767 3508/1751/1766 3507/1752/1817 3506/1822/1818
f 3433/1824/1771 3498/1824/1775 3499/1821/1809 3434/1821/1768
f 3444/1873/1732 3509/1876/1767 3510/1875/1816 3445/1874/1733
f 3435/1816/1758 3503/1816/1765 3504/1815/1813 3439/1815/1759
f 3434/1821/1768 3499/1821/1809 3495/1820/1808 3430/1820/1769
f 3445/1749/1733 3510/1749/1816 3511/1748/1815 3446/1748/1734
f 3439/1815/1759 3504/1815/1813 3500/1814/1812 3436/1814/1760
f 3446/1877/1734 3511/1877/1815 3505/1878/1814 3440/1878/1772
f 3440/1823/1772 3505/1823/1814 3506/1822/1818 3441/1822/1773
f 3430/1879/1769 3495/1879/1808 3496/1880/1810 3431/1880/1762
f 3441/1881/1773 3506/1881/1818 3507/1882/1817 3442/1882/1730
f 3436/1883/1760 3500/1883/1812 3501/1884/1811 3437/1884/1761
f 3431/1880/1762 3496/1880/1810 3497/1826/1774 3432/1826/1770
f 3442/1752/1730 3507/1752/1817 3508/1751/1766 3443/1751/1731
f 3437/1884/1761 3501/1884/1811 3502/1817/1764 3438/1817/1763
f 3513/1845/1793 3471/1846/1792 3421/1758/1739 3420/1805/1754
f 3512/1794/5 3403/1755/1631 3423/1756/1741 3420/1805/1754
f 3429/1804/1750 3418/1795/1748 3419/1761/1736 3410/1754/1723
f 3434/1821/1768 3435/1816/1758 3401/1774/1609 3424/1747/1735 3446/1748/1734
f 3447/1831/1776 3448/1736/1726 3451/1737/1725 3453/1830/1777
f 3514/1870/1800 3447/1856/1776 3480/1856/1798
f 3518/1841/1788 3464/1852/1796 3414/1800/1753 3515/1801/1752
f 3516/1842/1787 3462/1839/1744 3412/1791/1744 3517/1792/1743
f 3516/1842/1787 3465/1851/1797 3464/1852/1796 3518/1841/1788
f 3525/1728/1601 3523/1731/1598 3519/1730/1599 3521/1729/1600
f 3529/1732/1623 3583/1745/1718 3584/1744/1719 3579/1743/1720 3580/1742/1721 3581/1741/1722 3533/1740/1723 3526/1739/1631 3575/1738/1724 3574/1737/1725 3571/1736/1726 3572/1735/1819 3573/1734/1728 3522/1733/1729
f 3531/1746/1610 3528/1753/1602 3565/1752/1730 3566/1751/1731 3567/1750/1732 3568/1749/1733 3569/1748/1734 3547/1747/1735
f 3533/1754/1723 3542/1761/1736 3539/1760/1737 3540/1759/1738 3544/1758/1739 3545/1757/1740 3546/1756/1741 3526/1755/1631
f 3519/1762/1599 3520/1765/1603 3522/1764/1729 3521/1763/1600
f 3521/1766/1600 3522/1733/1729 3526/1739/1631 3525/1767/1601
f 3525/1768/1601 3526/1755/1631 3524/1770/1609 3523/1769/1598
f 3523/1771/1598 3524/1774/1609 3520/1773/1603 3519/1772/1599
f 3528/1775/1602 3529/1776/1623 3522/1764/1729 3520/1765/1603
f 3530/1777/1633 3529/1776/1623 3528/1775/1602 3527/1778/1632
f 3534/1779/1635 3533/1740/1723 3529/1732/1623 3530/1780/1633
f 3532/1781/1634 3531/1783/1610 3533/1754/1723 3534/1782/1635
f 3527/1784/1632 3528/1753/1602 3531/1746/1610 3532/1785/1634
f 3530/1786/1633 3527/1789/1632 3532/1788/1634 3534/1787/1635
f 3524/1770/1609 3526/1755/1631 3635/1794/5 3538/1793/1742 3640/1792/1743 3535/1791/1744 3536/1790/1745
f 3540/1759/1738 3590/1797/1820 3591/1796/1747 3541/1795/1748
f 3545/1757/1740 3595/1799/1740 3596/1798/1749 3546/1756/1741
f 3541/1795/1748 3552/1804/1750 3548/1803/1751 3547/1802/1735 3524/1770/1609 3536/1790/1745 3638/1801/1752 3537/1800/1753 3540/1759/1738
f 3540/1759/1738 3537/1800/1753 3538/1793/1742 3635/1794/5 3543/1805/1754 3544/1758/1739
f 3549/1806/1755 3599/1809/1755 3600/1808/1756 3550/1807/1756
f 3539/1760/1737 3589/1810/1737 3590/1797/1820 3540/1759/1738
f 3551/1811/1757 3552/1804/1750 3533/1754/1723 3531/1783/1610 3547/1802/1735 3549/1806/1755 3550/1807/1756
f 3520/1773/1603 3524/1774/1609 3558/1816/1758 3562/1815/1759 3559/1814/1760 3560/1813/1761 3554/1812/1762
f 3561/1817/1763 3625/1817/1764 3626/1818/1765 3558/1818/1758
f 3566/1751/1731 3631/1751/1766 3632/1750/1767 3567/1750/1732
f 3561/1819/1763 3558/1816/1758 3557/1821/1768 3553/1820/1769 3554/1812/1762 3560/1813/1761
f 3528/1753/1602 3520/1773/1603 3554/1812/1762 3555/1825/1821 3556/1824/1771 3557/1821/1768 3569/1748/1734 3563/1823/1772 3564/1822/1773 3565/1752/1730
f 3555/1826/1821 3620/1826/1774 3621/1827/1775 3556/1827/1771
f 3526/1739/1631 3522/1733/1729 3573/1734/1728 3570/1831/1776 3576/1830/1777 3577/1829/1778 3578/1828/1779 3575/1738/1724
f 3572/1832/1819 3605/1832/1780 3606/1833/1822 3573/1833/1728
f 3576/1834/1777 3609/1834/1782 3610/1835/1783 3577/1835/1778
f 3583/1836/1718 3616/1836/1784 3617/1837/1785 3584/1837/1719
f 3582/1838/1786 3583/1745/1718 3529/1732/1623 3533/1740/1723 3581/1741/1722
f 3585/1839/1744 3639/1842/1787 3641/1841/1788 3586/1840/1789
f 3592/1843/1790 3591/1796/1747 3590/1797/1820 3589/1810/1737
f 3593/1844/1791 3596/1798/1749 3595/1799/1740 3594/1846/1792 3636/1845/1793
f 3602/1847/1794 3601/1850/1757 3600/1808/1756 3599/1809/1755 3598/1849/1795 3597/1848/1751
f 3550/1807/1756 3600/1808/1756 3601/1850/1757 3551/1811/1757
f 3535/1791/1744 3585/1839/1744 3586/1840/1789 3536/1790/1745
f 3546/1756/1741 3596/1798/1749 3593/1844/1791 3543/1805/1754
f 3541/1795/1748 3591/1796/1747 3592/1843/1790 3542/1761/1736
f 3551/1811/1757 3601/1850/1757 3602/1847/1794 3552/1804/1750
f 3536/1790/1745 3586/1840/1789 3641/1841/1788 3638/1801/1752
f 3542/1761/1736 3592/1843/1790 3589/1810/1737 3539/1760/1737
f 3552/1804/1750 3602/1847/1794 3597/1848/1751 3548/1803/1751
f 3537/1800/1753 3587/1852/1796 3588/1851/1797 3538/1793/1742
f 3538/1793/1742 3588/1851/1797 3639/1842/1787 3640/1792/1743
f 3548/1803/1751 3597/1848/1751 3598/1849/1795 3547/1802/1735
f 3543/1805/1754 3593/1844/1791 3636/1845/1793
f 3547/1802/1735 3598/1849/1795 3599/1809/1755 3549/1806/1755
f 3544/1758/1739 3594/1846/1792 3595/1799/1740 3545/1757/1740
f 3603/1831/1798 3606/1734/1822 3605/1735/1780 3604/1736/1823 3637/1853/1800
f 3607/1737/1801 3608/1738/1802 3611/1828/1803 3610/1829/1783 3609/1830/1782
f 3616/1745/1784 3615/1838/1804 3614/1741/1805 3613/1742/1806 3612/1743/1807 3617/1744/1785
f 3584/1837/1719 3617/1837/1785 3612/1854/1807 3579/1854/1720
f 3577/1835/1778 3610/1835/1783 3611/1855/1803 3578/1855/1779
f 3573/1833/1728 3606/1833/1822 3603/1856/1798 3570/1856/1776
f 3578/1855/1779 3611/1855/1803 3608/1857/1802 3575/1857/1724
f 3579/1854/1720 3612/1854/1807 3613/1858/1806 3580/1858/1721
f 3580/1859/1721 3613/1862/1806 3614/1861/1805 3581/1860/1722
f 3581/1860/1722 3614/1861/1805 3615/1864/1804 3582/1863/1786
f 3575/1865/1724 3608/1868/1802 3607/1867/1801 3574/1866/1725
f 3570/1856/1776 3637/1870/1800 3604/1869/1823 3571/1869/1726
f 3582/1871/1786 3615/1871/1804 3616/1836/1784 3583/1836/1718
f 3574/1872/1725 3607/1872/1801 3609/1834/1782 3576/1834/1777
f 3571/1869/1726 3604/1869/1823 3605/1832/1780 3572/1832/1819
f 3618/1820/1808 3622/1821/1824 3621/1824/1775 3620/1825/1774 3619/1812/1810
f 3626/1816/1765 3625/1819/1764 3624/1813/1811 3623/1814/1812 3627/1815/1813
f 3628/1823/1814 3634/1748/1815 3633/1749/1816 3632/1750/1767 3631/1751/1766 3630/1752/1825 3629/1822/1818
f 3556/1824/1771 3621/1824/1775 3622/1821/1824 3557/1821/1768
f 3567/1873/1732 3632/1876/1767 3633/1875/1816 3568/1874/1733
f 3558/1816/1758 3626/1816/1765 3627/1815/1813 3562/1815/1759
f 3557/1821/1768 3622/1821/1824 3618/1820/1808 3553/1820/1769
f 3568/1749/1733 3633/1749/1816 3634/1748/1815 3569/1748/1734
f 3562/1815/1759 3627/1815/1813 3623/1814/1812 3559/1814/1760
f 3569/1877/1734 3634/1877/1815 3628/1878/1814 3563/1878/1772
f 3563/1823/1772 3628/1823/1814 3629/1822/1818 3564/1822/1773
f 3553/1879/1769 3618/1879/1808 3619/1880/1810 3554/1880/1762
f 3564/1881/1773 3629/1881/1818 3630/1882/1825 3565/1882/1730
f 3559/1883/1760 3623/1883/1812 3624/1884/1811 3560/1884/1761
f 3554/1880/1762 3619/1880/1810 3620/1826/1774 3555/1826/1821
f 3565/1752/1730 3630/1752/1825 3631/1751/1766 3566/1751/1731
f 3560/1884/1761 3624/1884/1811 3625/1817/1764 3561/1817/1763
f 3636/1845/1793 3594/1846/1792 3544/1758/1739 3543/1805/1754
f 3635/1794/5 3526/1755/1631 3546/1756/1741 3543/1805/1754
f 3552/1804/1750 3541/1795/1748 3542/1761/1736 3533/1754/1723
f 3557/1821/1768 3558/1816/1758 3524/1774/1609 3547/1747/1735 3569/1748/1734
f 3570/1831/1776 3571/1736/1726 3574/1737/1725 3576/1830/1777
f 3637/1870/1800 3570/1856/1776 3603/1856/1798
f 3641/1841/1788 3587/1852/1796 3537/1800/1753 3638/1801/1752
f 3639/1842/1787 3585/1839/1744 3535/1791/1744 3640/1792/1743
f 3639/1842/1787 3588/1851/1797 3587/1852/1796 3641/1841/1788
f 3648/1728/1826 3644/1729/1827 3642/1730/1828 3646/1731/1829
f 3652/1732/1830 3645/1733/1831 3696/1734/1832 3695/1735/1833 3694/1736/1834 3697/1737/1835 3698/1738/1836 3649/1739/1837 3656/1740/1838 3704/1741/1839 3703/1742/1840 3702/1743/1841 3707/1744/1842 3706/1745/1843
f 3654/1746/1844 3670/1747/1845 3692/1748/1846 3691/1749/1847 3690/1750/1848 3689/1751/1849 3688/1752/1850 3651/1753/1851
f 3656/1754/1838 3649/1755/1837 3669/1756/1852 3668/1757/1853 3667/1758/1854 3663/1759/1855 3662/1760/1856 3665/1761/1857
f 3642/1762/1828 3644/1763/1827 3645/1764/1831 3643/1765/1858
f 3644/1766/1827 3648/1767/1826 3649/1739/1837 3645/1733/1831
f 3648/1768/1826 3646/1769/1829 3647/1770/1859 3649/1755/1837
f 3646/1771/1829 3642/1772/1828 3643/1773/1858 3647/1774/1859
f 3651/1775/1851 3643/1765/1858 3645/1764/1831 3652/1776/1830
f 3653/1777/1860 3650/1778/1861 3651/1775/1851 3652/1776/1830
f 3657/1779/1862 3653/1780/1860 3652/1732/1830 3656/1740/1838
f 3655/1781/1863 3657/1782/1862 3656/1754/1838 3654/1783/1844
f 3650/1784/1861 3655/1785/1863 3654/1746/1844 3651/1753/1851
f 3653/1786/1860 3657/1787/1862 3655/1788/1863 3650/1789/1861
f 3647/1770/1859 3659/1790/1864 3658/1791/1865 3763/1792/1866 3661/1793/1867 3758/1794/5 3649/1755/1837
f 3663/1759/1855 3664/1795/1868 3714/1796/1869 3713/1797/1870
f 3668/1757/1853 3669/1756/1852 3719/1798/1871 3718/1799/1853
f 3664/1795/1868 3663/1759/1855 3660/1800/1872 3761/1801/1873 3659/1790/1864 3647/1770/1859 3670/1802/1845 3671/1803/1874 3675/1804/1875
f 3663/1759/1855 3667/1758/1854 3666/1805/1876 3758/1794/5 3661/1793/1867 3660/1800/1872
f 3672/1806/1877 3673/1807/1878 3723/1808/1878 3722/1809/1877
f 3662/1760/1856 3663/1759/1855 3713/1797/1870 3712/1810/1856
f 3674/1811/1879 3673/1807/1878 3672/1806/1877 3670/1802/1845 3654/1783/1844 3656/1754/1838 3675/1804/1875
f 3643/1773/1858 3677/1812/1880 3683/1813/1881 3682/1814/1882 3685/1815/1883 3681/1816/1884 3647/1774/1859
f 3684/1817/1885 3681/1818/1884 3749/1818/1886 3748/1817/1887
f 3689/1751/1849 3690/1750/1848 3755/1750/1888 3754/1751/1889
f 3684/1819/1885 3683/1813/1881 3677/1812/1880 3676/1820/1890 3680/1821/1891 3681/1816/1884
f 3651/1753/1851 3688/1752/1850 3687/1822/1892 3686/1823/1893 3692/1748/1846 3680/1821/1891 3679/1824/1894 3678/1825/1895 3677/1812/1880 3643/1773/1858
f 3678/1826/1895 3679/1827/1894 3744/1827/1896 3743/1826/1897
f 3649/1739/1837 3698/1738/1836 3701/1828/1898 3700/1829/1899 3699/1830/1900 3693/1831/1901 3696/1734/1832 3645/1733/1831
f 3695/1832/1833 3696/1833/1832 3729/1833/1902 3728/1832/1903
f 3699/1834/1900 3700/1835/1899 3733/1835/1904 3732/1834/1905
f 3706/1836/1843 3707/1837/1842 3740/1837/1906 3739/1836/1907
f 3705/1838/1908 3704/1741/1839 3656/1740/1838 3652/1732/1830 3706/1745/1843
f 3708/1839/1865 3709/1840/1909 3764/1841/1910 3762/1842/1911
f 3715/1843/1912 3712/1810/1856 3713/1797/1870 3714/1796/1869
f 3716/1844/1913 3759/1845/1914 3717/1846/1915 3718/1799/1853 3719/1798/1871
f 3725/1847/1916 3720/1848/1874 3721/1849/1917 3722/1809/1877 3723/1808/1878 3724/1850/1879
f 3673/1807/1878 3674/1811/1879 3724/1850/1879 3723/1808/1878
f 3658/1791/1865 3659/1790/1864 3709/1840/1909 3708/1839/1865
f 3669/1756/1852 3666/1805/1876 3716/1844/1913 3719/1798/1871
f 3664/1795/1868 3665/1761/1857 3715/1843/1912 3714/1796/1869
f 3674/1811/1879 3675/1804/1875 3725/1847/1916 3724/1850/1879
f 3659/1790/1864 3761/1801/1873 3764/1841/1910 3709/1840/1909
f 3665/1761/1857 3662/1760/1856 3712/1810/1856 3715/1843/1912
f 3675/1804/1875 3671/1803/1874 3720/1848/1874 3725/1847/1916
f 3660/1800/1872 3661/1793/1867 3711/1851/1918 3710/1852/1919
f 3661/1793/1867 3763/1792/1866 3762/1842/1911 3711/1851/1918
f 3671/1803/1874 3670/1802/1845 3721/1849/1917 3720/1848/1874
f 3666/1805/1876 3759/1845/1914 3716/1844/1913
f 3670/1802/1845 3672/1806/1877 3722/1809/1877 3721/1849/1917
f 3667/1758/1854 3668/1757/1853 3718/1799/1853 3717/1846/1915
f 3726/1831/1920 3760/1853/1921 3727/1736/1922 3728/1735/1903 3729/1734/1902
f 3730/1737/1923 3732/1830/1905 3733/1829/1904 3734/1828/1924 3731/1738/1925
f 3739/1745/1907 3740/1744/1906 3735/1743/1926 3736/1742/1927 3737/1741/1928 3738/1838/1929
f 3707/1837/1842 3702/1854/1841 3735/1854/1926 3740/1837/1906
f 3700/1835/1899 3701/1855/1898 3734/1855/1924 3733/1835/1904
f 3696/1833/1832 3693/1856/1901 3726/1856/1920 3729/1833/1902
f 3701/1855/1898 3698/1857/1836 3731/1857/1925 3734/1855/1924
f 3702/1854/1841 3703/1858/1840 3736/1858/1927 3735/1854/1926
f 3703/1859/1840 3704/1860/1839 3737/1861/1928 3736/1862/1927
f 3704/1860/1839 3705/1863/1908 3738/1864/1929 3737/1861/1928
f 3698/1865/1836 3697/1866/1835 3730/1867/1923 3731/1868/1925
f 3693/1856/1901 3694/1869/1834 3727/1869/1922 3760/1870/1921
f 3705/1871/1908 3706/1836/1843 3739/1836/1907 3738/1871/1929
f 3697/1872/1835 3699/1834/1900 3732/1834/1905 3730/1872/1923
f 3694/1869/1834 3695/1832/1833 3728/1832/1903 3727/1869/1922
f 3741/1820/1930 3742/1812/1931 3743/1825/1897 3744/1824/1896 3745/1821/1932
f 3749/1816/1886 3750/1815/1933 3746/1814/1934 3747/1813/1935 3748/1819/1887
f 3751/1823/1936 3752/1822/1937 3753/1752/1938 3754/1751/1889 3755/1750/1888 3756/1749/1939 3757/1748/1940
f 3679/1824/1894 3680/1821/1891 3745/1821/1932 3744/1824/1896
f 3690/1873/1848 3691/1874/1847 3756/1875/1939 3755/1876/1888
f 3681/1816/1884 3685/1815/1883 3750/1815/1933 3749/1816/1886
f 3680/1821/1891 3676/1820/1890 3741/1820/1930 3745/1821/1932
f 3691/1749/1847 3692/1748/1846 3757/1748/1940 3756/1749/1939
f 3685/1815/1883 3682/1814/1882 3746/1814/1934 3750/1815/1933
f 3692/1877/1846 3686/1878/1893 3751/1878/1936 3757/1877/1940
f 3686/1823/1893 3687/1822/1892 3752/1822/1937 3751/1823/1936
f 3676/1879/1890 3677/1880/1880 3742/1880/1931 3741/1879/1930
f 3687/1881/1892 3688/1882/1850 3753/1882/1938 3752/1881/1937
f 3682/1883/1882 3683/1884/1881 3747/1884/1935 3746/1883/1934
f 3677/1880/1880 3678/1826/1895 3743/1826/1897 3742/1880/1931
f 3688/1752/1850 3689/1751/1849 3754/1751/1889 3753/1752/1938
f 3683/1884/1881 3684/1817/1885 3748/1817/1887 3747/1884/1935
f 3759/1845/1914 3666/1805/1876 3667/1758/1854 3717/1846/1915
f 3758/1794/5 3666/1805/1876 3669/1756/1852 3649/1755/1837
f 3675/1804/1875 3656/1754/1838 3665/1761/1857 3664/1795/1868
f 3680/1821/1891 3692/1748/1846 3670/1747/1845 3647/1774/1859 3681/1816/1884
f 3693/1831/1901 3699/1830/1900 3697/1737/1835 3694/1736/1834
f 3760/1870/1921 3726/1856/1920 3693/1856/1901
f 3764/1841/1910 3761/1801/1873 3660/1800/1872 3710/1852/1919
f 3762/1842/1911 3763/1792/1866 3658/1791/1865 3708/1839/1865
f 3762/1842/1911 3764/1841/1910 3710/1852/1919 3711/1851/1918
f 3771/1728/1598 3767/1729/1599 3765/1730/1600 3769/1731/1601
f 3775/1732/1602 3768/1733/1603 3819/1734/1604 3818/1735/1605 3817/1736/1606 3820/1737/1607 3821/1738/1608 3772/1739/1609 3779/1740/1610 3827/1741/1611 3826/1742/1612 3825/1743/1613 3830/1744/1614 3829/1745/1615
f 3777/1746/1616 3793/1747/1617 3815/1748/1618 3814/1749/1619 3813/1750/1620 3812/1751/1621 3811/1752/1622 3774/1753/1623
f 3779/1754/1610 3772/1755/1609 3792/1756/1624 3791/1757/1625 3790/1758/1626 3786/1759/1627 3785/1760/1628 3788/1761/1629
f 3765/1762/1600 3767/1763/1599 3768/1764/1603 3766/1765/1630
f 3767/1766/1599 3771/1767/1598 3772/1739/1609 3768/1733/1603
f 3771/1768/1598 3769/1769/1601 3770/1770/1631 3772/1755/1609
f 3769/1771/1601 3765/1772/1600 3766/1773/1630 3770/1774/1631
f 3774/1775/1623 3766/1765/1630 3768/1764/1603 3775/1776/1602
f 3776/1777/1632 3773/1778/1633 3774/1775/1623 3775/1776/1602
f 3780/1779/1634 3776/1780/1632 3775/1732/1602 3779/1740/1610
f 3778/1781/1635 3780/1782/1634 3779/1754/1610 3777/1783/1616
f 3773/1784/1633 3778/1785/1635 3777/1746/1616 3774/1753/1623
f 3776/1786/1632 3780/1787/1634 3778/1788/1635 3773/1789/1633
f 3770/1770/1631 3782/1790/1636 3781/1791/1637 3886/1792/1638 3784/1793/1639 3881/1794/5 3772/1755/1609
f 3786/1759/1627 3787/1795/1640 3837/1796/1641 3836/1797/1642
f 3791/1757/1625 3792/1756/1624 3842/1798/1643 3841/1799/1625
f 3787/1795/1640 3786/1759/1627 3783/1800/1644 3884/1801/1645 3782/1790/1636 3770/1770/1631 3793/1802/1617 3794/1803/1646 3798/1804/1647
f 3786/1759/1627 3790/1758/1626 3789/1805/1648 3881/1794/5 3784/1793/1639 3783/1800/1644
f 3795/1806/1649 3796/1807/1650 3846/1808/1650 3845/1809/1649
f 3785/1760/1628 3786/1759/1627 3836/1797/1642 3835/1810/1628
f 3797/1811/1651 3796/1807/1650 3795/1806/1649 3793/1802/1617 3777/1783/1616 3779/1754/1610 3798/1804/1647
f 3766/1773/1630 3800/1812/1652 3806/1813/1653 3805/1814/1654 3808/1815/1655 3804/1816/1656 3770/1774/1631
f 3807/1817/1657 3804/1818/1656 3872/1818/1658 3871/1817/1659
f 3812/1751/1621 3813/1750/1620 3878/1750/1660 3877/1751/1661
f 3807/1819/1657 3806/1813/1653 3800/1812/1652 3799/1820/1662 3803/1821/1663 3804/1816/1656
f 3774/1753/1623 3811/1752/1622 3810/1822/1664 3809/1823/1665 3815/1748/1618 3803/1821/1663 3802/1824/1666 3801/1825/1667 3800/1812/1652 3766/1773/1630
f 3801/1826/1667 3802/1827/1666 3867/1827/1668 3866/1826/1669
f 3772/1739/1609 3821/1738/1608 3824/1828/1670 3823/1829/1671 3822/1830/1672 3816/1831/1673 3819/1734/1604 3768/1733/1603
f 3818/1832/1605 3819/1833/1604 3852/1833/1674 3851/1832/1675
f 3822/1834/1672 3823/1835/1671 3856/1835/1676 3855/1834/1941
f 3829/1836/1615 3830/1837/1614 3863/1837/1678 3862/1836/1679
f 3828/1838/1680 3827/1741/1611 3779/1740/1610 3775/1732/1602 3829/1745/1615
f 3831/1839/1637 3832/1840/1681 3887/1841/1682 3885/1842/1683
f 3838/1843/1684 3835/1810/1628 3836/1797/1642 3837/1796/1641
f 3839/1844/1685 3882/1845/1686 3840/1846/1687 3841/1799/1625 3842/1798/1643
f 3848/1847/1688 3843/1848/1646 3844/1849/1689 3845/1809/1649 3846/1808/1650 3847/1850/1651
f 3796/1807/1650 3797/1811/1651 3847/1850/1651 3846/1808/1650
f 3781/1791/1637 3782/1790/1636 3832/1840/1681 3831/1839/1637
f 3792/1756/1624 3789/1805/1648 3839/1844/1685 3842/1798/1643
f 3787/1795/1640 3788/1761/1629 3838/1843/1684 3837/1796/1641
f 3797/1811/1651 3798/1804/1647 3848/1847/1688 3847/1850/1651
f 3782/1790/1636 3884/1801/1645 3887/1841/1682 3832/1840/1681
f 3788/1761/1629 3785/1760/1628 3835/1810/1628 3838/1843/1684
f 3798/1804/1647 3794/1803/1646 3843/1848/1646 3848/1847/1688
f 3783/1800/1644 3784/1793/1639 3834/1851/1690 3833/1852/1691
f 3784/1793/1639 3886/1792/1638 3885/1842/1683 3834/1851/1690
f 3794/1803/1646 3793/1802/1617 3844/1849/1689 3843/1848/1646
f 3789/1805/1648 3882/1845/1686 3839/1844/1685
f 3793/1802/1617 3795/1806/1649 3845/1809/1649 3844/1849/1689
f 3790/1758/1626 3791/1757/1625 3841/1799/1625 3840/1846/1687
f 3849/1831/1692 3883/1853/1693 3850/1736/1715 3851/1735/1675 3852/1734/1674
f 3853/1737/1694 3855/1830/1941 3856/1829/1676 3857/1828/1695 3854/1738/1696
f 3862/1745/1679 3863/1744/1678 3858/1743/1697 3859/1742/1698 3860/1741/1699 3861/1838/1700
f 3830/1837/1614 3825/1854/1613 3858/1854/1697 3863/1837/1678
f 3823/1835/1671 3824/1855/1670 3857/1855/1695 3856/1835/1676
f 3819/1833/1604 3816/1856/1673 3849/1856/1692 3852/1833/1674
f 3824/1855/1670 3821/1857/1608 3854/1857/1696 3857/1855/1695
f 3825/1854/1613 3826/1858/1612 3859/1858/1698 3858/1854/1697
f 3826/1859/1612 3827/1860/1611 3860/1861/1699 3859/1862/1698
f 3827/1860/1611 3828/1863/1680 3861/1864/1700 3860/1861/1699
f 3821/1865/1608 3820/1866/1607 3853/1867/1694 3854/1868/1696
f 3816/1856/1673 3817/1869/1606 3850/1869/1715 3883/1870/1693
f 3828/1871/1680 3829/1836/1615 3862/1836/1679 3861/1871/1700
f 3820/1872/1607 3822/1834/1672 3855/1834/1941 3853/1872/1694
f 3817/1869/1606 3818/1832/1605 3851/1832/1675 3850/1869/1715
f 3864/1820/1701 3865/1812/1702 3866/1825/1669 3867/1824/1668 3868/1821/1717
f 3872/1816/1658 3873/1815/1704 3869/1814/1705 3870/1813/1706 3871/1819/1659
f 3874/1823/1707 3875/1822/1708 3876/1752/1709 3877/1751/1661 3878/1750/1660 3879/1749/1710 3880/1748/1711
f 3802/1824/1666 3803/1821/1663 3868/1821/1717 3867/1824/1668
f 3813/1873/1620 3814/1874/1619 3879/1875/1710 3878/1876/1660
f 3804/1816/1656 3808/1815/1655 3873/1815/1704 3872/1816/1658
f 3803/1821/1663 3799/1820/1662 3864/1820/1701 3868/1821/1717
f 3814/1749/1619 3815/1748/1618 3880/1748/1711 3879/1749/1710
f 3808/1815/1655 3805/1814/1654 3869/1814/1705 3873/1815/1704
f 3815/1877/1618 3809/1878/1665 3874/1878/1707 3880/1877/1711
f 3809/1823/1665 3810/1822/1664 3875/1822/1708 3874/1823/1707
f 3799/1879/1662 3800/1880/1652 3865/1880/1702 3864/1879/1701
f 3810/1881/1664 3811/1882/1622 3876/1882/1709 3875/1881/1708
f 3805/1883/1654 3806/1884/1653 3870/1884/1706 3869/1883/1705
f 3800/1880/1652 3801/1826/1667 3866/1826/1669 3865/1880/1702
f 3811/1752/1622 3812/1751/1621 3877/1751/1661 3876/1752/1709
f 3806/1884/1653 3807/1817/1657 3871/1817/1659 3870/1884/1706
f 3882/1845/1686 3789/1805/1648 3790/1758/1626 3840/1846/1687
f 3881/1794/5 3789/1805/1648 3792/1756/1624 3772/1755/1609
f 3798/1804/1647 3779/1754/1610 3788/1761/1629 3787/1795/1640
f 3803/1821/1663 3815/1748/1618 3793/1747/1617 3770/1774/1631 3804/1816/1656
f 3816/1831/1673 3822/1830/1672 3820/1737/1607 3817/1736/1606
f 3883/1870/1693 3849/1856/1692 3816/1856/1673
f 3887/1841/1682 3884/1801/1645 3783/1800/1644 3833/1852/1691
f 3885/1842/1683 3886/1792/1638 3781/1791/1637 3831/1839/1637
f 3885/1842/1683 3887/1841/1682 3833/1852/1691 3834/1851/1690
f 3894/1728/1829 3892/1731/1826 3888/1730/1827 3890/1729/1828
f 3898/1732/1851 3952/1745/1942 3953/1744/1943 3948/1743/1944 3949/1742/1945 3950/1741/1946 3902/1740/1844 3895/1739/1947 3944/1738/1948 3943/1737/1949 3940/1736/1950 3941/1735/1951 3942/1734/1952 3891/1733/1858
f 3900/1746/1838 3897/1753/1830 3934/1752/1953 3935/1751/1954 3936/1750/1955 3937/1749/1956 3938/1748/1957 3916/1747/1958
f 3902/1754/1844 3911/1761/1959 3908/1760/1960 3909/1759/1961 3913/1758/1962 3914/1757/1963 3915/1756/1964 3895/1755/1947
f 3888/1762/1827 3889/1765/1831 3891/1764/1858 3890/1763/1828
f 3890/1766/1828 3891/1733/1858 3895/1739/1947 3894/1767/1829
f 3894/1768/1829 3895/1755/1947 3893/1770/1837 3892/1769/1826
f 3892/1771/1826 3893/1774/1837 3889/1773/1831 3888/1772/1827
f 3897/1775/1830 3898/1776/1851 3891/1764/1858 3889/1765/1831
f 3899/1777/1861 3898/1776/1851 3897/1775/1830 3896/1778/1860
f 3903/1779/1863 3902/1740/1844 3898/1732/1851 3899/1780/1861
f 3901/1781/1862 3900/1783/1838 3902/1754/1844 3903/1782/1863
f 3896/1784/1860 3897/1753/1830 3900/1746/1838 3901/1785/1862
f 3899/1786/1861 3896/1789/1860 3901/1788/1862 3903/1787/1863
f 3893/1770/1837 3895/1755/1947 4004/1794/5 3907/1793/1965 4009/1792/1966 3904/1791/1967 3905/1790/1968
f 3909/1759/1961 3959/1797/1969 3960/1796/1970 3910/1795/1971
f 3914/1757/1963 3964/1799/1963 3965/1798/1972 3915/1756/1964
f 3910/1795/1971 3921/1804/1973 3917/1803/1974 3916/1802/1958 3893/1770/1837 3905/1790/1968 4007/1801/1975 3906/1800/1976 3909/1759/1961
f 3909/1759/1961 3906/1800/1976 3907/1793/1965 4004/1794/5 3912/1805/1977 3913/1758/1962
f 3918/1806/1978 3968/1809/1978 3969/1808/1979 3919/1807/1979
f 3908/1760/1960 3958/1810/1960 3959/1797/1969 3909/1759/1961
f 3920/1811/1980 3921/1804/1973 3902/1754/1844 3900/1783/1838 3916/1802/1958 3918/1806/1978 3919/1807/1979
f 3889/1773/1831 3893/1774/1837 3927/1816/1981 3931/1815/1982 3928/1814/1983 3929/1813/1984 3923/1812/1985
f 3930/1817/1986 3994/1817/1987 3995/1818/1988 3927/1818/1981
f 3935/1751/1954 4000/1751/1989 4001/1750/1990 3936/1750/1955
f 3930/1819/1986 3927/1816/1981 3926/1821/1991 3922/1820/1992 3923/1812/1985 3929/1813/1984
f 3897/1753/1830 3889/1773/1831 3923/1812/1985 3924/1825/1993 3925/1824/1994 3926/1821/1991 3938/1748/1957 3932/1823/1995 3933/1822/1996 3934/1752/1953
f 3924/1826/1993 3989/1826/1997 3990/1827/1998 3925/1827/1994
f 3895/1739/1947 3891/1733/1858 3942/1734/1952 3939/1831/1999 3945/1830/2000 3946/1829/2001 3947/1828/2002 3944/1738/1948
f 3941/1832/1951 3974/1832/2003 3975/1833/2004 3942/1833/1952
f 3945/1834/2000 3978/1834/2005 3979/1835/2006 3946/1835/2001
f 3952/1836/1942 3985/1836/2007 3986/1837/2008 3953/1837/1943
f 3951/1838/2009 3952/1745/1942 3898/1732/1851 3902/1740/1844 3950/1741/1946
f 3954/1839/2010 4008/1842/2011 4010/1841/2012 3955/1840/2013
f 3961/1843/2014 3960/1796/1970 3959/1797/1969 3958/1810/1960
f 3962/1844/2015 3965/1798/1972 3964/1799/1963 3963/1846/2016 4005/1845/2017
f 3971/1847/2018 3970/1850/1980 3969/1808/1979 3968/1809/1978 3967/1849/2019 3966/1848/1974
f 3919/1807/1979 3969/1808/1979 3970/1850/1980 3920/1811/1980
f 3904/1791/1967 3954/1839/2010 3955/1840/2013 3905/1790/1968
f 3915/1756/1964 3965/1798/1972 3962/1844/2015 3912/1805/1977
f 3910/1795/1971 3960/1796/1970 3961/1843/2014 3911/1761/1959
f 3920/1811/1980 3970/1850/1980 3971/1847/2018 3921/1804/1973
f 3905/1790/1968 3955/1840/2013 4010/1841/2012 4007/1801/1975
f 3911/1761/1959 3961/1843/2014 3958/1810/1960 3908/1760/1960
f 3921/1804/1973 3971/1847/2018 3966/1848/1974 3917/1803/1974
f 3906/1800/1976 3956/1852/2020 3957/1851/2021 3907/1793/1965
f 3907/1793/1965 3957/1851/2021 4008/1842/2011 4009/1792/1966
f 3917/1803/1974 3966/1848/1974 3967/1849/2019 3916/1802/1958
f 3912/1805/1977 3962/1844/2015 4005/1845/2017
f 3916/1802/1958 3967/1849/2019 3968/1809/1978 3918/1806/1978
f 3913/1758/1962 3963/1846/2016 3964/1799/1963 3914/1757/1963
f 3972/1831/2022 3975/1734/2004 3974/1735/2003 3973/1736/1799 4006/1853/2023
f 3976/1737/2024 3977/1738/2025 3980/1828/2026 3979/1829/2006 3978/1830/2005
f 3985/1745/2007 3984/1838/2027 3983/1741/2028 3982/1742/2029 3981/1743/2030 3986/1744/2008
f 3953/1837/1943 3986/1837/2008 3981/1854/2030 3948/1854/1944
f 3946/1835/2001 3979/1835/2006 3980/1855/2026 3947/1855/2002
f 3942/1833/1952 3975/1833/2004 3972/1856/2022 3939/1856/1999
f 3947/1855/2002 3980/1855/2026 3977/1857/2025 3944/1857/1948
f 3948/1854/1944 3981/1854/2030 3982/1858/2029 3949/1858/1945
f 3949/1859/1945 3982/1862/2029 3983/1861/2028 3950/1860/1946
f 3950/1860/1946 3983/1861/2028 3984/1864/2027 3951/1863/2009
f 3944/1865/1948 3977/1868/2025 3976/1867/2024 3943/1866/1949
f 3939/1856/1999 4006/1870/2023 3973/1869/1799 3940/1869/1950
f 3951/1871/2009 3984/1871/2027 3985/1836/2007 3952/1836/1942
f 3943/1872/1949 3976/1872/2024 3978/1834/2005 3945/1834/2000
f 3940/1869/1950 3973/1869/1799 3974/1832/2003 3941/1832/1951
f 3987/1820/2031 3991/1821/2032 3990/1824/1998 3989/1825/1997 3988/1812/2033
f 3995/1816/1988 3994/1819/1987 3993/1813/2034 3992/1814/2035 3996/1815/2036
f 3997/1823/2037 4003/1748/2038 4002/1749/2039 4001/1750/1990 4000/1751/1989 3999/1752/2040 3998/1822/2041
f 3925/1824/1994 3990/1824/1998 3991/1821/2032 3926/1821/1991
f 3936/1873/1955 4001/1876/1990 4002/1875/2039 3937/1874/1956
f 3927/1816/1981 3995/1816/1988 3996/1815/2036 3931/1815/1982
f 3926/1821/1991 3991/1821/2032 3987/1820/2031 3922/1820/1992
f 3937/1749/1956 4002/1749/2039 4003/1748/2038 3938/1748/1957
f 3931/1815/1982 3996/1815/2036 3992/1814/2035 3928/1814/1983
f 3938/1877/1957 4003/1877/2038 3997/1878/2037 3932/1878/1995
f 3932/1823/1995 3997/1823/2037 3998/1822/2041 3933/1822/1996
f 3922/1879/1992 3987/1879/2031 3988/1880/2033 3923/1880/1985
f 3933/1881/1996 3998/1881/2041 3999/1882/2040 3934/1882/1953
f 3928/1883/1983 3992/1883/2035 3993/1884/2034 3929/1884/1984
f 3923/1880/1985 3988/1880/2033 3989/1826/1997 3924/1826/1993
f 3934/1752/1953 3999/1752/2040 4000/1751/1989 3935/1751/1954
f 3929/1884/1984 3993/1884/2034 3994/1817/1987 3930/1817/1986
f 4005/1845/2017 3963/1846/2016 3913/1758/1962 3912/1805/1977
f 4004/1794/5 3895/1755/1947 3915/1756/1964 3912/1805/1977
f 3921/1804/1973 3910/1795/1971 3911/1761/1959 3902/1754/1844
f 3926/1821/1991 3927/1816/1981 3893/1774/1837 3916/1747/1958 3938/1748/1957
f 3939/1831/1999 3940/1736/1950 3943/1737/1949 3945/1830/2000
f 4006/1870/2023 3939/1856/1999 3972/1856/2022
f 4010/1841/2012 3956/1852/2020 3906/1800/1976 4007/1801/1975
f 4008/1842/2011 3954/1839/2010 3904/1791/1967 4009/1792/1966
f 4008/1842/2011 3957/1851/2021 3956/1852/2020 4010/1841/2012
f 4017/1728/1601 4015/1731/1598 4011/1730/1599 4013/1729/1600
f 4021/1732/1623 4075/1745/1718 4076/1744/1719 4071/1743/1720 4072/1742/1721 4073/1741/1722 4025/1740/1723 4018/1739/1631 4067/1738/1724 4066/1737/1725 4063/1736/1726 4064/1735/1727 4065/1734/1728 4014/1733/1729
f 4023/1746/1610 4020/1753/1602 4057/1752/1730 4058/1751/1731 4059/1750/1732 4060/1749/1733 4061/1748/2042 4039/1747/1735
f 4025/1754/1723 4034/1761/1736 4031/1760/1737 4032/1759/1738 4036/1758/1739 4037/1757/1740 4038/1756/1741 4018/1755/1631
f 4011/1762/1599 4012/1765/1603 4014/1764/1729 4013/1763/1600
f 4013/1766/1600 4014/1733/1729 4018/1739/1631 4017/1767/1601
f 4017/1768/1601 4018/1755/1631 4016/1770/1609 4015/1769/1598
f 4015/1771/1598 4016/1774/1609 4012/1773/1603 4011/1772/1599
f 4020/1775/1602 4021/1776/1623 4014/1764/1729 4012/1765/1603
f 4022/1777/1633 4021/1776/1623 4020/1775/1602 4019/1778/1632
f 4026/1779/1635 4025/1740/1723 4021/1732/1623 4022/1780/1633
f 4024/1781/1634 4023/1783/1610 4025/1754/1723 4026/1782/1635
f 4019/1784/1632 4020/1753/1602 4023/1746/1610 4024/1785/1634
f 4022/1786/1633 4019/1789/1632 4024/1788/1634 4026/1787/1635
f 4016/1770/1609 4018/1755/1631 4127/1794/5 4030/1793/1742 4132/1792/1743 4027/1791/1744 4028/1790/1745
f 4032/1759/1738 4082/1797/1746 4083/1796/1747 4033/1795/1748
f 4037/1757/1740 4087/1799/1740 4088/1798/1749 4038/1756/1741
f 4033/1795/1748 4044/1804/1750 4040/1803/1751 4039/1802/1735 4016/1770/1609 4028/1790/1745 4130/1801/1752 4029/1800/1753 4032/1759/1738
f 4032/1759/1738 4029/1800/1753 4030/1793/1742 4127/1794/5 4035/1805/1754 4036/1758/1739
f 4041/1806/1755 4091/1809/1755 4092/1808/1756 4042/1807/1756
f 4031/1760/1737 4081/1810/1737 4082/1797/1746 4032/1759/1738
f 4043/1811/1757 4044/1804/1750 4025/1754/1723 4023/1783/1610 4039/1802/1735 4041/1806/1755 4042/1807/1756
f 4012/1773/1603 4016/1774/1609 4050/1816/1758 4054/1815/1759 4051/1814/1760 4052/1813/1761 4046/1812/1762
f 4053/1817/1763 4117/1817/1764 4118/1818/1765 4050/1818/1758
f 4058/1751/1731 4123/1751/1766 4124/1750/1767 4059/1750/1732
f 4053/1819/1763 4050/1816/1758 4049/1821/1768 4045/1820/1769 4046/1812/1762 4052/1813/1761
f 4020/1753/1602 4012/1773/1603 4046/1812/1762 4047/1825/1821 4048/1824/1771 4049/1821/1768 4061/1748/2042 4055/1823/1772 4056/1822/1773 4057/1752/1730
f 4047/1826/1821 4112/1826/1774 4113/1827/1775 4048/1827/1771
f 4018/1739/1631 4014/1733/1729 4065/1734/1728 4062/1831/1776 4068/1830/1777 4069/1829/1778 4070/1828/1779 4067/1738/1724
f 4064/1832/1727 4097/1832/1780 4098/1833/1781 4065/1833/1728
f 4068/1834/1777 4101/1834/2043 4102/1835/1783 4069/1835/1778
f 4075/1836/1718 4108/1836/1784 4109/1837/1785 4076/1837/1719
f 4074/1838/1786 4075/1745/1718 4021/1732/1623 4025/1740/1723 4073/1741/1722
f 4077/1839/1744 4131/1842/1787 4133/1841/1788 4078/1840/1789
f 4084/1843/1790 4083/1796/1747 4082/1797/1746 4081/1810/1737
f 4085/1844/1791 4088/1798/1749 4087/1799/1740 4086/1846/1792 4128/1845/1793
f 4094/1847/1794 4093/1850/1757 4092/1808/1756 4091/1809/1755 4090/1849/1795 4089/1848/1751
f 4042/1807/1756 4092/1808/1756 4093/1850/1757 4043/1811/1757
f 4027/1791/1744 4077/1839/1744 4078/1840/1789 4028/1790/1745
f 4038/1756/1741 4088/1798/1749 4085/1844/1791 4035/1805/1754
f 4033/1795/1748 4083/1796/1747 4084/1843/1790 4034/1761/1736
f 4043/1811/1757 4093/1850/1757 4094/1847/1794 4044/1804/1750
f 4028/1790/1745 4078/1840/1789 4133/1841/1788 4130/1801/1752
f 4034/1761/1736 4084/1843/1790 4081/1810/1737 4031/1760/1737
f 4044/1804/1750 4094/1847/1794 4089/1848/1751 4040/1803/1751
f 4029/1800/1753 4079/1852/1796 4080/1851/1797 4030/1793/1742
f 4030/1793/1742 4080/1851/1797 4131/1842/1787 4132/1792/1743
f 4040/1803/1751 4089/1848/1751 4090/1849/1795 4039/1802/1735
f 4035/1805/1754 4085/1844/1791 4128/1845/1793
f 4039/1802/1735 4090/1849/1795 4091/1809/1755 4041/1806/1755
f 4036/1758/1739 4086/1846/1792 4087/1799/1740 4037/1757/1740
f 4095/1831/1798 4098/1734/1781 4097/1735/1780 4096/1736/1799 4129/1853/1800
f 4099/1737/1801 4100/1738/1802 4103/1828/1803 4102/1829/1783 4101/1830/2043
f 4108/1745/1784 4107/1838/1804 4106/1741/1805 4105/1742/1806 4104/1743/1807 4109/1744/1785
f 4076/1837/1719 4109/1837/1785 4104/1854/1807 4071/1854/1720
f 4069/1835/1778 4102/1835/1783 4103/1855/1803 4070/1855/1779
f 4065/1833/1728 4098/1833/1781 4095/1856/1798 4062/1856/1776
f 4070/1855/1779 4103/1855/1803 4100/1857/1802 4067/1857/1724
f 4071/1854/1720 4104/1854/1807 4105/1858/1806 4072/1858/1721
f 4072/1859/1721 4105/1862/1806 4106/1861/1805 4073/1860/1722
f 4073/1860/1722 4106/1861/1805 4107/1864/1804 4074/1863/1786
f 4067/1865/1724 4100/1868/1802 4099/1867/1801 4066/1866/1725
f 4062/1856/1776 4129/1870/1800 4096/1869/1799 4063/1869/1726
f 4074/1871/1786 4107/1871/1804 4108/1836/1784 4075/1836/1718
f 4066/1872/1725 4099/1872/1801 4101/1834/2043 4068/1834/1777
f 4063/1869/1726 4096/1869/1799 4097/1832/1780 4064/1832/1727
f 4110/1820/1808 4114/1821/1809 4113/1824/1775 4112/1825/1774 4111/1812/1810
f 4118/1816/1765 4117/1819/1764 4116/1813/1811 4115/1814/1812 4119/1815/1813
f 4120/1823/1814 4126/1748/1815 4125/1749/1816 4124/1750/1767 4123/1751/1766 4122/1752/1825 4121/1822/1818
f 4048/1824/1771 4113/1824/1775 4114/1821/1809 4049/1821/1768
f 4059/1873/1732 4124/1876/1767 4125/1875/1816 4060/1874/1733
f 4050/1816/1758 4118/1816/1765 4119/1815/1813 4054/1815/1759
f 4049/1821/1768 4114/1821/1809 4110/1820/1808 4045/1820/1769
f 4060/1749/1733 4125/1749/1816 4126/1748/1815 4061/1748/2042
f 4054/1815/1759 4119/1815/1813 4115/1814/1812 4051/1814/1760
f 4061/1877/2042 4126/1877/1815 4120/1878/1814 4055/1878/1772
f 4055/1823/1772 4120/1823/1814 4121/1822/1818 4056/1822/1773
f 4045/1879/1769 4110/1879/1808 4111/1880/1810 4046/1880/1762
f 4056/1881/1773 4121/1881/1818 4122/1882/1825 4057/1882/1730
f 4051/1883/1760 4115/1883/1812 4116/1884/1811 4052/1884/1761
f 4046/1880/1762 4111/1880/1810 4112/1826/1774 4047/1826/1821
f 4057/1752/1730 4122/1752/1825 4123/1751/1766 4058/1751/1731
f 4052/1884/1761 4116/1884/1811 4117/1817/1764 4053/1817/1763
f 4128/1845/1793 4086/1846/1792 4036/1758/1739 4035/1805/1754
f 4127/1794/5 4018/1755/1631 4038/1756/1741 4035/1805/1754
f 4044/1804/1750 4033/1795/1748 4034/1761/1736 4025/1754/1723
f 4049/1821/1768 4050/1816/1758 4016/1774/1609 4039/1747/1735 4061/1748/2042
f 4062/1831/1776 4063/1736/1726 4066/1737/1725 4068/1830/1777
f 4129/1870/1800 4062/1856/1776 4095/1856/1798
f 4133/1841/1788 4079/1852/1796 4029/1800/1753 4130/1801/1752
f 4131/1842/1787 4077/1839/1744 4027/1791/1744 4132/1792/1743
f 4131/1842/1787 4080/1851/1797 4079/1852/1796 4133/1841/1788
f 4187/1885/2044 4142/1886/2044 4136/1887/2044 4183/1888/2044
f 4205/1889/2045 4188/1890/2046 4140/1891/2047 4184/1892/2048
f 4313/1893/2049 4297/1894/2049 4139/1895/2049 4185/1896/2049
f 4296/1897/2050 4299/1898/2050 4141/1899/2051 4138/1900/2052
f 4297/1901/2053 4298/1902/2053 4140/1891/2054 4139/1903/2055
f 4135/1904/2056 4136/1887/2056 4142/1886/2057 4145/1905/2057
f 4134/1906/2058 4137/1907/2058 4143/1908/2059 4144/1909/2060
f 4182/1910/2061 4135/1911/2061 4145/1912/2062 4186/1913/2063
f 4312/1914/2064 4298/1902/2064 4142/1886/2064 4187/1885/2064
f 4309/1915/2065 4300/1916/2066 4151/1917/2067 4175/1918/2068
f 4170/1919/2069 4146/1920/2069 4150/1921/2070 4174/1922/2071
f 4308/1923/2072 4301/1924/2073 4149/1925/2074 4173/1926/2074
f 4200/1927/2075 4193/1928/2075 4148/1929/2076 4172/1930/2077
f 4175/1918/2068 4151/1917/2067 4147/1931/2078 4171/1932/2078
f 4169/1933/2079 4157/1934/2079 4153/1935/2080 4165/1936/2080
f 4199/1937/2081 4194/1938/2082 4154/1939/2083 4166/1940/2084
f 4307/1941/2085 4302/1942/2085 4155/1943/2085 4167/1944/2085
f 4164/1945/2086 4152/1946/2086 4156/1947/2086 4168/1948/2086
f 4306/1949/2087 4303/1950/2087 4157/1934/2079 4169/1933/2079
f 4311/1951/2088 4304/1952/2089 4163/1953/2090 4181/1954/2091
f 4176/1955/2092 4158/1956/2092 4162/1957/2092 4180/1958/2092
f 4310/1959/2093 4305/1960/2094 4161/1961/2095 4179/1962/2096
f 4202/1963/2097 4197/1964/2097 4160/1965/2098 4178/1966/2099
f 4181/1954/2091 4163/1953/2090 4159/1967/2100 4177/1968/2100
f 4296/1897/2087 4306/1949/2087 4169/1933/2079 4144/1909/2101
f 4137/1969/2102 4164/1945/2102 4168/1948/2102 4143/1970/2102
f 4299/1971/2103 4307/1941/2103 4167/1944/2104 4141/1972/2105
f 4190/1973/2106 4199/1937/2081 4166/1940/2084 4138/1900/2107
f 4144/1909/2101 4169/1933/2079 4165/1936/2080 4134/1906/2080
f 4157/1934/2079 4175/1918/2108 4171/1932/2080 4153/1935/2080
f 4194/1938/2082 4200/1927/2109 4172/1930/2110 4154/1939/2083
f 4302/1942/2111 4308/1923/2111 4173/1926/2112 4155/1943/2113
f 4152/1946/2114 4170/1919/2114 4174/1922/2114 4156/1947/2114
f 4303/1950/2087 4309/1915/2087 4175/1918/2108 4157/1934/2079
f 4151/1974/2115 4181/1954/2116 4177/1968/2117 4147/1975/2117
f 4193/1976/2118 4202/1963/2118 4178/1966/2119 4148/1977/2120
f 4301/1978/2121 4310/1979/2122 4179/1980/2123 4149/1981/2124
f 4146/1982/2125 4176/1983/2125 4180/1984/2126 4150/1985/2127
f 4300/1986/2128 4311/1951/2128 4181/1954/2116 4151/1974/2115
f 4304/1952/2129 4312/1914/2129 4187/1885/2130 4163/1953/2131
f 4158/1956/2132 4182/1910/2132 4186/1913/2133 4162/1957/2134
f 4305/1960/2135 4313/1893/2135 4185/1896/2136 4161/1961/2137
f 4197/1964/2138 4205/1889/2045 4184/1892/2048 4160/1965/2139
f 4163/1953/2131 4187/1885/2130 4183/1888/2140 4159/1967/2140
f 4161/1961/2137 4185/1896/2136 4204/1987/2141 4196/1988/2141
f 4149/1981/2124 4179/1980/2123 4203/1989/2142 4192/1990/2142
f 4155/1943/2113 4173/1926/2112 4201/1991/2143 4195/1992/2143
f 4141/1972/2105 4167/1944/2104 4198/1993/2144 4189/1994/2144
f 4194/1995/2145 4199/1996/2146 4190/1997/2146 4189/1998/2146 4198/1999/2146 4195/2000/2147
f 4179/1962/2096 4161/1961/2095 4196/1988/2148 4203/2001/2148
f 4167/1944/2149 4155/1943/2149 4195/1992/2149 4198/1993/2149
f 4194/1995/2145 4195/2000/2147 4201/2002/2150 4192/2003/2150 4193/2004/2150 4200/2005/2150
f 4192/2003/2151 4203/2006/2151 4196/2007/2151 4197/2008/2151 4202/2009/2151 4193/2004/2151
f 4173/1926/2152 4149/1925/2152 4192/2010/2152 4201/1991/2152
f 4139/1903/2055 4140/1891/2054 4188/1890/2153 4191/2011/2153
f 4138/1900/2052 4141/1899/2051 4189/2012/2154 4190/1973/2154
f 4185/1896/2155 4139/1895/2155 4191/2013/2155 4204/1987/2155
f 4196/2007/2156 4204/2014/2156 4191/2015/2156 4188/2016/2156 4205/2017/2156 4197/2008/2156
f 4277/2018/2140 4183/1888/2140 4136/1887/2140 4260/2019/2140
f 4259/2020/2157 4238/2021/2158 4208/2022/2159 4242/2023/2160
f 4295/2024/2161 4239/2025/2162 4207/2026/2163 4279/2027/2161
f 4278/2028/2164 4206/2029/2165 4209/2030/2166 4281/2031/2164
f 4279/2032/2167 4207/2033/2168 4208/2022/2169 4280/2034/2167
f 4263/2035/2170 4213/2036/2170 4210/2037/2170 4260/2019/2170
f 4262/2038/2058 4212/2039/2171 4211/2040/2172 4261/2041/2058
f 4276/2042/2173 4240/2043/2173 4213/2044/2173 4263/2045/2173
f 4294/2046/2174 4241/2047/2174 4210/2037/2174 4280/2034/2174
f 4291/2048/2175 4233/2049/2176 4217/2050/2177 4282/2051/2178
f 4273/2052/2069 4232/2053/2069 4216/2054/2069 4264/2055/2069
f 4290/2056/2179 4231/2057/2179 4215/2058/2179 4283/2059/2179
f 4254/2060/2180 4230/2061/2181 4214/2062/2182 4247/2063/2180
f 4272/2064/2078 4171/1932/2078 4147/1931/2078 4265/2065/2078
f 4271/2066/2080 4165/1936/2080 4153/1935/2080 4266/2067/2080
f 4253/2068/2183 4226/2069/2184 4218/2070/2185 4248/2071/2186
f 4289/2072/2187 4227/2073/2187 4219/2074/2187 4284/2075/2187
f 4270/2076/2188 4228/2077/2189 4220/2078/2190 4267/2079/2188
f 4288/2080/2191 4229/2081/2192 4221/2082/2192 4285/2083/2191
f 4293/2084/2193 4237/2085/2194 4225/2086/2195 4286/2087/2196
f 4275/2088/2197 4236/2089/2198 4224/2090/2199 4268/2091/2197
f 4292/2092/2200 4235/2093/2201 4223/2094/2202 4287/2095/2203
f 4256/2096/2204 4234/2097/2205 4222/2098/2206 4251/2099/2204
f 4274/2100/2100 4177/1968/2100 4159/1967/2100 4269/2101/2100
f 4278/2028/2191 4212/2039/2207 4229/2081/2192 4288/2080/2191
f 4261/2102/2208 4211/2103/2209 4228/2077/2210 4270/2076/2208
f 4281/2104/2211 4209/2105/2212 4227/2073/2213 4289/2072/2211
f 4244/2106/2214 4206/2029/2215 4226/2069/2184 4253/2068/2183
f 4262/2038/2080 4134/1906/2080 4165/1936/2080 4271/2066/2080
f 4266/2067/2080 4153/1935/2080 4171/1932/2080 4272/2064/2080
f 4248/2071/2186 4218/2070/2185 4230/2061/2216 4254/2060/2217
f 4284/2075/2218 4219/2074/2219 4231/2057/2220 4290/2056/2221
f 4267/2079/2222 4220/2078/2223 4232/2053/2224 4273/2052/2222
f 4285/2083/2191 4221/2082/2192 4233/2049/2225 4291/2048/2191
f 4265/2107/2117 4147/1975/2117 4177/1968/2117 4274/2100/2117
f 4247/2108/2226 4214/2109/2227 4234/2097/2228 4256/2096/2226
f 4283/2110/2229 4215/2111/2230 4235/2112/2231 4292/2113/2232
f 4264/2114/2233 4216/2115/2233 4236/2116/2233 4275/2117/2233
f 4282/2118/2234 4217/2119/2235 4237/2085/2236 4293/2084/2234
f 4286/2087/2237 4225/2086/2238 4241/2047/2239 4294/2046/2240
f 4268/2091/2241 4224/2090/2242 4240/2043/2243 4276/2042/2241
f 4287/2095/2244 4223/2094/2245 4239/2025/2246 4295/2024/2247
f 4251/2099/2248 4222/2098/2249 4238/2021/2158 4259/2020/2157
f 4269/2101/2140 4159/1967/2140 4183/1888/2140 4277/2018/2140
f 4223/2094/2245 4250/2120/2250 4258/2121/2250 4239/2025/2246
f 4215/2111/2230 4246/2122/2251 4257/2123/2251 4235/2112/2231
f 4219/2074/2219 4249/2124/2252 4255/2125/2252 4231/2057/2220
f 4209/2105/2212 4243/2126/2253 4252/2127/2253 4227/2073/2213
f 4248/2128/2254 4249/2129/2255 4252/2130/2256 4243/2131/2256 4244/2132/2256 4253/2133/2256
f 4235/2093/2201 4257/2134/2257 4250/2120/2257 4223/2094/2202
f 4227/2073/2258 4252/2127/2258 4249/2124/2258 4219/2074/2258
f 4248/2128/2254 4254/2135/2259 4247/2136/2259 4246/2137/2259 4255/2138/2259 4249/2129/2255
f 4246/2137/2260 4247/2136/2260 4256/2139/2260 4251/2140/2260 4250/2141/2260 4257/2142/2260
f 4231/2057/2261 4255/2125/2261 4246/2143/2261 4215/2058/2261
f 4207/2033/2168 4245/2144/2262 4242/2023/2262 4208/2022/2169
f 4206/2029/2165 4244/2106/2263 4243/2145/2263 4209/2030/2166
f 4239/2025/2162 4258/2121/2264 4245/2146/2264 4207/2026/2163
f 4250/2141/2265 4251/2140/2265 4259/2147/2265 4242/2148/2265 4245/2149/2265 4258/2150/2265
f 4225/2086/2238 4269/2101/2140 4277/2018/2140 4241/2047/2239
f 4158/1956/2266 4268/2091/2266 4276/2042/2266 4182/1910/2266
f 4146/1982/2267 4264/2114/2267 4275/2117/2267 4176/1983/2267
f 4217/2119/2235 4265/2107/2117 4274/2100/2117 4237/2085/2236
f 4152/1946/2268 4267/2079/2268 4273/2052/2268 4170/1919/2268
f 4221/2082/2192 4266/2067/2080 4272/2064/2080 4233/2049/2225
f 4212/2039/2207 4262/2038/2080 4271/2066/2080 4229/2081/2192
f 4137/1969/2269 4261/2102/2269 4270/2076/2269 4164/1945/2269
f 4237/2085/2194 4274/2100/2100 4269/2101/2100 4225/2086/2195
f 4176/1955/2270 4275/2088/2270 4268/2091/2270 4158/1956/2270
f 4164/1945/2271 4270/2076/2271 4267/2079/2271 4152/1946/2271
f 4229/2081/2192 4271/2066/2080 4266/2067/2080 4221/2082/2192
f 4233/2049/2176 4272/2064/2078 4265/2065/2078 4217/2050/2177
f 4170/1919/2069 4273/2052/2069 4264/2055/2069 4146/1920/2069
f 4182/1910/2061 4276/2042/2272 4263/2045/2272 4135/1911/2061
f 4134/1906/2058 4262/2038/2058 4261/2041/2058 4137/1907/2058
f 4135/1904/2056 4263/2035/2273 4260/2019/2273 4136/1887/2056
f 4241/2047/2274 4277/2018/2274 4260/2019/2274 4210/2037/2274
f 4224/2090/2242 4287/2095/2244 4295/2024/2247 4240/2043/2243
f 4222/2098/2249 4286/2087/2237 4294/2046/2240 4238/2021/2158
f 4214/2109/2227 4282/2118/2234 4293/2084/2234 4234/2097/2228
f 4216/2115/2275 4283/2110/2229 4292/2113/2232 4236/2116/2275
f 4218/2070/2185 4285/2083/2191 4291/2048/2191 4230/2061/2216
f 4220/2078/2223 4284/2075/2218 4290/2056/2221 4232/2053/2224
f 4211/2103/2209 4281/2104/2211 4289/2072/2211 4228/2077/2210
f 4206/2029/2215 4278/2028/2191 4288/2080/2191 4226/2069/2184
f 4236/2089/2198 4292/2092/2200 4287/2095/2203 4224/2090/2199
f 4234/2097/2205 4293/2084/2193 4286/2087/2196 4222/2098/2206
f 4226/2069/2184 4288/2080/2191 4285/2083/2191 4218/2070/2185
f 4228/2077/2189 4289/2072/2187 4284/2075/2187 4220/2078/2190
f 4232/2053/2276 4290/2056/2276 4283/2059/2276 4216/2054/2276
f 4230/2061/2181 4291/2048/2175 4282/2051/2178 4214/2062/2182
f 4238/2021/2158 4294/2046/2240 4280/2034/2277 4208/2022/2159
f 4213/2036/2278 4279/2032/2278 4280/2034/2278 4210/2037/2278
f 4212/2039/2171 4278/2028/2164 4281/2031/2164 4211/2040/2172
f 4240/2043/2279 4295/2024/2279 4279/2027/2279 4213/2044/2279
f 4162/1957/2134 4186/1913/2133 4313/1893/2280 4305/1960/2280
f 4160/1965/2139 4184/1892/2048 4312/1914/2129 4304/1952/2129
f 4148/1977/2120 4178/1966/2119 4311/1951/2128 4300/1986/2128
f 4150/1985/2127 4180/1984/2126 4310/1979/2122 4301/1978/2121
f 4154/1939/2083 4172/1930/2110 4309/1915/2087 4303/1950/2087
f 4156/1947/2281 4174/1922/2281 4308/1923/2281 4302/1942/2281
f 4143/1970/2282 4168/1948/2282 4307/1941/2282 4299/1971/2282
f 4138/1900/2107 4166/1940/2084 4306/1949/2087 4296/1897/2087
f 4180/1958/2283 4162/1957/2283 4305/1960/2094 4310/1959/2093
f 4178/1966/2099 4160/1965/2098 4304/1952/2089 4311/1951/2088
f 4166/1940/2084 4154/1939/2083 4303/1950/2087 4306/1949/2087
f 4168/1948/2284 4156/1947/2284 4302/1942/2284 4307/1941/2284
f 4174/1922/2071 4150/1921/2070 4301/1924/2073 4308/1923/2072
f 4172/1930/2077 4148/1929/2076 4300/1916/2066 4309/1915/2065
f 4184/1892/2048 4140/1891/2047 4298/1902/2129 4312/1914/2129
f 4145/1905/2285 4142/1886/2285 4298/1902/2285 4297/1901/2285
f 4144/1909/2060 4143/1908/2059 4299/1898/2050 4296/1897/2050
f 4186/1913/2063 4145/1912/2062 4297/1894/2286 4313/1893/2286
f 4367/1885/2287 4322/1886/2287 4316/1887/2287 4363/1888/2287
f 4385/1889/2288 4368/1890/2289 4320/1891/2290 4364/1892/2291
f 4493/1893/2292 4477/1894/2292 4319/1895/2292 4365/1896/2292
f 4476/1897/2293 4479/1898/2293 4321/1899/2294 4318/1900/2295
f 4477/1901/2296 4478/1902/2296 4320/1891/2297 4319/1903/2298
f 4315/1904/2299 4316/1887/2299 4322/1886/2300 4325/1905/2300
f 4314/1906/2301 4317/1907/2301 4323/1908/2302 4324/1909/2303
f 4362/1910/2304 4315/1911/2304 4325/1912/2305 4366/1913/2306
f 4492/1914/2307 4478/1902/2307 4322/1886/2307 4367/1885/2307
f 4489/1915/2308 4480/1916/2308 4331/1917/2308 4355/1918/2308
f 4350/1919/2309 4326/1920/2309 4330/1921/2310 4354/1922/2311
f 4488/1923/2312 4481/1924/2313 4329/1925/2314 4353/1926/2315
f 4380/1927/2316 4373/1928/2316 4328/1929/2317 4352/1930/2318
f 4355/1918/2319 4331/1917/2319 4327/1931/2319 4351/1932/2319
f 4349/1933/2320 4337/1934/2320 4333/1935/2321 4345/1936/2321
f 4379/1937/2322 4374/1938/2323 4334/1939/2324 4346/1940/2325
f 4487/1941/2326 4482/1942/2326 4335/1943/2327 4347/1944/2328
f 4344/1945/2329 4332/1946/2329 4336/1947/2329 4348/1948/2329
f 4486/1949/2330 4483/1950/2330 4337/1934/2320 4349/1933/2320
f 4491/1951/2331 4484/1952/2331 4343/1953/2332 4361/1954/2333
f 4356/1955/2334 4338/1956/2334 4342/1957/2335 4360/1958/2336
f 4490/1959/2337 4485/1960/2338 4341/1961/2339 4359/1962/2340
f 4382/1963/2341 4377/1964/2341 4340/1965/2342 4358/1966/2343
f 4361/1954/2333 4343/1953/2332 4339/1967/2344 4357/1968/2344
f 4476/1897/2330 4486/1949/2330 4349/1933/2320 4324/1909/2345
f 4317/1969/2346 4344/1945/2346 4348/1948/2346 4323/1970/2346
f 4479/1971/2347 4487/1941/2347 4347/1944/2347 4321/1972/2347
f 4370/1973/2348 4379/1937/2322 4346/1940/2325 4318/1900/2349
f 4324/1909/2345 4349/1933/2320 4345/1936/2321 4314/1906/2321
f 4337/1934/2320 4355/1918/2350 4351/1932/2321 4333/1935/2321
f 4374/1938/2323 4380/1927/2351 4352/1930/2352 4334/1939/2324
f 4482/1942/2353 4488/1923/2353 4353/1926/2354 4335/1943/2355
f 4332/1946/2356 4350/1919/2356 4354/1922/2356 4336/1947/2356
f 4483/1950/2330 4489/1915/2330 4355/1918/2350 4337/1934/2320
f 4331/1974/2357 4361/1954/2358 4357/1968/2359 4327/1975/2359
f 4373/1976/2360 4382/1963/2360 4358/1966/2361 4328/1977/2362
f 4481/1978/2363 4490/1979/2364 4359/1980/2365 4329/1981/2366
f 4326/1982/2367 4356/1983/2367 4360/1984/2367 4330/1985/2367
f 4480/1986/2368 4491/1951/2368 4361/1954/2358 4331/1974/2357
f 4484/1952/2369 4492/1914/2369 4367/1885/2370 4343/1953/2371
f 4338/1956/2372 4362/1910/2372 4366/1913/2372 4342/1957/2372
f 4485/1960/2373 4493/1893/2373 4365/1896/2374 4341/1961/2375
f 4377/1964/2376 4385/1889/2288 4364/1892/2291 4340/1965/2377
f 4343/1953/2371 4367/1885/2370 4363/1888/2378 4339/1967/2378
f 4341/1961/2375 4365/1896/2374 4384/1987/2379 4376/1988/2379
f 4329/1981/2366 4359/1980/2365 4383/1989/2380 4372/1990/2380
f 4335/1943/2355 4353/1926/2354 4381/1991/2381 4375/1992/2381
f 4321/1972/2382 4347/1944/2382 4378/1993/2382 4369/1994/2382
f 4374/1995/2383 4379/1996/2384 4370/1997/2384 4369/1998/2384 4378/1999/2384 4375/2000/2385
f 4359/1962/2340 4341/1961/2339 4376/1988/2386 4383/2001/2386
f 4347/1944/2328 4335/1943/2327 4375/1992/2387 4378/1993/2387
f 4374/1995/2383 4375/2000/2385 4381/2002/2383 4372/2003/2383 4373/2004/2383 4380/2005/2383
f 4372/2003/2388 4383/2006/2388 4376/2007/2388 4377/2008/2388 4382/2009/2388 4373/2004/2388
f 4353/1926/2315 4329/1925/2314 4372/2010/2389 4381/1991/2389
f 4319/1903/2298 4320/1891/2297 4368/1890/2390 4371/2011/2390
f 4318/1900/2295 4321/1899/2294 4369/2012/2391 4370/1973/2391
f 4365/1896/2392 4319/1895/2392 4371/2013/2392 4384/1987/2392
f 4376/2007/2393 4384/2014/2393 4371/2015/2393 4368/2016/2393 4385/2017/2393 4377/2008/2393
f 4457/2018/2378 4363/1888/2378 4316/1887/2378 4440/2019/2378
f 4439/2020/2394 4418/2021/2395 4388/2022/2396 4422/2023/2396
f 4475/2024/2397 4419/2025/2397 4387/2026/2397 4459/2027/2397
f 4458/2028/2398 4386/2029/2399 4389/2030/2400 4461/2031/2398
f 4459/2032/2401 4387/2033/2402 4388/2022/2403 4460/2034/2401
f 4443/2035/2404 4393/2036/2405 4390/2037/2405 4440/2019/2404
f 4442/2038/2301 4392/2039/2406 4391/2040/2407 4441/2041/2301
f 4456/2042/2408 4420/2043/2408 4393/2044/2408 4443/2045/2408
f 4474/2046/2409 4421/2047/2409 4390/2037/2409 4460/2034/2409
f 4471/2048/2410 4413/2049/2410 4397/2050/2410 4462/2051/2410
f 4453/2052/2309 4412/2053/2309 4396/2054/2309 4444/2055/2309
f 4470/2056/2411 4411/2057/2411 4395/2058/2411 4463/2059/2411
f 4434/2060/2412 4410/2061/2413 4394/2062/2414 4427/2063/2412
f 4452/2064/2319 4351/1932/2319 4327/1931/2319 4445/2065/2319
f 4451/2066/2321 4345/1936/2321 4333/1935/2321 4446/2067/2321
f 4433/2068/2415 4406/2069/2416 4398/2070/2417 4428/2071/2418
f 4469/2072/2419 4407/2073/2420 4399/2074/2421 4464/2075/2419
f 4450/2076/2422 4408/2077/2423 4400/2078/2424 4447/2079/2422
f 4468/2080/2425 4409/2081/2426 4401/2082/2427 4465/2083/2425
f 4473/2084/2428 4417/2085/2429 4405/2086/2430 4466/2087/2428
f 4455/2088/2431 4416/2089/2432 4404/2090/2433 4448/2091/2431
f 4472/2092/2434 4415/2093/2435 4403/2094/2436 4467/2095/2437
f 4436/2096/2438 4414/2097/2439 4402/2098/2440 4431/2099/2438
f 4454/2100/2344 4357/1968/2344 4339/1967/2344 4449/2101/2344
f 4458/2028/2425 4392/2039/2441 4409/2081/2426 4468/2080/2425
f 4441/2102/2442 4391/2103/2443 4408/2077/2444 4450/2076/2442
f 4461/2104/2445 4389/2105/2446 4407/2073/2447 4469/2072/2445
f 4424/2106/2448 4386/2029/2449 4406/2069/2416 4433/2068/2415
f 4442/2038/2321 4314/1906/2321 4345/1936/2321 4451/2066/2321
f 4446/2067/2321 4333/1935/2321 4351/1932/2321 4452/2064/2321
f 4428/2071/2418 4398/2070/2417 4410/2061/2450 4434/2060/2451
f 4464/2075/2452 4399/2074/2453 4411/2057/2454 4470/2056/2455
f 4447/2079/2456 4400/2078/2457 4412/2053/2458 4453/2052/2456
f 4465/2083/2425 4401/2082/2427 4413/2049/2459 4471/2048/2425
f 4445/2107/2359 4327/1975/2359 4357/1968/2359 4454/2100/2359
f 4427/2108/2460 4394/2109/2461 4414/2097/2462 4436/2096/2460
f 4463/2110/2463 4395/2111/2464 4415/2112/2465 4472/2113/2463
f 4444/2114/2466 4396/2115/2466 4416/2116/2466 4455/2117/2466
f 4462/2118/2467 4397/2119/2468 4417/2085/2469 4473/2084/2467
f 4466/2087/2470 4405/2086/2471 4421/2047/2472 4474/2046/2470
f 4448/2091/2473 4404/2090/2474 4420/2043/2475 4456/2042/2473
f 4467/2095/2476 4403/2094/2477 4419/2025/2478 4475/2024/2476
f 4431/2099/2479 4402/2098/2480 4418/2021/2395 4439/2020/2394
f 4449/2101/2378 4339/1967/2378 4363/1888/2378 4457/2018/2378
f 4403/2094/2477 4430/2120/2481 4438/2121/2481 4419/2025/2478
f 4395/2111/2464 4426/2122/2482 4437/2123/2482 4415/2112/2465
f 4399/2074/2453 4429/2124/2483 4435/2125/2483 4411/2057/2454
f 4389/2105/2446 4423/2126/2484 4432/2127/2484 4407/2073/2447
f 4428/2128/2485 4429/2129/2486 4432/2130/2487 4423/2131/2487 4424/2132/2487 4433/2133/2487
f 4415/2093/2435 4437/2134/2488 4430/2120/2488 4403/2094/2436
f 4407/2073/2420 4432/2127/2489 4429/2124/2489 4399/2074/2421
f 4428/2128/2485 4434/2135/2485 4427/2136/2485 4426/2137/2485 4435/2138/2485 4429/2129/2486
f 4426/2137/2490 4427/2136/2490 4436/2139/2490 4431/2140/2490 4430/2141/2490 4437/2142/2490
f 4411/2057/2491 4435/2125/2491 4426/2143/2491 4395/2058/2491
f 4387/2033/2402 4425/2144/2492 4422/2023/2492 4388/2022/2403
f 4386/2029/2399 4424/2106/2493 4423/2145/2493 4389/2030/2400
f 4419/2025/2494 4438/2121/2494 4425/2146/2494 4387/2026/2494
f 4430/2141/2495 4431/2140/2495 4439/2147/2495 4422/2148/2495 4425/2149/2495 4438/2150/2495
f 4405/2086/2471 4449/2101/2378 4457/2018/2378 4421/2047/2472
f 4338/1956/2496 4448/2091/2496 4456/2042/2496 4362/1910/2496
f 4326/1982/2497 4444/2114/2497 4455/2117/2497 4356/1983/2497
f 4397/2119/2468 4445/2107/2359 4454/2100/2359 4417/2085/2469
f 4332/1946/2498 4447/2079/2498 4453/2052/2498 4350/1919/2498
f 4401/2082/2427 4446/2067/2321 4452/2064/2321 4413/2049/2459
f 4392/2039/2441 4442/2038/2321 4451/2066/2321 4409/2081/2426
f 4317/1969/2499 4441/2102/2499 4450/2076/2499 4344/1945/2499
f 4417/2085/2429 4454/2100/2344 4449/2101/2344 4405/2086/2430
f 4356/1955/2500 4455/2088/2500 4448/2091/2500 4338/1956/2500
f 4344/1945/2501 4450/2076/2501 4447/2079/2501 4332/1946/2501
f 4409/2081/2426 4451/2066/2321 4446/2067/2321 4401/2082/2427
f 4413/2049/2319 4452/2064/2319 4445/2065/2319 4397/2050/2319
f 4350/1919/2309 4453/2052/2309 4444/2055/2309 4326/1920/2309
f 4362/1910/2304 4456/2042/2502 4443/2045/2502 4315/1911/2304
f 4314/1906/2301 4442/2038/2301 4441/2041/2301 4317/1907/2301
f 4315/1904/2299 4443/2035/2404 4440/2019/2404 4316/1887/2299
f 4421/2047/2503 4457/2018/2503 4440/2019/2503 4390/2037/2503
f 4404/2090/2474 4467/2095/2504 4475/2024/2504 4420/2043/2475
f 4402/2098/2480 4466/2087/2470 4474/2046/2470 4418/2021/2395
f 4394/2109/2461 4462/2118/2467 4473/2084/2467 4414/2097/2462
f 4396/2115/2505 4463/2110/2505 4472/2113/2505 4416/2116/2505
f 4398/2070/2417 4465/2083/2425 4471/2048/2425 4410/2061/2450
f 4400/2078/2457 4464/2075/2452 4470/2056/2455 4412/2053/2458
f 4391/2103/2443 4461/2104/2445 4469/2072/2445 4408/2077/2444
f 4386/2029/2449 4458/2028/2425 4468/2080/2425 4406/2069/2416
f 4416/2089/2432 4472/2092/2434 4467/2095/2437 4404/2090/2433
f 4414/2097/2439 4473/2084/2506 4466/2087/2506 4402/2098/2440
f 4406/2069/2416 4468/2080/2425 4465/2083/2425 4398/2070/2417
f 4408/2077/2423 4469/2072/2419 4464/2075/2419 4400/2078/2424
f 4412/2053/2507 4470/2056/2507 4463/2059/2507 4396/2054/2507
f 4410/2061/2413 4471/2048/2508 4462/2051/2508 4394/2062/2414
f 4418/2021/2509 4474/2046/2509 4460/2034/2509 4388/2022/2509
f 4393/2036/2510 4459/2032/2510 4460/2034/2510 4390/2037/2510
f 4392/2039/2406 4458/2028/2398 4461/2031/2398 4391/2040/2407
f 4420/2043/2511 4475/2024/2511 4459/2027/2511 4393/2044/2511
f 4342/1957/2512 4366/1913/2512 4493/1893/2512 4485/1960/2512
f 4340/1965/2377 4364/1892/2291 4492/1914/2369 4484/1952/2369
f 4328/1977/2362 4358/1966/2361 4491/1951/2368 4480/1986/2368
f 4330/1985/2513 4360/1984/2513 4490/1979/2364 4481/1978/2363
f 4334/1939/2324 4352/1930/2352 4489/1915/2330 4483/1950/2330
f 4336/1947/2514 4354/1922/2514 4488/1923/2514 4482/1942/2514
f 4323/1970/2515 4348/1948/2515 4487/1941/2515 4479/1971/2515
f 4318/1900/2349 4346/1940/2325 4486/1949/2330 4476/1897/2330
f 4360/1958/2336 4342/1957/2335 4485/1960/2338 4490/1959/2337
f 4358/1966/2343 4340/1965/2342 4484/1952/2516 4491/1951/2516
f 4346/1940/2325 4334/1939/2324 4483/1950/2330 4486/1949/2330
f 4348/1948/2517 4336/1947/2517 4482/1942/2517 4487/1941/2517
f 4354/1922/2311 4330/1921/2310 4481/1924/2313 4488/1923/2312
f 4352/1930/2318 4328/1929/2317 4480/1916/2518 4489/1915/2518
f 4364/1892/2291 4320/1891/2290 4478/1902/2369 4492/1914/2369
f 4325/1905/2519 4322/1886/2519 4478/1902/2519 4477/1901/2519
f 4324/1909/2303 4323/1908/2302 4479/1898/2293 4476/1897/2293
f 4366/1913/2306 4325/1912/2305 4477/1894/2520 4493/1893/2520
f 4547/1885/2521 4502/1886/2521 4496/1887/2521 4543/1888/2521
f 4565/1889/2522 4548/1890/2523 4500/1891/2524 4544/1892/2525
f 4673/1893/2526 4657/1894/2526 4499/1895/2526 4545/1896/2526
f 4656/1897/2527 4659/1898/2527 4501/1899/2528 4498/1900/2529
f 4657/1901/2530 4658/1902/2530 4500/1891/2531 4499/1903/2532
f 4495/1904/2533 4496/1887/2534 4502/1886/2535 4505/1905/2535
f 4494/1906/2536 4497/1907/2536 4503/1908/2537 4504/1909/2538
f 4542/1910/2539 4495/1911/2539 4505/1912/2540 4546/1913/2541
f 4672/1914/2542 4658/1902/2542 4502/1886/2542 4547/1885/2542
f 4669/1915/2543 4660/1916/2544 4511/1917/2545 4535/1918/2546
f 4530/1919/2547 4506/1920/2547 4510/1921/2548 4534/1922/2549
f 4668/1923/2550 4661/1924/2551 4509/1925/2552 4533/1926/2553
f 4560/1927/2554 4553/1928/2554 4508/1929/2555 4532/1930/2556
f 4535/1918/2546 4511/1917/2545 4507/1931/2557 4531/1932/2557
f 4529/1933/2558 4517/1934/2558 4513/1935/2559 4525/1936/2559
f 4559/1937/2560 4554/1938/2561 4514/1939/2562 4526/1940/2563
f 4667/1941/2564 4662/1942/2564 4515/1943/2565 4527/1944/2566
f 4524/1945/2567 4512/1946/2567 4516/1947/2567 4528/1948/2567
f 4666/1949/2568 4663/1950/2568 4517/1934/2558 4529/1933/2558
f 4671/1951/2569 4664/1952/2570 4523/1953/2571 4541/1954/2572
f 4536/1955/2573 4518/1956/2573 4522/1957/2574 4540/1958/2575
f 4670/1959/2576 4665/1960/2577 4521/1961/2578 4539/1962/2579
f 4562/1963/2580 4557/1964/2580 4520/1965/2581 4538/1966/2582
f 4541/1954/2572 4523/1953/2571 4519/1967/2583 4537/1968/2583
f 4656/1897/2568 4666/1949/2568 4529/1933/2558 4504/1909/2584
f 4497/1969/2585 4524/1945/2585 4528/1948/2585 4503/1970/2585
f 4659/1971/2586 4667/1941/2586 4527/1944/2587 4501/1972/2588
f 4550/1973/2589 4559/1937/2560 4526/1940/2563 4498/1900/2590
f 4504/1909/2584 4529/1933/2558 4525/1936/2559 4494/1906/2559
f 4517/1934/2558 4535/1918/2591 4531/1932/2559 4513/1935/2559
f 4554/1938/2561 4560/1927/2592 4532/1930/2593 4514/1939/2562
f 4662/1942/2594 4668/1923/2594 4533/1926/2595 4515/1943/2596
f 4512/1946/2597 4530/1919/2597 4534/1922/2597 4516/1947/2597
f 4663/1950/2568 4669/1915/2568 4535/1918/2591 4517/1934/2558
f 4511/1974/2598 4541/1954/2599 4537/1968/2600 4507/1975/2600
f 4553/1976/2601 4562/1963/2601 4538/1966/2602 4508/1977/2603
f 4661/1978/2604 4670/1979/2605 4539/1980/2606 4509/1981/2607
f 4506/1982/2608 4536/1983/2608 4540/1984/2609 4510/1985/2610
f 4660/1986/2611 4671/1951/2611 4541/1954/2599 4511/1974/2598
f 4664/1952/2612 4672/1914/2612 4547/1885/2613 4523/1953/2614
f 4518/1956/2615 4542/1910/2615 4546/1913/2616 4522/1957/2617
f 4665/1960/2618 4673/1893/2618 4545/1896/2619 4521/1961/2620
f 4557/1964/2621 4565/1889/2522 4544/1892/2525 4520/1965/2622
f 4523/1953/2614 4547/1885/2613 4543/1888/2623 4519/1967/2623
f 4521/1961/2620 4545/1896/2619 4564/1987/2624 4556/1988/2624
f 4509/1981/2607 4539/1980/2606 4563/1989/2625 4552/1990/2625
f 4515/1943/2596 4533/1926/2595 4561/1991/2626 4555/1992/2626
f 4501/1972/2588 4527/1944/2587 4558/1993/2627 4549/1994/2627
f 4554/1995/2628 4559/1996/2629 4550/1997/2629 4549/1998/2629 4558/1999/2629 4555/2000/2628
f 4539/1962/2579 4521/1961/2578 4556/1988/2630 4563/2001/2630
f 4527/1944/2566 4515/1943/2565 4555/1992/2631 4558/1993/2631
f 4554/1995/2628 4555/2000/2628 4561/2002/2632 4552/2003/2632 4553/2004/2632 4560/2005/2632
f 4552/2003/2633 4563/2006/2633 4556/2007/2633 4557/2008/2633 4562/2009/2633 4553/2004/2633
f 4533/1926/2553 4509/1925/2552 4552/2010/2634 4561/1991/2634
f 4499/1903/2532 4500/1891/2531 4548/1890/2635 4551/2011/2635
f 4498/1900/2529 4501/1899/2528 4549/2012/2636 4550/1973/2636
f 4545/1896/2637 4499/1895/2637 4551/2013/2637 4564/1987/2637
f 4556/2007/2638 4564/2014/2638 4551/2015/2638 4548/2016/2638 4565/2017/2638 4557/2008/2638
f 4637/2018/2623 4543/1888/2623 4496/1887/2623 4620/2019/2623
f 4619/2020/2639 4598/2021/2640 4568/2022/2641 4602/2023/2641
f 4655/2024/2642 4599/2025/2642 4567/2026/2642 4639/2027/2642
f 4638/2028/2643 4566/2029/2644 4569/2030/2645 4641/2031/2643
f 4639/2032/2646 4567/2033/2647 4568/2022/2648 4640/2034/2646
f 4623/2035/2649 4573/2036/2650 4570/2037/2650 4620/2019/2651
f 4622/2038/2536 4572/2039/2652 4571/2040/2653 4621/2041/2536
f 4636/2042/2654 4600/2043/2654 4573/2044/2654 4623/2045/2654
f 4654/2046/2655 4601/2047/2655 4570/2037/2655 4640/2034/2655
f 4651/2048/2656 4593/2049/2657 4577/2050/2658 4642/2051/2659
f 4633/2052/2547 4592/2053/2547 4576/2054/2547 4624/2055/2547
f 4650/2056/2660 4591/2057/2660 4575/2058/2660 4643/2059/2660
f 4614/2060/2661 4590/2061/2662 4574/2062/2663 4607/2063/2661
f 4632/2064/2557 4531/1932/2557 4507/1931/2557 4625/2065/2557
f 4631/2066/2559 4525/1936/2559 4513/1935/2559 4626/2067/2559
f 4613/2068/2664 4586/2069/2665 4578/2070/2666 4608/2071/2667
f 4649/2072/2668 4587/2073/2669 4579/2074/2670 4644/2075/2668
f 4630/2076/2671 4588/2077/2672 4580/2078/2673 4627/2079/2671
f 4648/2080/2674 4589/2081/2675 4581/2082/2676 4645/2083/2674
f 4653/2084/2677 4597/2085/2678 4585/2086/2679 4646/2087/2680
f 4635/2088/2681 4596/2089/2682 4584/2090/2683 4628/2091/2681
f 4652/2092/2684 4595/2093/2685 4583/2094/2686 4647/2095/2687
f 4616/2096/2688 4594/2097/2689 4582/2098/2690 4611/2099/2688
f 4634/2100/2583 4537/1968/2583 4519/1967/2583 4629/2101/2583
f 4638/2028/2691 4572/2039/2692 4589/2081/2675 4648/2080/2674
f 4621/2102/2693 4571/2103/2694 4588/2077/2695 4630/2076/2693
f 4641/2104/2696 4569/2105/2697 4587/2073/2698 4649/2072/2696
f 4604/2106/2699 4566/2029/2700 4586/2069/2665 4613/2068/2664
f 4622/2038/2559 4494/1906/2559 4525/1936/2559 4631/2066/2559
f 4626/2067/2559 4513/1935/2559 4531/1932/2559 4632/2064/2559
f 4608/2071/2667 4578/2070/2666 4590/2061/2701 4614/2060/2702
f 4644/2075/2703 4579/2074/2704 4591/2057/2705 4650/2056/2706
f 4627/2079/2707 4580/2078/2708 4592/2053/2709 4633/2052/2707
f 4645/2083/2674 4581/2082/2676 4593/2049/2710 4651/2048/2674
f 4625/2107/2600 4507/1975/2600 4537/1968/2600 4634/2100/2600
f 4607/2108/2711 4574/2109/2712 4594/2097/2713 4616/2096/2711
f 4643/2110/2714 4575/2111/2715 4595/2112/2716 4652/2113/2717
f 4624/2114/2718 4576/2115/2718 4596/2116/2718 4635/2117/2718
f 4642/2118/2719 4577/2119/2720 4597/2085/2721 4653/2084/2719
f 4646/2087/2722 4585/2086/2723 4601/2047/2724 4654/2046/2722
f 4628/2091/2725 4584/2090/2726 4600/2043/2727 4636/2042/2725
f 4647/2095/2728 4583/2094/2729 4599/2025/2730 4655/2024/2728
f 4611/2099/2731 4582/2098/2732 4598/2021/2640 4619/2020/2639
f 4629/2101/2623 4519/1967/2623 4543/1888/2623 4637/2018/2623
f 4583/2094/2729 4610/2120/2733 4618/2121/2733 4599/2025/2730
f 4575/2111/2715 4606/2122/2734 4617/2123/2734 4595/2112/2716
f 4579/2074/2704 4609/2124/2735 4615/2125/2735 4591/2057/2705
f 4569/2105/2697 4603/2126/2736 4612/2127/2736 4587/2073/2698
f 4608/2128/2737 4609/2129/2737 4612/2130/2738 4603/2131/2738 4604/2132/2738 4613/2133/2738
f 4595/2093/2685 4617/2134/2739 4610/2120/2739 4583/2094/2686
f 4587/2073/2669 4612/2127/2740 4609/2124/2740 4579/2074/2670
f 4608/2128/2737 4614/2135/2741 4607/2136/2741 4606/2137/2741 4615/2138/2741 4609/2129/2737
f 4606/2137/2742 4607/2136/2742 4616/2139/2742 4611/2140/2742 4610/2141/2742 4617/2142/2742
f 4591/2057/2743 4615/2125/2743 4606/2143/2743 4575/2058/2743
f 4567/2033/2647 4605/2144/2744 4602/2023/2744 4568/2022/2648
f 4566/2029/2644 4604/2106/2745 4603/2145/2745 4569/2030/2645
f 4599/2025/2746 4618/2121/2746 4605/2146/2746 4567/2026/2746
f 4610/2141/2747 4611/2140/2747 4619/2147/2747 4602/2148/2747 4605/2149/2747 4618/2150/2747
f 4585/2086/2723 4629/2101/2623 4637/2018/2623 4601/2047/2724
f 4518/1956/2748 4628/2091/2748 4636/2042/2748 4542/1910/2748
f 4506/1982/2749 4624/2114/2749 4635/2117/2749 4536/1983/2749
f 4577/2119/2720 4625/2107/2600 4634/2100/2600 4597/2085/2721
f 4512/1946/2750 4627/2079/2750 4633/2052/2750 4530/1919/2750
f 4581/2082/2676 4626/2067/2559 4632/2064/2559 4593/2049/2710
f 4572/2039/2692 4622/2038/2559 4631/2066/2559 4589/2081/2675
f 4497/1969/2751 4621/2102/2751 4630/2076/2751 4524/1945/2751
f 4597/2085/2678 4634/2100/2583 4629/2101/2583 4585/2086/2679
f 4536/1955/2752 4635/2088/2752 4628/2091/2752 4518/1956/2752
f 4524/1945/2753 4630/2076/2753 4627/2079/2753 4512/1946/2753
f 4589/2081/2675 4631/2066/2559 4626/2067/2559 4581/2082/2676
f 4593/2049/2657 4632/2064/2557 4625/2065/2557 4577/2050/2658
f 4530/1919/2547 4633/2052/2547 4624/2055/2547 4506/1920/2547
f 4542/1910/2539 4636/2042/2754 4623/2045/2754 4495/1911/2539
f 4494/1906/2536 4622/2038/2536 4621/2041/2536 4497/1907/2536
f 4495/1904/2533 4623/2035/2649 4620/2019/2651 4496/1887/2534
f 4601/2047/2755 4637/2018/2755 4620/2019/2755 4570/2037/2755
f 4584/2090/2726 4647/2095/2756 4655/2024/2756 4600/2043/2727
f 4582/2098/2732 4646/2087/2722 4654/2046/2722 4598/2021/2640
f 4574/2109/2712 4642/2118/2719 4653/2084/2719 4594/2097/2713
f 4576/2115/2757 4643/2110/2714 4652/2113/2717 4596/2116/2757
f 4578/2070/2666 4645/2083/2674 4651/2048/2674 4590/2061/2701
f 4580/2078/2708 4644/2075/2703 4650/2056/2706 4592/2053/2709
f 4571/2103/2694 4641/2104/2696 4649/2072/2696 4588/2077/2695
f 4566/2029/2700 4638/2028/2691 4648/2080/2674 4586/2069/2665
f 4596/2089/2682 4652/2092/2684 4647/2095/2687 4584/2090/2683
f 4594/2097/2689 4653/2084/2677 4646/2087/2680 4582/2098/2690
f 4586/2069/2665 4648/2080/2674 4645/2083/2674 4578/2070/2666
f 4588/2077/2672 4649/2072/2668 4644/2075/2668 4580/2078/2673
f 4592/2053/2758 4650/2056/2758 4643/2059/2758 4576/2054/2758
f 4590/2061/2662 4651/2048/2656 4642/2051/2659 4574/2062/2663
f 4598/2021/2759 4654/2046/2759 4640/2034/2759 4568/2022/2759
f 4573/2036/2760 4639/2032/2760 4640/2034/2760 4570/2037/2760
f 4572/2039/2652 4638/2028/2643 4641/2031/2643 4571/2040/2653
f 4600/2043/2761 4655/2024/2761 4639/2027/2761 4573/2044/2761
f 4522/1957/2617 4546/1913/2616 4673/1893/2762 4665/1960/2762
f 4520/1965/2622 4544/1892/2525 4672/1914/2612 4664/1952/2612
f 4508/1977/2603 4538/1966/2602 4671/1951/2611 4660/1986/2611
f 4510/1985/2610 4540/1984/2609 4670/1979/2605 4661/1978/2604
f 4514/1939/2562 4532/1930/2593 4669/1915/2568 4663/1950/2568
f 4516/1947/2763 4534/1922/2763 4668/1923/2763 4662/1942/2763
f 4503/1970/2764 4528/1948/2764 4667/1941/2764 4659/1971/2764
f 4498/1900/2590 4526/1940/2563 4666/1949/2568 4656/1897/2568
f 4540/1958/2575 4522/1957/2574 4665/1960/2577 4670/1959/2576
f 4538/1966/2582 4520/1965/2581 4664/1952/2570 4671/1951/2569
f 4526/1940/2563 4514/1939/2562 4663/1950/2568 4666/1949/2568
f 4528/1948/2765 4516/1947/2765 4662/1942/2765 4667/1941/2765
f 4534/1922/2549 4510/1921/2548 4661/1924/2551 4668/1923/2550
f 4532/1930/2556 4508/1929/2555 4660/1916/2544 4669/1915/2543
f 4544/1892/2525 4500/1891/2524 4658/1902/2612 4672/1914/2612
f 4505/1905/2766 4502/1886/2766 4658/1902/2766 4657/1901/2766
f 4504/1909/2538 4503/1908/2537 4659/1898/2527 4656/1897/2527
f 4546/1913/2541 4505/1912/2540 4657/1894/2767 4673/1893/2767
f 4727/1885/2768 4723/1888/2768 4676/1887/2768 4682/1886/2768
f 4745/1889/2769 4724/1892/2770 4680/1891/2771 4728/1890/2772
f 4853/1893/2773 4725/1896/2773 4679/1895/2773 4837/1894/2773
f 4836/1897/2774 4678/1900/2775 4681/1899/2776 4839/1898/2774
f 4837/1901/2777 4679/1903/2778 4680/1891/2779 4838/1902/2777
f 4675/1904/2780 4685/1905/2781 4682/1886/2781 4676/1887/2782
f 4674/1906/2783 4684/1909/2784 4683/1908/2785 4677/1907/2783
f 4722/1910/2786 4726/1913/2787 4685/1912/2788 4675/1911/2786
f 4852/1914/2789 4727/1885/2789 4682/1886/2789 4838/1902/2789
f 4849/1915/2790 4715/1918/2790 4691/1917/2790 4840/1916/2790
f 4710/1919/2791 4714/1922/2792 4690/1921/2793 4686/1920/2791
f 4848/1923/2794 4713/1926/2795 4689/1925/2796 4841/1924/2797
f 4740/1927/2798 4712/1930/2799 4688/1929/2800 4733/1928/2798
f 4715/1918/2801 4711/1932/2801 4687/1931/2801 4691/1917/2801
f 4709/1933/2802 4705/1936/2803 4693/1935/2803 4697/1934/2802
f 4739/1937/2804 4706/1940/2805 4694/1939/2806 4734/1938/2807
f 4847/1941/2808 4707/1944/2809 4695/1943/2810 4842/1942/2808
f 4704/1945/2811 4708/1948/2811 4696/1947/2811 4692/1946/2811
f 4846/1949/2812 4709/1933/2802 4697/1934/2802 4843/1950/2812
f 4851/1951/2813 4721/1954/2814 4703/1953/2815 4844/1952/2816
f 4716/1955/2817 4720/1958/2818 4702/1957/2819 4698/1956/2817
f 4850/1959/2820 4719/1962/2821 4701/1961/2822 4845/1960/2823
f 4742/1963/2824 4718/1966/2825 4700/1965/2826 4737/1964/2824
f 4721/1954/2814 4717/1968/2827 4699/1967/2827 4703/1953/2815
f 4836/1897/2812 4684/1909/2828 4709/1933/2802 4846/1949/2812
f 4677/1969/2829 4683/1970/2829 4708/1948/2829 4704/1945/2829
f 4839/1971/2830 4681/1972/2831 4707/1944/2832 4847/1941/2830
f 4730/1973/2833 4678/1900/2834 4706/1940/2805 4739/1937/2804
f 4684/1909/2828 4674/1906/2803 4705/1936/2803 4709/1933/2802
f 4697/1934/2802 4693/1935/2803 4711/1932/2803 4715/1918/2835
f 4734/1938/2807 4694/1939/2806 4712/1930/2836 4740/1927/2837
f 4842/1942/2838 4695/1943/2839 4713/1926/2840 4848/1923/2838
f 4692/1946/2841 4696/1947/2841 4714/1922/2841 4710/1919/2841
f 4843/1950/2812 4697/1934/2802 4715/1918/2835 4849/1915/2812
f 4691/1974/2842 4687/1975/2843 4717/1968/2843 4721/1954/2844
f 4733/1976/2845 4688/1977/2846 4718/1966/2847 4742/1963/2845
f 4841/1978/2848 4689/1981/2849 4719/1980/2850 4850/1979/2851
f 4686/1982/2852 4690/1985/2853 4720/1984/2854 4716/1983/2852
f 4840/1986/2855 4691/1974/2842 4721/1954/2844 4851/1951/2855
f 4844/1952/2856 4703/1953/2857 4727/1885/2858 4852/1914/2856
f 4698/1956/2859 4702/1957/2859 4726/1913/2859 4722/1910/2859
f 4845/1960/2860 4701/1961/2861 4725/1896/2862 4853/1893/2860
f 4737/1964/2863 4700/1965/2864 4724/1892/2770 4745/1889/2769
f 4703/1953/2857 4699/1967/2865 4723/1888/2865 4727/1885/2858
f 4701/1961/2861 4736/1988/2866 4744/1987/2866 4725/1896/2862
f 4689/1981/2849 4732/1990/2867 4743/1989/2867 4719/1980/2850
f 4695/1943/2839 4735/1992/2868 4741/1991/2868 4713/1926/2840
f 4681/1972/2831 4729/1994/2869 4738/1993/2869 4707/1944/2832
f 4734/1995/2870 4735/2000/2870 4738/1999/2871 4729/1998/2871 4730/1997/2871 4739/1996/2871
f 4719/1962/2821 4743/2001/2872 4736/1988/2872 4701/1961/2822
f 4707/1944/2809 4738/1993/2873 4735/1992/2873 4695/1943/2810
f 4734/1995/2870 4740/2005/2874 4733/2004/2874 4732/2003/2874 4741/2002/2874 4735/2000/2870
f 4732/2003/2875 4733/2004/2875 4742/2009/2875 4737/2008/2875 4736/2007/2875 4743/2006/2875
f 4713/1926/2795 4741/1991/2876 4732/2010/2876 4689/1925/2796
f 4679/1903/2778 4731/2011/2877 4728/1890/2877 4680/1891/2779
f 4678/1900/2775 4730/1973/2878 4729/2012/2878 4681/1899/2776
f 4725/1896/2879 4744/1987/2879 4731/2013/2879 4679/1895/2879
f 4736/2007/2880 4737/2008/2880 4745/2017/2880 4728/2016/2880 4731/2015/2880 4744/2014/2880
f 4817/2018/2865 4800/2019/2865 4676/1887/2865 4723/1888/2865
f 4799/2020/2881 4782/2023/2882 4748/2022/2882 4778/2021/2883
f 4835/2024/2884 4819/2027/2884 4747/2026/2885 4779/2025/2886
f 4818/2028/2887 4821/2031/2887 4749/2030/2888 4746/2029/2889
f 4819/2032/2890 4820/2034/2890 4748/2022/2891 4747/2033/2892
f 4803/2035/2893 4800/2019/2893 4750/2037/2894 4753/2036/2894
f 4802/2038/2783 4801/2041/2783 4751/2040/2895 4752/2039/2896
f 4816/2042/2897 4803/2045/2897 4753/2044/2897 4780/2043/2897
f 4834/2046/2898 4820/2034/2898 4750/2037/2898 4781/2047/2898
f 4831/2048/2899 4822/2051/2899 4757/2050/2899 4773/2049/2899
f 4813/2052/2791 4804/2055/2791 4756/2054/2791 4772/2053/2791
f 4830/2056/2900 4823/2059/2900 4755/2058/2900 4771/2057/2900
f 4794/2060/2901 4787/2063/2901 4754/2062/2902 4770/2061/2903
f 4812/2064/2801 4805/2065/2801 4687/1931/2801 4711/1932/2801
f 4811/2066/2803 4806/2067/2803 4693/1935/2803 4705/1936/2803
f 4793/2068/2904 4788/2071/2905 4758/2070/2906 4766/2069/2907
f 4829/2072/2908 4824/2075/2908 4759/2074/2909 4767/2073/2910
f 4810/2076/2911 4807/2079/2911 4760/2078/2912 4768/2077/2913
f 4828/2080/2914 4825/2083/2914 4761/2082/2915 4769/2081/2916
f 4833/2084/2917 4826/2087/2918 4765/2086/2919 4777/2085/2920
f 4815/2088/2921 4808/2091/2921 4764/2090/2922 4776/2089/2923
f 4832/2092/2924 4827/2095/2925 4763/2094/2926 4775/2093/2927
f 4796/2096/2928 4791/2099/2928 4762/2098/2929 4774/2097/2930
f 4814/2100/2827 4809/2101/2827 4699/1967/2827 4717/1968/2827
f 4818/2028/2931 4828/2080/2914 4769/2081/2916 4752/2039/2932
f 4801/2102/2933 4810/2076/2933 4768/2077/2934 4751/2103/2935
f 4821/2104/2936 4829/2072/2936 4767/2073/2937 4749/2105/2938
f 4784/2106/2939 4793/2068/2904 4766/2069/2907 4746/2029/2940
f 4802/2038/2803 4811/2066/2803 4705/1936/2803 4674/1906/2803
f 4806/2067/2803 4812/2064/2803 4711/1932/2803 4693/1935/2803
f 4788/2071/2905 4794/2060/2941 4770/2061/2942 4758/2070/2906
f 4824/2075/2943 4830/2056/2943 4771/2057/2944 4759/2074/2945
f 4807/2079/2946 4813/2052/2946 4772/2053/2947 4760/2078/2948
f 4825/2083/2914 4831/2048/2914 4773/2049/2949 4761/2082/2915
f 4805/2107/2843 4814/2100/2843 4717/1968/2843 4687/1975/2843
f 4787/2108/2950 4796/2096/2950 4774/2097/2951 4754/2109/2952
f 4823/2110/2953 4832/2113/2954 4775/2112/2955 4755/2111/2956
f 4804/2114/2957 4815/2117/2957 4776/2116/2957 4756/2115/2957
f 4822/2118/2958 4833/2084/2958 4777/2085/2959 4757/2119/2960
f 4826/2087/2961 4834/2046/2961 4781/2047/2962 4765/2086/2963
f 4808/2091/2964 4816/2042/2964 4780/2043/2965 4764/2090/2966
f 4827/2095/2967 4835/2024/2967 4779/2025/2968 4763/2094/2969
f 4791/2099/2970 4799/2020/2881 4778/2021/2883 4762/2098/2971
f 4809/2101/2865 4817/2018/2865 4723/1888/2865 4699/1967/2865
f 4763/2094/2969 4779/2025/2968 4798/2121/2972 4790/2120/2972
f 4755/2111/2956 4775/2112/2955 4797/2123/2973 4786/2122/2973
f 4759/2074/2945 4771/2057/2944 4795/2125/2974 4789/2124/2974
f 4749/2105/2938 4767/2073/2937 4792/2127/2975 4783/2126/2975
f 4788/2128/2976 4793/2133/2977 4784/2132/2977 4783/2131/2977 4792/2130/2977 4789/2129/2976
f 4775/2093/2927 4763/2094/2926 4790/2120/2978 4797/2134/2978
f 4767/2073/2910 4759/2074/2909 4789/2124/2979 4792/2127/2979
f 4788/2128/2976 4789/2129/2976 4795/2138/2980 4786/2137/2980 4787/2136/2980 4794/2135/2980
f 4786/2137/2981 4797/2142/2981 4790/2141/2981 4791/2140/2981 4796/2139/2981 4787/2136/2981
f 4771/2057/2982 4755/2058/2982 4786/2143/2982 4795/2125/2982
f 4747/2033/2892 4748/2022/2891 4782/2023/2983 4785/2144/2983
f 4746/2029/2889 4749/2030/2888 4783/2145/2984 4784/2106/2984
f 4779/2025/2886 4747/2026/2885 4785/2146/2985 4798/2121/2985
f 4790/2141/2986 4798/2150/2986 4785/2149/2986 4782/2148/2986 4799/2147/2986 4791/2140/2986
f 4765/2086/2963 4781/2047/2962 4817/2018/2865 4809/2101/2865
f 4698/1956/2987 4722/1910/2987 4816/2042/2987 4808/2091/2987
f 4686/1982/2988 4716/1983/2988 4815/2117/2988 4804/2114/2988
f 4757/2119/2960 4777/2085/2959 4814/2100/2843 4805/2107/2843
f 4692/1946/2989 4710/1919/2989 4813/2052/2989 4807/2079/2989
f 4761/2082/2915 4773/2049/2949 4812/2064/2803 4806/2067/2803
f 4752/2039/2932 4769/2081/2916 4811/2066/2803 4802/2038/2803
f 4677/1969/2990 4704/1945/2990 4810/2076/2990 4801/2102/2990
f 4777/2085/2920 4765/2086/2919 4809/2101/2827 4814/2100/2827
f 4716/1955/2991 4698/1956/2991 4808/2091/2991 4815/2088/2991
f 4704/1945/2992 4692/1946/2992 4807/2079/2992 4810/2076/2992
f 4769/2081/2916 4761/2082/2915 4806/2067/2803 4811/2066/2803
f 4773/2049/2801 4757/2050/2801 4805/2065/2801 4812/2064/2801
f 4710/1919/2791 4686/1920/2791 4804/2055/2791 4813/2052/2791
f 4722/1910/2786 4675/1911/2786 4803/2045/2993 4816/2042/2993
f 4674/1906/2783 4677/1907/2783 4801/2041/2783 4802/2038/2783
f 4675/1904/2780 4676/1887/2782 4800/2019/2893 4803/2035/2893
f 4781/2047/2994 4750/2037/2994 4800/2019/2994 4817/2018/2994
f 4764/2090/2966 4780/2043/2965 4835/2024/2995 4827/2095/2995
f 4762/2098/2971 4778/2021/2883 4834/2046/2961 4826/2087/2961
f 4754/2109/2952 4774/2097/2951 4833/2084/2958 4822/2118/2958
f 4756/2115/2996 4776/2116/2996 4832/2113/2954 4823/2110/2953
f 4758/2070/2906 4770/2061/2942 4831/2048/2914 4825/2083/2914
f 4760/2078/2948 4772/2053/2947 4830/2056/2943 4824/2075/2943
f 4751/2103/2935 4768/2077/2934 4829/2072/2936 4821/2104/2936
f 4746/2029/2940 4766/2069/2907 4828/2080/2914 4818/2028/2931
f 4776/2089/2923 4764/2090/2922 4827/2095/2925 4832/2092/2924
f 4774/2097/2930 4762/2098/2929 4826/2087/2918 4833/2084/2917
f 4766/2069/2907 4758/2070/2906 4825/2083/2914 4828/2080/2914
f 4768/2077/2913 4760/2078/2912 4824/2075/2908 4829/2072/2908
f 4772/2053/2997 4756/2054/2997 4823/2059/2997 4830/2056/2997
f 4770/2061/2903 4754/2062/2902 4822/2051/2998 4831/2048/2998
f 4778/2021/2999 4748/2022/2999 4820/2034/2999 4834/2046/2999
f 4753/2036/3000 4750/2037/3000 4820/2034/3000 4819/2032/3000
f 4752/2039/2896 4751/2040/2895 4821/2031/2887 4818/2028/2887
f 4780/2043/3001 4753/2044/3001 4819/2027/3001 4835/2024/3001
f 4702/1957/3002 4845/1960/3002 4853/1893/3002 4726/1913/3002
f 4700/1965/2864 4844/1952/2856 4852/1914/2856 4724/1892/2770
f 4688/1977/2846 4840/1986/2855 4851/1951/2855 4718/1966/2847
f 4690/1985/2853 4841/1978/2848 4850/1979/2851 4720/1984/2854
f 4694/1939/2806 4843/1950/2812 4849/1915/2812 4712/1930/2836
f 4696/1947/3003 4842/1942/3003 4848/1923/3003 4714/1922/3003
f 4683/1970/3004 4839/1971/3004 4847/1941/3004 4708/1948/3004
f 4678/1900/2834 4836/1897/2812 4846/1949/2812 4706/1940/2805
f 4720/1958/2818 4850/1959/2820 4845/1960/2823 4702/1957/2819
f 4718/1966/2825 4851/1951/2813 4844/1952/2816 4700/1965/2826
f 4706/1940/2805 4846/1949/2812 4843/1950/2812 4694/1939/2806
f 4708/1948/3005 4847/1941/3005 4842/1942/3005 4696/1947/3005
f 4714/1922/2792 4848/1923/2794 4841/1924/2797 4690/1921/2793
f 4712/1930/2799 4849/1915/3006 4840/1916/3006 4688/1929/2800
f 4724/1892/2770 4852/1914/2856 4838/1902/2856 4680/1891/2771
f 4685/1905/3007 4837/1901/3007 4838/1902/3007 4682/1886/3007
f 4684/1909/2784 4836/1897/2774 4839/1898/2774 4683/1908/2785
f 4726/1913/2787 4853/1893/3008 4837/1894/3008 4685/1912/2788
f 4907/1885/3009 4862/1886/3009 4856/1887/3009 4903/1888/3009
f 4925/1889/3010 4908/1890/3011 4860/1891/3012 4904/1892/3013
f 5033/1893/3014 5017/1894/3014 4859/1895/3014 4905/1896/3014
f 5016/1897/3015 5019/1898/3015 4861/1899/3016 4858/1900/3017
f 5017/1901/3018 5018/1902/3018 4860/1891/3019 4859/1903/3020
f 4855/1904/3021 4856/1887/3022 4862/1886/3023 4865/1905/3023
f 4854/1906/3024 4857/1907/3024 4863/1908/3025 4864/1909/3026
f 4902/1910/3027 4855/1911/3028 4865/1912/3029 4906/1913/3030
f 5032/1914/3031 5018/1902/3031 4862/1886/3031 4907/1885/3031
f 5029/1915/3032 5020/1916/3033 4871/1917/3034 4895/1918/3034
f 4890/1919/3035 4866/1920/3035 4870/1921/3036 4894/1922/3037
f 5028/1923/3038 5021/1924/3039 4869/1925/3040 4893/1926/3041
f 4920/1927/3042 4913/1928/3042 4868/1929/3043 4892/1930/3044
f 4895/1918/3045 4871/1917/3045 4867/1931/3045 4891/1932/3045
f 4889/1933/3046 4877/1934/3046 4873/1935/3047 4885/1936/3047
f 4919/1937/3048 4914/1938/3049 4874/1939/3050 4886/1940/3051
f 5027/1941/3052 5022/1942/3052 4875/1943/3053 4887/1944/3054
f 4884/1945/3055 4872/1946/3055 4876/1947/3055 4888/1948/3055
f 5026/1949/3056 5023/1950/3056 4877/1934/3046 4889/1933/3046
f 5031/1951/3057 5024/1952/3058 4883/1953/3059 4901/1954/3060
f 4896/1955/3061 4878/1956/3061 4882/1957/3062 4900/1958/3063
f 5030/1959/3064 5025/1960/3065 4881/1961/3066 4899/1962/3067
f 4922/1963/3068 4917/1964/3068 4880/1965/3069 4898/1966/3070
f 4901/1954/3060 4883/1953/3059 4879/1967/3071 4897/1968/3071
f 5016/1897/3056 5026/1949/3056 4889/1933/3046 4864/1909/3072
f 4857/1969/3073 4884/1945/3073 4888/1948/3073 4863/1970/3073
f 5019/1971/3074 5027/1941/3074 4887/1944/3075 4861/1972/3076
f 4910/1973/3077 4919/1937/3048 4886/1940/3051 4858/1900/3078
f 4864/1909/3072 4889/1933/3046 4885/1936/3047 4854/1906/3047
f 4877/1934/3046 4895/1918/3079 4891/1932/3047 4873/1935/3047
f 4914/1938/3049 4920/1927/3080 4892/1930/3081 4874/1939/3050
f 5022/1942/3082 5028/1923/3082 4893/1926/3083 4875/1943/3084
f 4872/1946/3085 4890/1919/3085 4894/1922/3085 4876/1947/3085
f 5023/1950/3056 5029/1915/3056 4895/1918/3079 4877/1934/3046
f 4871/1974/3086 4901/1954/3087 4897/1968/3088 4867/1975/3088
f 4913/1976/3089 4922/1963/3089 4898/1966/3090 4868/1977/3090
f 5021/1978/3091 5030/1979/3092 4899/1980/3093 4869/1981/3094
f 4866/1982/3095 4896/1983/3095 4900/1984/3096 4870/1985/3097
f 5020/1986/3098 5031/1951/3098 4901/1954/3087 4871/1974/3086
f 5024/1952/3099 5032/1914/3099 4907/1885/3100 4883/1953/3101
f 4878/1956/3102 4902/1910/3102 4906/1913/3103 4882/1957/3104
f 5025/1960/3105 5033/1893/3105 4905/1896/3106 4881/1961/3107
f 4917/1964/3108 4925/1889/3010 4904/1892/3013 4880/1965/3109
f 4883/1953/3101 4907/1885/3100 4903/1888/3110 4879/1967/3110
f 4881/1961/3107 4905/1896/3106 4924/1987/3111 4916/1988/3111
f 4869/1981/3094 4899/1980/3093 4923/1989/3112 4912/1990/3112
f 4875/1943/3084 4893/1926/3083 4921/1991/3113 4915/1992/3113
f 4861/1972/3076 4887/1944/3075 4918/1993/3114 4909/1994/3114
f 4914/1995/3115 4919/1996/3116 4910/1997/3116 4909/1998/3116 4918/1999/3116 4915/2000/3117
f 4899/1962/3067 4881/1961/3066 4916/1988/3118 4923/2001/3118
f 4887/1944/3054 4875/1943/3053 4915/1992/3119 4918/1993/3119
f 4914/1995/3115 4915/2000/3117 4921/2002/3120 4912/2003/3120 4913/2004/3120 4920/2005/3120
f 4912/2003/3121 4923/2006/3121 4916/2007/3121 4917/2008/3121 4922/2009/3121 4913/2004/3121
f 4893/1926/3041 4869/1925/3040 4912/2010/3122 4921/1991/3122
f 4859/1903/3020 4860/1891/3019 4908/1890/3123 4911/2011/3123
f 4858/1900/3017 4861/1899/3016 4909/2012/3124 4910/1973/3124
f 4905/1896/3125 4859/1895/3125 4911/2013/3125 4924/1987/3125
f 4916/2007/3126 4924/2014/3126 4911/2015/3126 4908/2016/3126 4925/2017/3126 4917/2008/3126
f 4997/2018/3110 4903/1888/3110 4856/1887/3110 4980/2019/3110
f 4979/2020/3127 4958/2021/3128 4928/2022/3129 4962/2023/3130
f 5015/2024/3131 4959/2025/3132 4927/2026/3133 4999/2027/3131
f 4998/2028/3134 4926/2029/3135 4929/2030/3136 5001/2031/3134
f 4999/2032/3021 4927/2033/3137 4928/2022/3138 5000/2034/3021
f 4983/2035/3139 4933/2036/3140 4930/2037/3140 4980/2019/3141
f 4982/2038/3024 4932/2039/3142 4931/2040/3143 4981/2041/3024
f 4996/2042/3144 4960/2043/3144 4933/2044/3144 4983/2045/3144
f 5014/2046/3145 4961/2047/3145 4930/2037/3145 5000/2034/3145
f 5011/2048/3146 4953/2049/3147 4937/2050/3147 5002/2051/3148
f 4993/2052/3035 4952/2053/3035 4936/2054/3035 4984/2055/3035
f 5010/2056/3149 4951/2057/3150 4935/2058/3151 5003/2059/3149
f 4974/2060/3152 4950/2061/3153 4934/2062/3154 4967/2063/3152
f 4992/2064/3045 4891/1932/3045 4867/1931/3045 4985/2065/3045
f 4991/2066/3047 4885/1936/3047 4873/1935/3047 4986/2067/3047
f 4973/2068/3155 4946/2069/3156 4938/2070/3157 4968/2071/3158
f 5009/2072/3159 4947/2073/3160 4939/2074/3161 5004/2075/3159
f 4990/2076/3162 4948/2077/3163 4940/2078/3164 4987/2079/3162
f 5008/2080/3165 4949/2081/3166 4941/2082/3166 5005/2083/3165
f 5013/2084/3167 4957/2085/3168 4945/2086/3169 5006/2087/3170
f 4995/2088/3171 4956/2089/3172 4944/2090/3173 4988/2091/3171
f 5012/2092/3174 4955/2093/3175 4943/2094/3176 5007/2095/3177
f 4976/2096/3178 4954/2097/3179 4942/2098/3180 4971/2099/3178
f 4994/2100/3071 4897/1968/3071 4879/1967/3071 4989/2101/3071
f 4998/2028/3165 4932/2039/3181 4949/2081/3166 5008/2080/3165
f 4981/2102/3182 4931/2103/3183 4948/2077/3184 4990/2076/3182
f 5001/2104/3185 4929/2105/3186 4947/2073/3187 5009/2072/3185
f 4964/2106/3188 4926/2029/3189 4946/2069/3156 4973/2068/3155
f 4982/2038/3047 4854/1906/3047 4885/1936/3047 4991/2066/3047
f 4986/2067/3047 4873/1935/3047 4891/1932/3047 4992/2064/3047
f 4968/2071/3158 4938/2070/3157 4950/2061/3190 4974/2060/3191
f 5004/2075/3192 4939/2074/3193 4951/2057/3194 5010/2056/3195
f 4987/2079/3196 4940/2078/3197 4952/2053/3198 4993/2052/3196
f 5005/2083/3165 4941/2082/3166 4953/2049/3199 5011/2048/3165
f 4985/2107/3088 4867/1975/3088 4897/1968/3088 4994/2100/3088
f 4967/2108/3200 4934/2109/3201 4954/2097/3202 4976/2096/3200
f 5003/2110/3203 4935/2111/3204 4955/2112/3205 5012/2113/3206
f 4984/2114/3207 4936/2115/3207 4956/2116/3207 4995/2117/3207
f 5002/2118/3208 4937/2119/3209 4957/2085/3210 5013/2084/3208
f 5006/2087/3211 4945/2086/3212 4961/2047/3213 5014/2046/3214
f 4988/2091/3215 4944/2090/3216 4960/2043/3216 4996/2042/3215
f 5007/2095/3217 4943/2094/3218 4959/2025/3219 5015/2024/3220
f 4971/2099/3221 4942/2098/3222 4958/2021/3128 4979/2020/3127
f 4989/2101/3110 4879/1967/3110 4903/1888/3110 4997/2018/3110
f 4943/2094/3218 4970/2120/3223 4978/2121/3223 4959/2025/3219
f 4935/2111/3204 4966/2122/3224 4977/2123/3224 4955/2112/3205
f 4939/2074/3193 4969/2124/3225 4975/2125/3225 4951/2057/3194
f 4929/2105/3186 4963/2126/3226 4972/2127/3226 4947/2073/3187
f 4968/2128/3227 4969/2129/3228 4972/2130/3229 4963/2131/3229 4964/2132/3229 4973/2133/3229
f 4955/2093/3175 4977/2134/3230 4970/2120/3230 4943/2094/3176
f 4947/2073/3160 4972/2127/3231 4969/2124/3231 4939/2074/3161
f 4968/2128/3227 4974/2135/3232 4967/2136/3232 4966/2137/3232 4975/2138/3232 4969/2129/3228
f 4966/2137/3233 4967/2136/3233 4976/2139/3233 4971/2140/3233 4970/2141/3233 4977/2142/3233
f 4951/2057/3150 4975/2125/3234 4966/2143/3234 4935/2058/3151
f 4927/2033/3137 4965/2144/3235 4962/2023/3235 4928/2022/3138
f 4926/2029/3135 4964/2106/3236 4963/2145/3236 4929/2030/3136
f 4959/2025/3132 4978/2121/3237 4965/2146/3237 4927/2026/3133
f 4970/2141/3238 4971/2140/3238 4979/2147/3238 4962/2148/3238 4965/2149/3238 4978/2150/3238
f 4945/2086/3212 4989/2101/3110 4997/2018/3110 4961/2047/3213
f 4878/1956/3239 4988/2091/3239 4996/2042/3239 4902/1910/3239
f 4866/1982/3240 4984/2114/3240 4995/2117/3240 4896/1983/3240
f 4937/2119/3209 4985/2107/3088 4994/2100/3088 4957/2085/3210
f 4872/1946/3241 4987/2079/3241 4993/2052/3241 4890/1919/3241
f 4941/2082/3166 4986/2067/3047 4992/2064/3047 4953/2049/3199
f 4932/2039/3181 4982/2038/3047 4991/2066/3047 4949/2081/3166
f 4857/1969/3242 4981/2102/3242 4990/2076/3242 4884/1945/3242
f 4957/2085/3168 4994/2100/3071 4989/2101/3071 4945/2086/3169
f 4896/1955/3243 4995/2088/3243 4988/2091/3243 4878/1956/3243
f 4884/1945/3244 4990/2076/3244 4987/2079/3244 4872/1946/3244
f 4949/2081/3166 4991/2066/3047 4986/2067/3047 4941/2082/3166
f 4953/2049/3045 4992/2064/3045 4985/2065/3045 4937/2050/3045
f 4890/1919/3035 4993/2052/3035 4984/2055/3035 4866/1920/3035
f 4902/1910/3027 4996/2042/3245 4983/2045/3245 4855/1911/3028
f 4854/1906/3024 4982/2038/3024 4981/2041/3024 4857/1907/3024
f 4855/1904/3021 4983/2035/3139 4980/2019/3141 4856/1887/3022
f 4961/2047/3246 4997/2018/3246 4980/2019/3246 4930/2037/3246
f 4944/2090/3216 5007/2095/3217 5015/2024/3220 4960/2043/3216
f 4942/2098/3222 5006/2087/3211 5014/2046/3214 4958/2021/3128
f 4934/2109/3201 5002/2118/3208 5013/2084/3208 4954/2097/3202
f 4936/2115/3247 5003/2110/3203 5012/2113/3206 4956/2116/3247
f 4938/2070/3157 5005/2083/3165 5011/2048/3165 4950/2061/3190
f 4940/2078/3197 5004/2075/3192 5010/2056/3195 4952/2053/3198
f 4931/2103/3183 5001/2104/3185 5009/2072/3185 4948/2077/3184
f 4926/2029/3189 4998/2028/3165 5008/2080/3165 4946/2069/3156
f 4956/2089/3172 5012/2092/3174 5007/2095/3177 4944/2090/3173
f 4954/2097/3179 5013/2084/3167 5006/2087/3170 4942/2098/3180
f 4946/2069/3156 5008/2080/3165 5005/2083/3165 4938/2070/3157
f 4948/2077/3163 5009/2072/3159 5004/2075/3159 4940/2078/3164
f 4952/2053/3248 5010/2056/3248 5003/2059/3248 4936/2054/3248
f 4950/2061/3153 5011/2048/3146 5002/2051/3148 4934/2062/3154
f 4958/2021/3128 5014/2046/3214 5000/2034/3249 4928/2022/3129
f 4933/2036/3250 4999/2032/3250 5000/2034/3250 4930/2037/3250
f 4932/2039/3142 4998/2028/3134 5001/2031/3134 4931/2040/3143
f 4960/2043/3251 5015/2024/3251 4999/2027/3251 4933/2044/3251
f 4882/1957/3104 4906/1913/3103 5033/1893/3252 5025/1960/3252
f 4880/1965/3109 4904/1892/3013 5032/1914/3099 5024/1952/3099
f 4868/1977/3090 4898/1966/3090 5031/1951/3098 5020/1986/3098
f 4870/1985/3097 4900/1984/3096 5030/1979/3092 5021/1978/3091
f 4874/1939/3050 4892/1930/3081 5029/1915/3056 5023/1950/3056
f 4876/1947/3253 4894/1922/3253 5028/1923/3253 5022/1942/3253
f 4863/1970/3254 4888/1948/3254 5027/1941/3254 5019/1971/3254
f 4858/1900/3078 4886/1940/3051 5026/1949/3056 5016/1897/3056
f 4900/1958/3063 4882/1957/3062 5025/1960/3065 5030/1959/3064
f 4898/1966/3070 4880/1965/3069 5024/1952/3058 5031/1951/3057
f 4886/1940/3051 4874/1939/3050 5023/1950/3056 5026/1949/3056
f 4888/1948/3255 4876/1947/3255 5022/1942/3255 5027/1941/3255
f 4894/1922/3037 4870/1921/3036 5021/1924/3039 5028/1923/3038
f 4892/1930/3044 4868/1929/3043 5020/1916/3033 5029/1915/3032
f 4904/1892/3013 4860/1891/3012 5018/1902/3099 5032/1914/3099
f 4865/1905/3256 4862/1886/3256 5018/1902/3256 5017/1901/3256
f 4864/1909/3026 4863/1908/3025 5019/1898/3015 5016/1897/3015
f 4906/1913/3030 4865/1912/3029 5017/1894/3257 5033/1893/3257
f 5087/1885/3258 5083/1888/3258 5036/1887/3258 5042/1886/3258
f 5105/1889/3259 5084/1892/3260 5040/1891/3261 5088/1890/3262
f 5213/1893/3263 5085/1896/3263 5039/1895/3263 5197/1894/3263
f 5196/1897/3264 5038/1900/3265 5041/1899/3266 5199/1898/3264
f 5197/1901/3267 5039/1903/3268 5040/1891/3269 5198/1902/3267
f 5035/1904/3270 5045/1905/3271 5042/1886/3271 5036/1887/3272
f 5034/1906/3273 5044/1909/3274 5043/1908/3275 5037/1907/3273
f 5082/1910/3276 5086/1913/3277 5045/1912/3278 5035/1911/3279
f 5212/1914/3280 5087/1885/3280 5042/1886/3280 5198/1902/3280
f 5209/1915/3281 5075/1918/3282 5051/1917/3282 5200/1916/3283
f 5070/1919/3284 5074/1922/3285 5050/1921/3286 5046/1920/3284
f 5208/1923/3287 5073/1926/3288 5049/1925/3289 5201/1924/3290
f 5100/1927/3291 5072/1930/3292 5048/1929/3293 5093/1928/3291
f 5075/1918/3294 5071/1932/3294 5047/1931/3294 5051/1917/3294
f 5069/1933/3295 5065/1936/3296 5053/1935/3296 5057/1934/3295
f 5099/1937/3297 5066/1940/3298 5054/1939/3299 5094/1938/3300
f 5207/1941/3301 5067/1944/3302 5055/1943/3303 5202/1942/3301
f 5064/1945/3304 5068/1948/3304 5056/1947/3304 5052/1946/3304
f 5206/1949/3305 5069/1933/3295 5057/1934/3295 5203/1950/3305
f 5211/1951/3306 5081/1954/3307 5063/1953/3308 5204/1952/3309
f 5076/1955/3310 5080/1958/3311 5062/1957/3312 5058/1956/3310
f 5210/1959/3313 5079/1962/3314 5061/1961/3315 5205/1960/3316
f 5102/1963/3317 5078/1966/3318 5060/1965/3319 5097/1964/3317
f 5081/1954/3307 5077/1968/3320 5059/1967/3320 5063/1953/3308
f 5196/1897/3321 5044/1909/3322 5069/1933/3295 5206/1949/3305
f 5037/1969/3323 5043/1970/3323 5068/1948/3323 5064/1945/3323
f 5199/1971/3324 5041/1972/3325 5067/1944/3326 5207/1941/3324
f 5090/1973/3327 5038/1900/3328 5066/1940/3298 5099/1937/3297
f 5044/1909/3322 5034/1906/3296 5065/1936/3296 5069/1933/3295
f 5057/1934/3295 5053/1935/3296 5071/1932/3296 5075/1918/3329
f 5094/1938/3300 5054/1939/3299 5072/1930/3330 5100/1927/3331
f 5202/1942/3332 5055/1943/3333 5073/1926/3334 5208/1923/3332
f 5052/1946/3335 5056/1947/3335 5074/1922/3335 5070/1919/3335
f 5203/1950/3305 5057/1934/3295 5075/1918/3329 5209/1915/3321
f 5051/1974/3336 5047/1975/3337 5077/1968/3337 5081/1954/3338
f 5093/1976/3339 5048/1977/3340 5078/1966/3340 5102/1963/3339
f 5201/1978/3341 5049/1981/3342 5079/1980/3343 5210/1979/3344
f 5046/1982/3345 5050/1985/3346 5080/1984/3347 5076/1983/3345
f 5200/1986/3348 5051/1974/3336 5081/1954/3338 5211/1951/3348
f 5204/1952/3349 5063/1953/3350 5087/1885/3351 5212/1914/3349
f 5058/1956/3352 5062/1957/3353 5086/1913/3354 5082/1910/3352
f 5205/1960/3355 5061/1961/3356 5085/1896/3357 5213/1893/3355
f 5097/1964/3358 5060/1965/3359 5084/1892/3260 5105/1889/3259
f 5063/1953/3350 5059/1967/3360 5083/1888/3360 5087/1885/3351
f 5061/1961/3356 5096/1988/3361 5104/1987/3361 5085/1896/3357
f 5049/1981/3342 5092/1990/3362 5103/1989/3362 5079/1980/3343
f 5055/1943/3333 5095/1992/3363 5101/1991/3363 5073/1926/3334
f 5041/1972/3325 5089/1994/3364 5098/1993/3364 5067/1944/3326
f 5094/1995/3365 5095/2000/3366 5098/1999/3367 5089/1998/3367 5090/1997/3367 5099/1996/3367
f 5079/1962/3314 5103/2001/3368 5096/1988/3368 5061/1961/3315
f 5067/1944/3302 5098/1993/3369 5095/1992/3369 5055/1943/3303
f 5094/1995/3365 5100/2005/3370 5093/2004/3370 5092/2003/3370 5101/2002/3370 5095/2000/3366
f 5092/2003/3371 5093/2004/3371 5102/2009/3371 5097/2008/3371 5096/2007/3371 5103/2006/3371
f 5073/1926/3288 5101/1991/3372 5092/2010/3372 5049/1925/3289
f 5039/1903/3268 5091/2011/3373 5088/1890/3373 5040/1891/3269
f 5038/1900/3265 5090/1973/3374 5089/2012/3374 5041/1899/3266
f 5085/1896/3375 5104/1987/3375 5091/2013/3375 5039/1895/3375
f 5096/2007/3376 5097/2008/3376 5105/2017/3376 5088/2016/3376 5091/2015/3376 5104/2014/3376
f 5177/2018/3360 5160/2019/3360 5036/1887/3360 5083/1888/3360
f 5159/2020/3377 5142/2023/3378 5108/2022/3379 5138/2021/3380
f 5195/2024/3381 5179/2027/3381 5107/2026/3382 5139/2025/3383
f 5178/2028/3384 5181/2031/3384 5109/2030/3385 5106/2029/3386
f 5179/2032/3270 5180/2034/3270 5108/2022/3387 5107/2033/3388
f 5163/2035/3389 5160/2019/3390 5110/2037/3391 5113/2036/3391
f 5162/2038/3273 5161/2041/3273 5111/2040/3392 5112/2039/3393
f 5176/2042/3394 5163/2045/3394 5113/2044/3394 5140/2043/3394
f 5194/2046/3395 5180/2034/3395 5110/2037/3395 5141/2047/3395
f 5191/2048/3396 5182/2051/3397 5117/2050/3398 5133/2049/3398
f 5173/2052/3284 5164/2055/3284 5116/2054/3284 5132/2053/3284
f 5190/2056/3399 5183/2059/3399 5115/2058/3400 5131/2057/3401
f 5154/2060/3402 5147/2063/3402 5114/2062/3403 5130/2061/3404
f 5172/2064/3294 5165/2065/3294 5047/1931/3294 5071/1932/3294
f 5171/2066/3296 5166/2067/3296 5053/1935/3296 5065/1936/3296
f 5153/2068/3405 5148/2071/3406 5118/2070/3407 5126/2069/3408
f 5189/2072/3409 5184/2075/3409 5119/2074/3410 5127/2073/3411
f 5170/2076/3412 5167/2079/3412 5120/2078/3413 5128/2077/3414
f 5188/2080/3415 5185/2083/3415 5121/2082/3416 5129/2081/3416
f 5193/2084/3417 5186/2087/3418 5125/2086/3419 5137/2085/3420
f 5175/2088/3421 5168/2091/3421 5124/2090/3422 5136/2089/3423
f 5192/2092/3424 5187/2095/3425 5123/2094/3426 5135/2093/3427
f 5156/2096/3428 5151/2099/3428 5122/2098/3429 5134/2097/3430
f 5174/2100/3320 5169/2101/3320 5059/1967/3320 5077/1968/3320
f 5178/2028/3431 5188/2080/3415 5129/2081/3416 5112/2039/3432
f 5161/2102/3433 5170/2076/3433 5128/2077/3434 5111/2103/3435
f 5181/2104/3436 5189/2072/3436 5127/2073/3437 5109/2105/3438
f 5144/2106/3439 5153/2068/3405 5126/2069/3408 5106/2029/3440
f 5162/2038/3296 5171/2066/3296 5065/1936/3296 5034/1906/3296
f 5166/2067/3296 5172/2064/3296 5071/1932/3296 5053/1935/3296
f 5148/2071/3406 5154/2060/3441 5130/2061/3442 5118/2070/3407
f 5184/2075/3443 5190/2056/3444 5131/2057/3445 5119/2074/3446
f 5167/2079/3447 5173/2052/3447 5132/2053/3448 5120/2078/3449
f 5185/2083/3415 5191/2048/3415 5133/2049/3450 5121/2082/3416
f 5165/2107/3337 5174/2100/3337 5077/1968/3337 5047/1975/3337
f 5147/2108/3451 5156/2096/3451 5134/2097/3452 5114/2109/3453
f 5183/2110/3454 5192/2113/3455 5135/2112/3456 5115/2111/3457
f 5164/2114/3458 5175/2117/3458 5136/2116/3458 5116/2115/3458
f 5182/2118/3459 5193/2084/3459 5137/2085/3460 5117/2119/3461
f 5186/2087/3462 5194/2046/3463 5141/2047/3464 5125/2086/3465
f 5168/2091/3466 5176/2042/3466 5140/2043/3467 5124/2090/3467
f 5187/2095/3468 5195/2024/3469 5139/2025/3470 5123/2094/3471
f 5151/2099/3472 5159/2020/3377 5138/2021/3380 5122/2098/3473
f 5169/2101/3360 5177/2018/3360 5083/1888/3360 5059/1967/3360
f 5123/2094/3471 5139/2025/3470 5158/2121/3474 5150/2120/3474
f 5115/2111/3457 5135/2112/3456 5157/2123/3475 5146/2122/3475
f 5119/2074/3446 5131/2057/3445 5155/2125/3476 5149/2124/3476
f 5109/2105/3438 5127/2073/3437 5152/2127/3477 5143/2126/3477
f 5148/2128/3478 5153/2133/3479 5144/2132/3479 5143/2131/3479 5152/2130/3479 5149/2129/3480
f 5135/2093/3427 5123/2094/3426 5150/2120/3481 5157/2134/3481
f 5127/2073/3411 5119/2074/3410 5149/2124/3482 5152/2127/3482
f 5148/2128/3478 5149/2129/3480 5155/2138/3483 5146/2137/3483 5147/2136/3483 5154/2135/3483
f 5146/2137/3484 5157/2142/3484 5150/2141/3484 5151/2140/3484 5156/2139/3484 5147/2136/3484
f 5131/2057/3401 5115/2058/3400 5146/2143/3485 5155/2125/3485
f 5107/2033/3388 5108/2022/3387 5142/2023/3486 5145/2144/3486
f 5106/2029/3386 5109/2030/3385 5143/2145/3487 5144/2106/3487
f 5139/2025/3383 5107/2026/3382 5145/2146/3488 5158/2121/3488
f 5150/2141/3489 5158/2150/3489 5145/2149/3489 5142/2148/3489 5159/2147/3489 5151/2140/3489
f 5125/2086/3465 5141/2047/3464 5177/2018/3360 5169/2101/3360
f 5058/1956/3490 5082/1910/3490 5176/2042/3490 5168/2091/3490
f 5046/1982/3491 5076/1983/3491 5175/2117/3491 5164/2114/3491
f 5117/2119/3461 5137/2085/3460 5174/2100/3337 5165/2107/3337
f 5052/1946/3492 5070/1919/3492 5173/2052/3492 5167/2079/3492
f 5121/2082/3416 5133/2049/3450 5172/2064/3296 5166/2067/3296
f 5112/2039/3432 5129/2081/3416 5171/2066/3296 5162/2038/3296
f 5037/1969/3493 5064/1945/3493 5170/2076/3493 5161/2102/3493
f 5137/2085/3420 5125/2086/3419 5169/2101/3320 5174/2100/3320
f 5076/1955/3494 5058/1956/3494 5168/2091/3494 5175/2088/3494
f 5064/1945/3495 5052/1946/3495 5167/2079/3495 5170/2076/3495
f 5129/2081/3416 5121/2082/3416 5166/2067/3296 5171/2066/3296
f 5133/2049/3294 5117/2050/3294 5165/2065/3294 5172/2064/3294
f 5070/1919/3284 5046/1920/3284 5164/2055/3284 5173/2052/3284
f 5082/1910/3276 5035/1911/3279 5163/2045/3496 5176/2042/3496
f 5034/1906/3273 5037/1907/3273 5161/2041/3273 5162/2038/3273
f 5035/1904/3270 5036/1887/3272 5160/2019/3390 5163/2035/3389
f 5141/2047/3497 5110/2037/3497 5160/2019/3497 5177/2018/3497
f 5124/2090/3467 5140/2043/3467 5195/2024/3469 5187/2095/3468
f 5122/2098/3473 5138/2021/3380 5194/2046/3463 5186/2087/3462
f 5114/2109/3453 5134/2097/3452 5193/2084/3459 5182/2118/3459
f 5116/2115/3498 5136/2116/3498 5192/2113/3455 5183/2110/3454
f 5118/2070/3407 5130/2061/3442 5191/2048/3415 5185/2083/3415
f 5120/2078/3449 5132/2053/3448 5190/2056/3444 5184/2075/3443
f 5111/2103/3435 5128/2077/3434 5189/2072/3436 5181/2104/3436
f 5106/2029/3440 5126/2069/3408 5188/2080/3415 5178/2028/3431
f 5136/2089/3423 5124/2090/3422 5187/2095/3425 5192/2092/3424
f 5134/2097/3430 5122/2098/3429 5186/2087/3418 5193/2084/3417
f 5126/2069/3408 5118/2070/3407 5185/2083/3415 5188/2080/3415
f 5128/2077/3414 5120/2078/3413 5184/2075/3409 5189/2072/3409
f 5132/2053/3499 5116/2054/3499 5183/2059/3499 5190/2056/3499
f 5130/2061/3404 5114/2062/3403 5182/2051/3397 5191/2048/3396
f 5138/2021/3380 5108/2022/3379 5180/2034/3500 5194/2046/3463
f 5113/2036/3501 5110/2037/3501 5180/2034/3501 5179/2032/3501
f 5112/2039/3393 5111/2040/3392 5181/2031/3384 5178/2028/3384
f 5140/2043/3502 5113/2044/3502 5179/2027/3502 5195/2024/3502
f 5062/1957/3353 5205/1960/3503 5213/1893/3503 5086/1913/3354
f 5060/1965/3359 5204/1952/3349 5212/1914/3349 5084/1892/3260
f 5048/1977/3340 5200/1986/3348 5211/1951/3348 5078/1966/3340
f 5050/1985/3346 5201/1978/3341 5210/1979/3344 5080/1984/3347
f 5054/1939/3299 5203/1950/3305 5209/1915/3321 5072/1930/3330
f 5056/1947/3504 5202/1942/3504 5208/1923/3504 5074/1922/3504
f 5043/1970/3505 5199/1971/3505 5207/1941/3505 5068/1948/3505
f 5038/1900/3328 5196/1897/3321 5206/1949/3305 5066/1940/3298
f 5080/1958/3311 5210/1959/3313 5205/1960/3316 5062/1957/3312
f 5078/1966/3318 5211/1951/3306 5204/1952/3309 5060/1965/3319
f 5066/1940/3298 5206/1949/3305 5203/1950/3305 5054/1939/3299
f 5068/1948/3506 5207/1941/3506 5202/1942/3506 5056/1947/3506
f 5074/1922/3285 5208/1923/3287 5201/1924/3290 5050/1921/3286
f 5072/1930/3292 5209/1915/3281 5200/1916/3283 5048/1929/3293
f 5084/1892/3260 5212/1914/3349 5198/1902/3349 5040/1891/3261
f 5045/1905/3507 5197/1901/3507 5198/1902/3507 5042/1886/3507
f 5044/1909/3274 5196/1897/3264 5199/1898/3264 5043/1908/3275
f 5086/1913/3277 5213/1893/3508 5197/1894/3508 5045/1912/3278
f 5267/1885/2044 5222/1886/2044 5216/1887/2044 5263/1888/2044
f 5285/1889/2045 5268/1890/2046 5220/1891/2047 5264/1892/2048
f 5393/1893/2049 5377/1894/2049 5219/1895/2049 5265/1896/2049
f 5376/1897/2050 5379/1898/2050 5221/1899/2051 5218/1900/2052
f 5377/1901/2053 5378/1902/2053 5220/1891/2054 5219/1903/2055
f 5215/1904/2056 5216/1887/2056 5222/1886/2057 5225/1905/2057
f 5214/1906/2058 5217/1907/2058 5223/1908/2059 5224/1909/2060
f 5262/1910/2061 5215/1911/2061 5225/1912/2062 5266/1913/2063
f 5392/1914/2064 5378/1902/2064 5222/1886/2064 5267/1885/2064
f 5389/1915/2065 5380/1916/2066 5231/1917/2067 5255/1918/2068
f 5250/1919/2069 5226/1920/2069 5230/1921/2070 5254/1922/2071
f 5388/1923/2072 5381/1924/2073 5229/1925/2074 5253/1926/2074
f 5280/1927/2075 5273/1928/2075 5228/1929/2076 5252/1930/2077
f 5255/1918/2068 5231/1917/2067 5227/1931/2078 5251/1932/2078
f 5249/1933/2079 5237/1934/2079 5233/1935/2080 5245/1936/2080
f 5279/1937/2081 5274/1938/2082 5234/1939/2083 5246/1940/2084
f 5387/1941/2085 5382/1942/2085 5235/1943/2085 5247/1944/2085
f 5244/1945/2086 5232/1946/2086 5236/1947/2086 5248/1948/2086
f 5386/1949/2087 5383/1950/2087 5237/1934/2079 5249/1933/2079
f 5391/1951/2088 5384/1952/2089 5243/1953/2090 5261/1954/2091
f 5256/1955/2092 5238/1956/2092 5242/1957/2092 5260/1958/2092
f 5390/1959/2093 5385/1960/2094 5241/1961/2095 5259/1962/2096
f 5282/1963/2097 5277/1964/2097 5240/1965/2098 5258/1966/2099
f 5261/1954/2091 5243/1953/2090 5239/1967/2100 5257/1968/2100
f 5376/1897/2087 5386/1949/2087 5249/1933/2079 5224/1909/2101
f 5217/1969/2102 5244/1945/2102 5248/1948/2102 5223/1970/2102
f 5379/1971/2103 5387/1941/2103 5247/1944/2104 5221/1972/2105
f 5270/1973/2106 5279/1937/2081 5246/1940/2084 5218/1900/2107
f 5224/1909/2101 5249/1933/2079 5245/1936/2080 5214/1906/2080
f 5237/1934/2079 5255/1918/2108 5251/1932/2080 5233/1935/2080
f 5274/1938/2082 5280/1927/2109 5252/1930/2110 5234/1939/2083
f 5382/1942/2111 5388/1923/2111 5253/1926/2112 5235/1943/2113
f 5232/1946/2114 5250/1919/2114 5254/1922/2114 5236/1947/2114
f 5383/1950/2087 5389/1915/2087 5255/1918/2108 5237/1934/2079
f 5231/1974/2115 5261/1954/2116 5257/1968/2117 5227/1975/2117
f 5273/1976/2118 5282/1963/2118 5258/1966/2119 5228/1977/2120
f 5381/1978/2121 5390/1979/2122 5259/1980/2123 5229/1981/2124
f 5226/1982/2125 5256/1983/2125 5260/1984/2126 5230/1985/2127
f 5380/1986/2128 5391/1951/2128 5261/1954/2116 5231/1974/2115
f 5384/1952/2129 5392/1914/2129 5267/1885/2130 5243/1953/2131
f 5238/1956/2132 5262/1910/2132 5266/1913/2133 5242/1957/2134
f 5385/1960/2135 5393/1893/2135 5265/1896/2136 5241/1961/2137
f 5277/1964/2138 5285/1889/2045 5264/1892/2048 5240/1965/2139
f 5243/1953/2131 5267/1885/2130 5263/1888/2140 5239/1967/2140
f 5241/1961/2137 5265/1896/2136 5284/1987/2141 5276/1988/2141
f 5229/1981/2124 5259/1980/2123 5283/1989/2142 5272/1990/2142
f 5235/1943/2113 5253/1926/2112 5281/1991/2143 5275/1992/2143
f 5221/1972/2105 5247/1944/2104 5278/1993/2144 5269/1994/2144
f 5274/1995/2145 5279/1996/2146 5270/1997/2146 5269/1998/2146 5278/1999/2146 5275/2000/2147
f 5259/1962/2096 5241/1961/2095 5276/1988/2148 5283/2001/2148
f 5247/1944/2149 5235/1943/2149 5275/1992/2149 5278/1993/2149
f 5274/1995/2145 5275/2000/2147 5281/2002/3509 5272/2003/3509 5273/2004/3509 5280/2005/3509
f 5272/2003/2151 5283/2006/2151 5276/2007/2151 5277/2008/2151 5282/2009/2151 5273/2004/2151
f 5253/1926/2152 5229/1925/2152 5272/2010/2152 5281/1991/2152
f 5219/1903/2055 5220/1891/2054 5268/1890/2153 5271/2011/2153
f 5218/1900/2052 5221/1899/2051 5269/2012/2154 5270/1973/2154
f 5265/1896/2155 5219/1895/2155 5271/2013/2155 5284/1987/2155
f 5276/2007/2156 5284/2014/2156 5271/2015/2156 5268/2016/2156 5285/2017/2156 5277/2008/2156
f 5357/2018/2140 5263/1888/2140 5216/1887/2140 5340/2019/2140
f 5339/2020/2157 5318/2021/2158 5288/2022/2159 5322/2023/2160
f 5375/2024/2161 5319/2025/2162 5287/2026/2163 5359/2027/2161
f 5358/2028/2164 5286/2029/2165 5289/2030/2166 5361/2031/2164
f 5359/2032/2167 5287/2033/2168 5288/2022/2169 5360/2034/2167
f 5343/2035/2170 5293/2036/2170 5290/2037/2170 5340/2019/2170
f 5342/2038/2058 5292/2039/2171 5291/2040/3510 5341/2041/2058
f 5356/2042/2173 5320/2043/2173 5293/2044/2173 5343/2045/2173
f 5374/2046/2174 5321/2047/2174 5290/2037/2174 5360/2034/2174
f 5371/2048/2175 5313/2049/2176 5297/2050/2177 5362/2051/2178
f 5353/2052/2069 5312/2053/2069 5296/2054/2069 5344/2055/2069
f 5370/2056/2179 5311/2057/2179 5295/2058/2179 5363/2059/2179
f 5334/2060/2180 5310/2061/2181 5294/2062/2182 5327/2063/2180
f 5352/2064/2078 5251/1932/2078 5227/1931/2078 5345/2065/2078
f 5351/2066/2080 5245/1936/2080 5233/1935/2080 5346/2067/2080
f 5333/2068/2183 5306/2069/2184 5298/2070/2185 5328/2071/2186
f 5369/2072/2187 5307/2073/2187 5299/2074/2187 5364/2075/2187
f 5350/2076/2188 5308/2077/2189 5300/2078/2190 5347/2079/2188
f 5368/2080/2191 5309/2081/2192 5301/2082/2192 5365/2083/2191
f 5373/2084/2193 5317/2085/2194 5305/2086/2195 5366/2087/2196
f 5355/2088/2197 5316/2089/2198 5304/2090/2199 5348/2091/2197
f 5372/2092/2200 5315/2093/2201 5303/2094/2202 5367/2095/2203
f 5336/2096/2204 5314/2097/2205 5302/2098/2206 5331/2099/2204
f 5354/2100/2100 5257/1968/2100 5239/1967/2100 5349/2101/2100
f 5358/2028/2191 5292/2039/2207 5309/2081/2192 5368/2080/2191
f 5341/2102/2208 5291/2103/3511 5308/2077/2210 5350/2076/2208
f 5361/2104/2211 5289/2105/2212 5307/2073/2213 5369/2072/2211
f 5324/2106/2214 5286/2029/2215 5306/2069/2184 5333/2068/2183
f 5342/2038/2080 5214/1906/2080 5245/1936/2080 5351/2066/2080
f 5346/2067/2080 5233/1935/2080 5251/1932/2080 5352/2064/2080
f 5328/2071/2186 5298/2070/2185 5310/2061/2216 5334/2060/2217
f 5364/2075/2218 5299/2074/2219 5311/2057/2220 5370/2056/2221
f 5347/2079/2222 5300/2078/2223 5312/2053/3512 5353/2052/2222
f 5365/2083/2191 5301/2082/2192 5313/2049/2225 5371/2048/2191
f 5345/2107/2117 5227/1975/2117 5257/1968/2117 5354/2100/2117
f 5327/2108/2226 5294/2109/2227 5314/2097/2228 5336/2096/2226
f 5363/2110/2229 5295/2111/2230 5315/2112/2231 5372/2113/2232
f 5344/2114/2233 5296/2115/2233 5316/2116/2233 5355/2117/2233
f 5362/2118/2234 5297/2119/2235 5317/2085/2236 5373/2084/2234
f 5366/2087/2237 5305/2086/2238 5321/2047/2239 5374/2046/2240
f 5348/2091/2241 5304/2090/3513 5320/2043/2243 5356/2042/2241
f 5367/2095/3514 5303/2094/2245 5319/2025/2246 5375/2024/3515
f 5331/2099/2248 5302/2098/2249 5318/2021/2158 5339/2020/2157
f 5349/2101/2140 5239/1967/2140 5263/1888/2140 5357/2018/2140
f 5303/2094/2245 5330/2120/2250 5338/2121/2250 5319/2025/2246
f 5295/2111/2230 5326/2122/2251 5337/2123/2251 5315/2112/2231
f 5299/2074/2219 5329/2124/2252 5335/2125/2252 5311/2057/2220
f 5289/2105/2212 5323/2126/2253 5332/2127/2253 5307/2073/2213
f 5328/2128/2254 5329/2129/2255 5332/2130/2256 5323/2131/2256 5324/2132/2256 5333/2133/2256
f 5315/2093/2201 5337/2134/2257 5330/2120/2257 5303/2094/2202
f 5307/2073/2258 5332/2127/2258 5329/2124/2258 5299/2074/2258
f 5328/2128/2254 5334/2135/2259 5327/2136/2259 5326/2137/2259 5335/2138/2259 5329/2129/2255
f 5326/2137/2260 5327/2136/2260 5336/2139/2260 5331/2140/2260 5330/2141/2260 5337/2142/2260
f 5311/2057/2261 5335/2125/2261 5326/2143/2261 5295/2058/2261
f 5287/2033/2168 5325/2144/2262 5322/2023/2262 5288/2022/2169
f 5286/2029/2165 5324/2106/2263 5323/2145/2263 5289/2030/2166
f 5319/2025/2162 5338/2121/2264 5325/2146/2264 5287/2026/2163
f 5330/2141/2265 5331/2140/2265 5339/2147/2265 5322/2148/2265 5325/2149/2265 5338/2150/2265
f 5305/2086/2238 5349/2101/2140 5357/2018/2140 5321/2047/2239
f 5238/1956/2266 5348/2091/2266 5356/2042/2266 5262/1910/2266
f 5226/1982/2267 5344/2114/2267 5355/2117/2267 5256/1983/2267
f 5297/2119/2235 5345/2107/2117 5354/2100/2117 5317/2085/2236
f 5232/1946/2268 5347/2079/2268 5353/2052/2268 5250/1919/2268
f 5301/2082/2192 5346/2067/2080 5352/2064/2080 5313/2049/2225
f 5292/2039/2207 5342/2038/2080 5351/2066/2080 5309/2081/2192
f 5217/1969/2269 5341/2102/2269 5350/2076/2269 5244/1945/2269
f 5317/2085/2194 5354/2100/2100 5349/2101/2100 5305/2086/2195
f 5256/1955/2270 5355/2088/2270 5348/2091/2270 5238/1956/2270
f 5244/1945/2271 5350/2076/2271 5347/2079/2271 5232/1946/2271
f 5309/2081/2192 5351/2066/2080 5346/2067/2080 5301/2082/2192
f 5313/2049/2176 5352/2064/2078 5345/2065/2078 5297/2050/2177
f 5250/1919/2069 5353/2052/2069 5344/2055/2069 5226/1920/2069
f 5262/1910/2061 5356/2042/2272 5343/2045/2272 5215/1911/2061
f 5214/1906/2058 5342/2038/2058 5341/2041/2058 5217/1907/2058
f 5215/1904/2056 5343/2035/2273 5340/2019/2273 5216/1887/2056
f 5321/2047/2274 5357/2018/2274 5340/2019/2274 5290/2037/2274
f 5304/2090/3513 5367/2095/3514 5375/2024/3515 5320/2043/2243
f 5302/2098/2249 5366/2087/2237 5374/2046/2240 5318/2021/2158
f 5294/2109/2227 5362/2118/2234 5373/2084/2234 5314/2097/2228
f 5296/2115/2275 5363/2110/2229 5372/2113/2232 5316/2116/2275
f 5298/2070/2185 5365/2083/2191 5371/2048/2191 5310/2061/2216
f 5300/2078/2223 5364/2075/2218 5370/2056/2221 5312/2053/3512
f 5291/2103/3511 5361/2104/2211 5369/2072/2211 5308/2077/2210
f 5286/2029/2215 5358/2028/2191 5368/2080/2191 5306/2069/2184
f 5316/2089/2198 5372/2092/2200 5367/2095/2203 5304/2090/2199
f 5314/2097/2205 5373/2084/2193 5366/2087/2196 5302/2098/2206
f 5306/2069/2184 5368/2080/2191 5365/2083/2191 5298/2070/2185
f 5308/2077/2189 5369/2072/2187 5364/2075/2187 5300/2078/2190
f 5312/2053/2276 5370/2056/2276 5363/2059/2276 5296/2054/2276
f 5310/2061/2181 5371/2048/2175 5362/2051/2178 5294/2062/2182
f 5318/2021/2158 5374/2046/2240 5360/2034/2277 5288/2022/2159
f 5293/2036/2278 5359/2032/2278 5360/2034/2278 5290/2037/2278
f 5292/2039/2171 5358/2028/2164 5361/2031/2164 5291/2040/3510
f 5320/2043/2279 5375/2024/2279 5359/2027/2279 5293/2044/2279
f 5242/1957/2134 5266/1913/2133 5393/1893/2280 5385/1960/2280
f 5240/1965/2139 5264/1892/2048 5392/1914/2129 5384/1952/2129
f 5228/1977/2120 5258/1966/2119 5391/1951/2128 5380/1986/2128
f 5230/1985/2127 5260/1984/2126 5390/1979/2122 5381/1978/2121
f 5234/1939/2083 5252/1930/2110 5389/1915/2087 5383/1950/2087
f 5236/1947/2281 5254/1922/2281 5388/1923/2281 5382/1942/2281
f 5223/1970/2282 5248/1948/2282 5387/1941/2282 5379/1971/2282
f 5218/1900/2107 5246/1940/2084 5386/1949/2087 5376/1897/2087
f 5260/1958/2283 5242/1957/2283 5385/1960/2094 5390/1959/2093
f 5258/1966/2099 5240/1965/2098 5384/1952/2089 5391/1951/2088
f 5246/1940/2084 5234/1939/2083 5383/1950/2087 5386/1949/2087
f 5248/1948/2284 5236/1947/2284 5382/1942/2284 5387/1941/2284
f 5254/1922/2071 5230/1921/2070 5381/1924/2073 5388/1923/2072
f 5252/1930/2077 5228/1929/2076 5380/1916/2066 5389/1915/2065
f 5264/1892/2048 5220/1891/2047 5378/1902/2129 5392/1914/2129
f 5225/1905/2285 5222/1886/2285 5378/1902/2285 5377/1901/2285
f 5224/1909/2060 5223/1908/2059 5379/1898/2050 5376/1897/2050
f 5266/1913/2063 5225/1912/2062 5377/1894/2286 5393/1893/2286
f 5447/1885/3516 5443/1888/3516 5396/1887/3516 5402/1886/3516
f 5465/1889/3517 5444/1892/3518 5400/1891/3519 5448/1890/3520
f 5573/1893/3521 5445/1896/3521 5399/1895/3521 5557/1894/3521
f 5556/1897/3522 5398/1900/3523 5401/1899/3524 5559/1898/3522
f 5557/1901/3525 5399/1903/3526 5400/1891/3527 5558/1902/3525
f 5395/1904/3528 5405/1905/3529 5402/1886/3529 5396/1887/3528
f 5394/1906/3530 5404/1909/3531 5403/1908/3532 5397/1907/3530
f 5442/1910/3533 5446/1913/3534 5405/1912/3535 5395/1911/3533
f 5572/1914/3536 5447/1885/3536 5402/1886/3536 5558/1902/3536
f 5569/1915/3537 5435/1918/3538 5411/1917/3539 5560/1916/3540
f 5430/1919/3541 5434/1922/3542 5410/1921/3543 5406/1920/3541
f 5568/1923/3544 5433/1926/3545 5409/1925/3545 5561/1924/3546
f 5460/1927/3547 5432/1930/3548 5408/1929/3549 5453/1928/3547
f 5435/1918/3538 5431/1932/3550 5407/1931/3550 5411/1917/3539
f 5429/1933/3551 5425/1936/3552 5413/1935/3552 5417/1934/3551
f 5459/1937/3553 5426/1940/3554 5414/1939/3555 5454/1938/3556
f 5567/1941/3557 5427/1944/3557 5415/1943/3557 5562/1942/3557
f 5424/1945/3558 5428/1948/3558 5416/1947/3558 5412/1946/3558
f 5566/1949/3559 5429/1933/3551 5417/1934/3551 5563/1950/3559
f 5571/1951/3560 5441/1954/3561 5423/1953/3562 5564/1952/3563
f 5436/1955/3564 5440/1958/3565 5422/1957/3566 5418/1956/3564
f 5570/1959/3567 5439/1962/3568 5421/1961/3569 5565/1960/3570
f 5462/1963/3571 5438/1966/3572 5420/1965/3573 5457/1964/3571
f 5441/1954/3561 5437/1968/3574 5419/1967/3574 5423/1953/3562
f 5556/1897/3559 5404/1909/3575 5429/1933/3551 5566/1949/3559
f 5397/1969/3576 5403/1970/3576 5428/1948/3576 5424/1945/3576
f 5559/1971/3577 5401/1972/3578 5427/1944/3579 5567/1941/3577
f 5450/1973/3580 5398/1900/3581 5426/1940/3554 5459/1937/3553
f 5404/1909/3575 5394/1906/3552 5425/1936/3552 5429/1933/3551
f 5417/1934/3551 5413/1935/3552 5431/1932/3552 5435/1918/3582
f 5454/1938/3556 5414/1939/3555 5432/1930/3583 5460/1927/3584
f 5562/1942/3585 5415/1943/3586 5433/1926/3587 5568/1923/3585
f 5412/1946/3588 5416/1947/3588 5434/1922/3588 5430/1919/3588
f 5563/1950/3559 5417/1934/3551 5435/1918/3582 5569/1915/3559
f 5411/1974/3589 5407/1975/3590 5437/1968/3590 5441/1954/3591
f 5453/1976/3592 5408/1977/3593 5438/1966/3594 5462/1963/3592
f 5561/1978/3595 5409/1981/3596 5439/1980/3597 5570/1979/3598
f 5406/1982/3599 5410/1985/3600 5440/1984/3601 5436/1983/3599
f 5560/1986/3602 5411/1974/3589 5441/1954/3591 5571/1951/3602
f 5564/1952/3603 5423/1953/3604 5447/1885/3605 5572/1914/3603
f 5418/1956/3606 5422/1957/3607 5446/1913/3608 5442/1910/3606
f 5565/1960/3609 5421/1961/3610 5445/1896/3611 5573/1893/3609
f 5457/1964/3612 5420/1965/3613 5444/1892/3518 5465/1889/3517
f 5423/1953/3604 5419/1967/3614 5443/1888/3614 5447/1885/3605
f 5421/1961/3610 5456/1988/3615 5464/1987/3615 5445/1896/3611
f 5409/1981/3596 5452/1990/3616 5463/1989/3616 5439/1980/3597
f 5415/1943/3586 5455/1992/3617 5461/1991/3617 5433/1926/3587
f 5401/1972/3578 5449/1994/3618 5458/1993/3618 5427/1944/3579
f 5454/1995/3619 5455/2000/3620 5458/1999/3621 5449/1998/3621 5450/1997/3621 5459/1996/3621
f 5439/1962/3568 5463/2001/3622 5456/1988/3622 5421/1961/3569
f 5427/1944/3623 5458/1993/3623 5455/1992/3623 5415/1943/3623
f 5454/1995/3619 5460/2005/3624 5453/2004/3624 5452/2003/3624 5461/2002/3624 5455/2000/3620
f 5452/2003/3625 5453/2004/3625 5462/2009/3625 5457/2008/3625 5456/2007/3625 5463/2006/3625
f 5433/1926/3626 5461/1991/3626 5452/2010/3626 5409/1925/3626
f 5399/1903/3526 5451/2011/3627 5448/1890/3627 5400/1891/3527
f 5398/1900/3523 5450/1973/3628 5449/2012/3628 5401/1899/3524
f 5445/1896/3629 5464/1987/3629 5451/2013/3629 5399/1895/3629
f 5456/2007/3630 5457/2008/3630 5465/2017/3630 5448/2016/3630 5451/2015/3630 5464/2014/3630
f 5537/2018/3614 5520/2019/3614 5396/1887/3614 5443/1888/3614
f 5519/2020/3631 5502/2023/3632 5468/2022/3633 5498/2021/3634
f 5555/2024/3635 5539/2027/3635 5467/2026/3635 5499/2025/3635
f 5538/2028/3636 5541/2031/3636 5469/2030/3637 5466/2029/3638
f 5539/2032/3639 5540/2034/3639 5468/2022/3640 5467/2033/3641
f 5523/2035/3642 5520/2019/3642 5470/2037/3642 5473/2036/3642
f 5522/2038/3530 5521/2041/3530 5471/2040/3643 5472/2039/3644
f 5536/2042/3645 5523/2045/3645 5473/2044/3645 5500/2043/3645
f 5554/2046/3646 5540/2034/3646 5470/2037/3646 5501/2047/3646
f 5551/2048/3647 5542/2051/3648 5477/2050/3649 5493/2049/3650
f 5533/2052/3541 5524/2055/3541 5476/2054/3541 5492/2053/3541
f 5550/2056/3651 5543/2059/3651 5475/2058/3651 5491/2057/3651
f 5514/2060/3652 5507/2063/3652 5474/2062/3653 5490/2061/3654
f 5532/2064/3550 5525/2065/3550 5407/1931/3550 5431/1932/3550
f 5531/2066/3552 5526/2067/3552 5413/1935/3552 5425/1936/3552
f 5513/2068/3655 5508/2071/3656 5478/2070/3657 5486/2069/3658
f 5549/2072/3659 5544/2075/3659 5479/2074/3659 5487/2073/3659
f 5530/2076/3660 5527/2079/3660 5480/2078/3661 5488/2077/3662
f 5548/2080/3663 5545/2083/3663 5481/2082/3664 5489/2081/3664
f 5553/2084/3665 5546/2087/3666 5485/2086/3667 5497/2085/3668
f 5535/2088/3669 5528/2091/3669 5484/2090/3670 5496/2089/3671
f 5552/2092/3672 5547/2095/3673 5483/2094/3674 5495/2093/3675
f 5516/2096/3676 5511/2099/3676 5482/2098/3677 5494/2097/3678
f 5534/2100/3574 5529/2101/3574 5419/1967/3574 5437/1968/3574
f 5538/2028/3663 5548/2080/3663 5489/2081/3664 5472/2039/3679
f 5521/2102/3680 5530/2076/3680 5488/2077/3681 5471/2103/3682
f 5541/2104/3683 5549/2072/3683 5487/2073/3684 5469/2105/3685
f 5504/2106/3686 5513/2068/3655 5486/2069/3658 5466/2029/3687
f 5522/2038/3552 5531/2066/3552 5425/1936/3552 5394/1906/3552
f 5526/2067/3552 5532/2064/3552 5431/1932/3552 5413/1935/3552
f 5508/2071/3656 5514/2060/3688 5490/2061/3689 5478/2070/3657
f 5544/2075/3690 5550/2056/3691 5491/2057/3692 5479/2074/3693
f 5527/2079/3694 5533/2052/3694 5492/2053/3695 5480/2078/3696
f 5545/2083/3663 5551/2048/3663 5493/2049/3697 5481/2082/3664
f 5525/2107/3590 5534/2100/3590 5437/1968/3590 5407/1975/3590
f 5507/2108/3698 5516/2096/3698 5494/2097/3699 5474/2109/3700
f 5543/2110/3701 5552/2113/3702 5495/2112/3703 5475/2111/3704
f 5524/2114/3705 5535/2117/3705 5496/2116/3705 5476/2115/3705
f 5542/2118/3706 5553/2084/3706 5497/2085/3707 5477/2119/3708
f 5546/2087/3709 5554/2046/3710 5501/2047/3711 5485/2086/3712
f 5528/2091/3713 5536/2042/3713 5500/2043/3714 5484/2090/3715
f 5547/2095/3716 5555/2024/3716 5499/2025/3717 5483/2094/3718
f 5511/2099/3719 5519/2020/3631 5498/2021/3634 5482/2098/3720
f 5529/2101/3614 5537/2018/3614 5443/1888/3614 5419/1967/3614
f 5483/2094/3718 5499/2025/3717 5518/2121/3721 5510/2120/3721
f 5475/2111/3704 5495/2112/3703 5517/2123/3722 5506/2122/3722
f 5479/2074/3693 5491/2057/3692 5515/2125/3723 5509/2124/3723
f 5469/2105/3685 5487/2073/3684 5512/2127/3724 5503/2126/3724
f 5508/2128/3725 5513/2133/3726 5504/2132/3726 5503/2131/3726 5512/2130/3726 5509/2129/3727
f 5495/2093/3675 5483/2094/3674 5510/2120/3728 5517/2134/3728
f 5487/2073/3729 5479/2074/3729 5509/2124/3729 5512/2127/3729
f 5508/2128/3725 5509/2129/3727 5515/2138/3730 5506/2137/3730 5507/2136/3730 5514/2135/3730
f 5506/2137/3731 5517/2142/3731 5510/2141/3731 5511/2140/3731 5516/2139/3731 5507/2136/3731
f 5491/2057/3732 5475/2058/3732 5506/2143/3732 5515/2125/3732
f 5467/2033/3641 5468/2022/3640 5502/2023/3733 5505/2144/3733
f 5466/2029/3638 5469/2030/3637 5503/2145/3734 5504/2106/3734
f 5499/2025/3735 5467/2026/3735 5505/2146/3735 5518/2121/3735
f 5510/2141/3736 5518/2150/3736 5505/2149/3736 5502/2148/3736 5519/2147/3736 5511/2140/3736
f 5485/2086/3712 5501/2047/3711 5537/2018/3614 5529/2101/3614
f 5418/1956/3737 5442/1910/3737 5536/2042/3737 5528/2091/3737
f 5406/1982/3738 5436/1983/3738 5535/2117/3738 5524/2114/3738
f 5477/2119/3708 5497/2085/3707 5534/2100/3590 5525/2107/3590
f 5412/1946/3739 5430/1919/3739 5533/2052/3739 5527/2079/3739
f 5481/2082/3664 5493/2049/3697 5532/2064/3552 5526/2067/3552
f 5472/2039/3679 5489/2081/3664 5531/2066/3552 5522/2038/3552
f 5397/1969/3740 5424/1945/3740 5530/2076/3740 5521/2102/3740
f 5497/2085/3668 5485/2086/3667 5529/2101/3574 5534/2100/3574
f 5436/1955/3741 5418/1956/3741 5528/2091/3741 5535/2088/3741
f 5424/1945/3742 5412/1946/3742 5527/2079/3742 5530/2076/3742
f 5489/2081/3664 5481/2082/3664 5526/2067/3552 5531/2066/3552
f 5493/2049/3650 5477/2050/3649 5525/2065/3550 5532/2064/3550
f 5430/1919/3541 5406/1920/3541 5524/2055/3541 5533/2052/3541
f 5442/1910/3533 5395/1911/3533 5523/2045/3743 5536/2042/3743
f 5394/1906/3530 5397/1907/3530 5521/2041/3530 5522/2038/3530
f 5395/1904/3528 5396/1887/3528 5520/2019/3744 5523/2035/3744
f 5501/2047/3745 5470/2037/3745 5520/2019/3745 5537/2018/3745
f 5484/2090/3715 5500/2043/3714 5555/2024/3746 5547/2095/3746
f 5482/2098/3720 5498/2021/3634 5554/2046/3710 5546/2087/3709
f 5474/2109/3700 5494/2097/3699 5553/2084/3706 5542/2118/3706
f 5476/2115/3747 5496/2116/3747 5552/2113/3702 5543/2110/3701
f 5478/2070/3657 5490/2061/3689 5551/2048/3663 5545/2083/3663
f 5480/2078/3696 5492/2053/3695 5550/2056/3691 5544/2075/3690
f 5471/2103/3682 5488/2077/3681 5549/2072/3683 5541/2104/3683
f 5466/2029/3687 5486/2069/3658 5548/2080/3663 5538/2028/3663
f 5496/2089/3671 5484/2090/3670 5547/2095/3673 5552/2092/3672
f 5494/2097/3678 5482/2098/3677 5546/2087/3666 5553/2084/3665
f 5486/2069/3658 5478/2070/3657 5545/2083/3663 5548/2080/3663
f 5488/2077/3662 5480/2078/3661 5544/2075/3659 5549/2072/3659
f 5492/2053/3748 5476/2054/3748 5543/2059/3748 5550/2056/3748
f 5490/2061/3654 5474/2062/3653 5542/2051/3648 5551/2048/3647
f 5498/2021/3634 5468/2022/3633 5540/2034/3749 5554/2046/3710
f 5473/2036/3750 5470/2037/3750 5540/2034/3750 5539/2032/3750
f 5472/2039/3644 5471/2040/3643 5541/2031/3636 5538/2028/3636
f 5500/2043/3751 5473/2044/3751 5539/2027/3751 5555/2024/3751
f 5422/1957/3607 5565/1960/3752 5573/1893/3752 5446/1913/3608
f 5420/1965/3613 5564/1952/3603 5572/1914/3603 5444/1892/3518
f 5408/1977/3593 5560/1986/3602 5571/1951/3602 5438/1966/3594
f 5410/1985/3600 5561/1978/3595 5570/1979/3598 5440/1984/3601
f 5414/1939/3555 5563/1950/3559 5569/1915/3559 5432/1930/3583
f 5416/1947/3753 5562/1942/3753 5568/1923/3753 5434/1922/3753
f 5403/1970/3754 5559/1971/3754 5567/1941/3754 5428/1948/3754
f 5398/1900/3581 5556/1897/3559 5566/1949/3559 5426/1940/3554
f 5440/1958/3565 5570/1959/3567 5565/1960/3570 5422/1957/3566
f 5438/1966/3572 5571/1951/3560 5564/1952/3563 5420/1965/3573
f 5426/1940/3554 5566/1949/3559 5563/1950/3559 5414/1939/3555
f 5428/1948/3755 5567/1941/3755 5562/1942/3755 5416/1947/3755
f 5434/1922/3542 5568/1923/3544 5561/1924/3546 5410/1921/3543
f 5432/1930/3548 5569/1915/3537 5560/1916/3540 5408/1929/3549
f 5444/1892/3518 5572/1914/3603 5558/1902/3603 5400/1891/3519
f 5405/1905/3756 5557/1901/3756 5558/1902/3756 5402/1886/3756
f 5404/1909/3531 5556/1897/3522 5559/1898/3522 5403/1908/3532
f 5446/1913/3534 5573/1893/3757 5557/1894/3757 5405/1912/3535
f 5627/1885/3516 5623/1888/3516 5576/1887/3516 5582/1886/3516
f 5645/1889/3517 5624/1892/3518 5580/1891/3519 5628/1890/3520
f 5753/1893/3521 5625/1896/3521 5579/1895/3521 5737/1894/3521
f 5736/1897/3522 5578/1900/3523 5581/1899/3524 5739/1898/3522
f 5737/1901/3525 5579/1903/3526 5580/1891/3527 5738/1902/3525
f 5575/1904/3528 5585/1905/3529 5582/1886/3529 5576/1887/3528
f 5574/1906/3530 5584/1909/3531 5583/1908/3758 5577/1907/3530
f 5622/1910/3533 5626/1913/3534 5585/1912/3535 5575/1911/3533
f 5752/1914/3536 5627/1885/3536 5582/1886/3536 5738/1902/3536
f 5749/1915/3537 5615/1918/3538 5591/1917/3539 5740/1916/3540
f 5610/1919/3541 5614/1922/3542 5590/1921/3543 5586/1920/3541
f 5748/1923/3544 5613/1926/3545 5589/1925/3545 5741/1924/3546
f 5640/1927/3547 5612/1930/3548 5588/1929/3549 5633/1928/3547
f 5615/1918/3538 5611/1932/3550 5587/1931/3550 5591/1917/3539
f 5609/1933/3551 5605/1936/3552 5593/1935/3552 5597/1934/3551
f 5639/1937/3553 5606/1940/3554 5594/1939/3555 5634/1938/3556
f 5747/1941/3557 5607/1944/3557 5595/1943/3557 5742/1942/3557
f 5604/1945/3558 5608/1948/3558 5596/1947/3558 5592/1946/3558
f 5746/1949/3559 5609/1933/3551 5597/1934/3551 5743/1950/3559
f 5751/1951/3560 5621/1954/3561 5603/1953/3562 5744/1952/3563
f 5616/1955/3564 5620/1958/3565 5602/1957/3566 5598/1956/3564
f 5750/1959/3567 5619/1962/3568 5601/1961/3569 5745/1960/3570
f 5642/1963/3571 5618/1966/3572 5600/1965/3573 5637/1964/3571
f 5621/1954/3561 5617/1968/3574 5599/1967/3574 5603/1953/3562
f 5736/1897/3559 5584/1909/3575 5609/1933/3551 5746/1949/3559
f 5577/1969/3576 5583/1970/3576 5608/1948/3576 5604/1945/3576
f 5739/1971/3577 5581/1972/3578 5607/1944/3579 5747/1941/3577
f 5630/1973/3580 5578/1900/3581 5606/1940/3554 5639/1937/3553
f 5584/1909/3575 5574/1906/3552 5605/1936/3552 5609/1933/3551
f 5597/1934/3551 5593/1935/3552 5611/1932/3552 5615/1918/3582
f 5634/1938/3556 5594/1939/3555 5612/1930/3583 5640/1927/3584
f 5742/1942/3585 5595/1943/3586 5613/1926/3587 5748/1923/3585
f 5592/1946/3588 5596/1947/3588 5614/1922/3588 5610/1919/3588
f 5743/1950/3559 5597/1934/3551 5615/1918/3582 5749/1915/3559
f 5591/1974/3589 5587/1975/3590 5617/1968/3590 5621/1954/3591
f 5633/1976/3592 5588/1977/3593 5618/1966/3594 5642/1963/3592
f 5741/1978/3595 5589/1981/3596 5619/1980/3597 5750/1979/3598
f 5586/1982/3599 5590/1985/3600 5620/1984/3601 5616/1983/3599
f 5740/1986/3602 5591/1974/3589 5621/1954/3591 5751/1951/3602
f 5744/1952/3603 5603/1953/3604 5627/1885/3605 5752/1914/3603
f 5598/1956/3606 5602/1957/3607 5626/1913/3608 5622/1910/3606
f 5745/1960/3609 5601/1961/3610 5625/1896/3611 5753/1893/3609
f 5637/1964/3612 5600/1965/3613 5624/1892/3518 5645/1889/3517
f 5603/1953/3604 5599/1967/3614 5623/1888/3614 5627/1885/3605
f 5601/1961/3610 5636/1988/3615 5644/1987/3615 5625/1896/3611
f 5589/1981/3596 5632/1990/3616 5643/1989/3616 5619/1980/3597
f 5595/1943/3586 5635/1992/3617 5641/1991/3617 5613/1926/3587
f 5581/1972/3578 5629/1994/3618 5638/1993/3618 5607/1944/3579
f 5634/1995/3619 5635/2000/3620 5638/1999/3621 5629/1998/3621 5630/1997/3621 5639/1996/3621
f 5619/1962/3568 5643/2001/3622 5636/1988/3622 5601/1961/3569
f 5607/1944/3623 5638/1993/3623 5635/1992/3623 5595/1943/3623
f 5634/1995/3619 5640/2005/3624 5633/2004/3624 5632/2003/3624 5641/2002/3624 5635/2000/3620
f 5632/2003/3625 5633/2004/3625 5642/2009/3625 5637/2008/3625 5636/2007/3625 5643/2006/3625
f 5613/1926/3626 5641/1991/3626 5632/2010/3626 5589/1925/3626
f 5579/1903/3526 5631/2011/3627 5628/1890/3627 5580/1891/3527
f 5578/1900/3523 5630/1973/3628 5629/2012/3628 5581/1899/3524
f 5625/1896/3629 5644/1987/3629 5631/2013/3629 5579/1895/3629
f 5636/2007/3630 5637/2008/3630 5645/2017/3630 5628/2016/3630 5631/2015/3630 5644/2014/3630
f 5717/2018/3614 5700/2019/3614 5576/1887/3614 5623/1888/3614
f 5699/2020/3631 5682/2023/3632 5648/2022/3633 5678/2021/3634
f 5735/2024/3635 5719/2027/3635 5647/2026/3635 5679/2025/3635
f 5718/2028/3636 5721/2031/3636 5649/2030/3637 5646/2029/3638
f 5719/2032/3639 5720/2034/3639 5648/2022/3640 5647/2033/3641
f 5703/2035/3642 5700/2019/3642 5650/2037/3642 5653/2036/3642
f 5702/2038/3530 5701/2041/3530 5651/2040/3759 5652/2039/3644
f 5716/2042/3645 5703/2045/3645 5653/2044/3645 5680/2043/3645
f 5734/2046/3646 5720/2034/3646 5650/2037/3646 5681/2047/3646
f 5731/2048/3647 5722/2051/3648 5657/2050/3649 5673/2049/3650
f 5713/2052/3541 5704/2055/3541 5656/2054/3541 5672/2053/3541
f 5730/2056/3651 5723/2059/3651 5655/2058/3651 5671/2057/3651
f 5694/2060/3652 5687/2063/3652 5654/2062/3653 5670/2061/3654
f 5712/2064/3550 5705/2065/3550 5587/1931/3550 5611/1932/3550
f 5711/2066/3552 5706/2067/3552 5593/1935/3552 5605/1936/3552
f 5693/2068/3655 5688/2071/3656 5658/2070/3657 5666/2069/3658
f 5729/2072/3659 5724/2075/3659 5659/2074/3659 5667/2073/3659
f 5710/2076/3660 5707/2079/3660 5660/2078/3661 5668/2077/3662
f 5728/2080/3663 5725/2083/3663 5661/2082/3664 5669/2081/3664
f 5733/2084/3665 5726/2087/3666 5665/2086/3667 5677/2085/3668
f 5715/2088/3669 5708/2091/3669 5664/2090/3670 5676/2089/3671
f 5732/2092/3672 5727/2095/3673 5663/2094/3674 5675/2093/3675
f 5696/2096/3676 5691/2099/3676 5662/2098/3677 5674/2097/3678
f 5714/2100/3574 5709/2101/3574 5599/1967/3574 5617/1968/3574
f 5718/2028/3663 5728/2080/3663 5669/2081/3664 5652/2039/3679
f 5701/2102/3680 5710/2076/3680 5668/2077/3681 5651/2103/3682
f 5721/2104/3683 5729/2072/3683 5667/2073/3684 5649/2105/3760
f 5684/2106/3686 5693/2068/3655 5666/2069/3658 5646/2029/3687
f 5702/2038/3552 5711/2066/3552 5605/1936/3552 5574/1906/3552
f 5706/2067/3552 5712/2064/3552 5611/1932/3552 5593/1935/3552
f 5688/2071/3656 5694/2060/3688 5670/2061/3689 5658/2070/3657
f 5724/2075/3690 5730/2056/3691 5671/2057/3692 5659/2074/3693
f 5707/2079/3694 5713/2052/3694 5672/2053/3695 5660/2078/3696
f 5725/2083/3663 5731/2048/3663 5673/2049/3697 5661/2082/3664
f 5705/2107/3590 5714/2100/3590 5617/1968/3590 5587/1975/3590
f 5687/2108/3698 5696/2096/3698 5674/2097/3699 5654/2109/3700
f 5723/2110/3761 5732/2113/3702 5675/2112/3762 5655/2111/3704
f 5704/2114/3705 5715/2117/3705 5676/2116/3705 5656/2115/3705
f 5722/2118/3706 5733/2084/3706 5677/2085/3707 5657/2119/3763
f 5726/2087/3709 5734/2046/3710 5681/2047/3711 5665/2086/3712
f 5708/2091/3713 5716/2042/3713 5680/2043/3764 5664/2090/3715
f 5727/2095/3716 5735/2024/3716 5679/2025/3717 5663/2094/3718
f 5691/2099/3719 5699/2020/3631 5678/2021/3634 5662/2098/3720
f 5709/2101/3614 5717/2018/3614 5623/1888/3614 5599/1967/3614
f 5663/2094/3718 5679/2025/3717 5698/2121/3721 5690/2120/3721
f 5655/2111/3704 5675/2112/3762 5697/2123/3722 5686/2122/3722
f 5659/2074/3693 5671/2057/3692 5695/2125/3723 5689/2124/3723
f 5649/2105/3760 5667/2073/3684 5692/2127/3724 5683/2126/3724
f 5688/2128/3725 5693/2133/3726 5684/2132/3726 5683/2131/3726 5692/2130/3726 5689/2129/3727
f 5675/2093/3675 5663/2094/3674 5690/2120/3765 5697/2134/3765
f 5667/2073/3729 5659/2074/3729 5689/2124/3729 5692/2127/3729
f 5688/2128/3725 5689/2129/3727 5695/2138/3730 5686/2137/3730 5687/2136/3730 5694/2135/3730
f 5686/2137/3731 5697/2142/3731 5690/2141/3731 5691/2140/3731 5696/2139/3731 5687/2136/3731
f 5671/2057/3732 5655/2058/3732 5686/2143/3732 5695/2125/3732
f 5647/2033/3641 5648/2022/3640 5682/2023/3733 5685/2144/3733
f 5646/2029/3638 5649/2030/3637 5683/2145/3734 5684/2106/3734
f 5679/2025/3735 5647/2026/3735 5685/2146/3735 5698/2121/3735
f 5690/2141/3736 5698/2150/3736 5685/2149/3736 5682/2148/3736 5699/2147/3736 5691/2140/3736
f 5665/2086/3712 5681/2047/3711 5717/2018/3614 5709/2101/3614
f 5598/1956/3737 5622/1910/3737 5716/2042/3737 5708/2091/3737
f 5586/1982/3738 5616/1983/3738 5715/2117/3738 5704/2114/3738
f 5657/2119/3763 5677/2085/3707 5714/2100/3590 5705/2107/3590
f 5592/1946/3739 5610/1919/3739 5713/2052/3739 5707/2079/3739
f 5661/2082/3664 5673/2049/3697 5712/2064/3552 5706/2067/3552
f 5652/2039/3679 5669/2081/3664 5711/2066/3552 5702/2038/3552
f 5577/1969/3740 5604/1945/3740 5710/2076/3740 5701/2102/3740
f 5677/2085/3668 5665/2086/3667 5709/2101/3574 5714/2100/3574
f 5616/1955/3741 5598/1956/3741 5708/2091/3741 5715/2088/3741
f 5604/1945/3742 5592/1946/3742 5707/2079/3742 5710/2076/3742
f 5669/2081/3664 5661/2082/3664 5706/2067/3552 5711/2066/3552
f 5673/2049/3650 5657/2050/3649 5705/2065/3550 5712/2064/3550
f 5610/1919/3541 5586/1920/3541 5704/2055/3541 5713/2052/3541
f 5622/1910/3533 5575/1911/3533 5703/2045/3743 5716/2042/3743
f 5574/1906/3530 5577/1907/3530 5701/2041/3530 5702/2038/3530
f 5575/1904/3528 5576/1887/3528 5700/2019/3744 5703/2035/3744
f 5681/2047/3745 5650/2037/3745 5700/2019/3745 5717/2018/3745
f 5664/2090/3715 5680/2043/3764 5735/2024/3746 5727/2095/3746
f 5662/2098/3720 5678/2021/3634 5734/2046/3710 5726/2087/3709
f 5654/2109/3700 5674/2097/3699 5733/2084/3706 5722/2118/3706
f 5656/2115/3766 5676/2116/3766 5732/2113/3702 5723/2110/3761
f 5658/2070/3657 5670/2061/3689 5731/2048/3663 5725/2083/3663
f 5660/2078/3696 5672/2053/3695 5730/2056/3691 5724/2075/3690
f 5651/2103/3682 5668/2077/3681 5729/2072/3683 5721/2104/3683
f 5646/2029/3687 5666/2069/3658 5728/2080/3663 5718/2028/3663
f 5676/2089/3671 5664/2090/3670 5727/2095/3673 5732/2092/3672
f 5674/2097/3678 5662/2098/3677 5726/2087/3666 5733/2084/3665
f 5666/2069/3658 5658/2070/3657 5725/2083/3663 5728/2080/3663
f 5668/2077/3662 5660/2078/3661 5724/2075/3659 5729/2072/3659
f 5672/2053/3748 5656/2054/3748 5723/2059/3748 5730/2056/3748
f 5670/2061/3654 5654/2062/3653 5722/2051/3648 5731/2048/3647
f 5678/2021/3634 5648/2022/3633 5720/2034/3749 5734/2046/3710
f 5653/2036/3750 5650/2037/3750 5720/2034/3750 5719/2032/3750
f 5652/2039/3644 5651/2040/3759 5721/2031/3636 5718/2028/3636
f 5680/2043/3751 5653/2044/3751 5719/2027/3751 5735/2024/3751
f 5602/1957/3607 5745/1960/3752 5753/1893/3752 5626/1913/3608
f 5600/1965/3613 5744/1952/3603 5752/1914/3603 5624/1892/3518
f 5588/1977/3593 5740/1986/3602 5751/1951/3602 5618/1966/3594
f 5590/1985/3600 5741/1978/3595 5750/1979/3598 5620/1984/3601
f 5594/1939/3555 5743/1950/3559 5749/1915/3559 5612/1930/3583
f 5596/1947/3753 5742/1942/3753 5748/1923/3753 5614/1922/3753
f 5583/1970/3754 5739/1971/3754 5747/1941/3754 5608/1948/3754
f 5578/1900/3581 5736/1897/3559 5746/1949/3559 5606/1940/3554
f 5620/1958/3565 5750/1959/3567 5745/1960/3570 5602/1957/3566
f 5618/1966/3572 5751/1951/3560 5744/1952/3563 5600/1965/3573
f 5606/1940/3554 5746/1949/3559 5743/1950/3559 5594/1939/3555
f 5608/1948/3755 5747/1941/3755 5742/1942/3755 5596/1947/3755
f 5614/1922/3542 5748/1923/3544 5741/1924/3546 5590/1921/3543
f 5612/1930/3548 5749/1915/3537 5740/1916/3540 5588/1929/3549
f 5624/1892/3518 5752/1914/3603 5738/1902/3603 5580/1891/3519
f 5585/1905/3756 5737/1901/3756 5738/1902/3756 5582/1886/3756
f 5584/1909/3531 5736/1897/3522 5739/1898/3522 5583/1908/3758
f 5626/1913/3534 5753/1893/3757 5737/1894/3757 5585/1912/3535
f 5807/1885/3767 5803/1888/3767 5756/1887/3767 5762/1886/3767
f 5825/1889/3768 5804/1892/3769 5760/1891/3770 5808/1890/3771
f 5933/1893/3772 5805/1896/3772 5759/1895/3772 5917/1894/3772
f 5916/1897/3773 5758/1900/3774 5761/1899/3775 5919/1898/3773
f 5917/1901/3776 5759/1903/3777 5760/1891/3778 5918/1902/3776
f 5755/1904/3779 5765/1905/3780 5762/1886/3780 5756/1887/3781
f 5754/1906/3782 5764/1909/3783 5763/1908/3784 5757/1907/3782
f 5802/1910/3785 5806/1913/3786 5765/1912/3787 5755/1911/3785
f 5932/1914/3788 5807/1885/3788 5762/1886/3788 5918/1902/3788
f 5929/1915/3789 5795/1918/3789 5771/1917/3789 5920/1916/3789
f 5790/1919/3790 5794/1922/3791 5770/1921/3792 5766/1920/3790
f 5928/1923/3793 5793/1926/3794 5769/1925/3795 5921/1924/3796
f 5820/1927/3797 5792/1930/3797 5768/1929/3797 5813/1928/3797
f 5795/1918/3798 5791/1932/3798 5767/1931/3798 5771/1917/3798
f 5789/1933/3799 5785/1936/3799 5773/1935/3799 5777/1934/3799
f 5819/1937/3800 5786/1940/3801 5774/1939/3802 5814/1938/3803
f 5927/1941/3804 5787/1944/3805 5775/1943/3806 5922/1942/3804
f 5784/1945/3807 5788/1948/3807 5776/1947/3807 5772/1946/3807
f 5926/1949/3808 5789/1933/3808 5777/1934/3808 5923/1950/3808
f 5931/1951/3809 5801/1954/3809 5783/1953/3809 5924/1952/3809
f 5796/1955/3810 5800/1958/3811 5782/1957/3812 5778/1956/3810
f 5930/1959/3813 5799/1962/3814 5781/1961/3815 5925/1960/3816
f 5822/1963/3817 5798/1966/3817 5780/1965/3817 5817/1964/3817
f 5801/1954/3818 5797/1968/3818 5779/1967/3818 5783/1953/3818
f 5916/1897/3808 5764/1909/3808 5789/1933/3808 5926/1949/3808
f 5757/1969/3819 5763/1970/3819 5788/1948/3819 5784/1945/3819
f 5919/1971/3820 5761/1972/3820 5787/1944/3820 5927/1941/3820
f 5810/1973/3821 5758/1900/3821 5786/1940/3801 5819/1937/3800
f 5764/1909/3799 5754/1906/3799 5785/1936/3799 5789/1933/3799
f 5777/1934/3799 5773/1935/3799 5791/1932/3799 5795/1918/3799
f 5814/1938/3803 5774/1939/3802 5792/1930/3822 5820/1927/3823
f 5922/1942/3824 5775/1943/3824 5793/1926/3824 5928/1923/3824
f 5772/1946/3825 5776/1947/3825 5794/1922/3825 5790/1919/3825
f 5923/1950/3808 5777/1934/3808 5795/1918/3808 5929/1915/3808
f 5771/1974/3826 5767/1975/3827 5797/1968/3827 5801/1954/3828
f 5813/1976/3829 5768/1977/3830 5798/1966/3831 5822/1963/3829
f 5921/1978/3832 5769/1981/3833 5799/1980/3834 5930/1979/3835
f 5766/1982/3836 5770/1985/3836 5800/1984/3836 5796/1983/3836
f 5920/1986/3837 5771/1974/3826 5801/1954/3828 5931/1951/3837
f 5924/1952/3838 5783/1953/3839 5807/1885/3840 5932/1914/3838
f 5778/1956/3841 5782/1957/3841 5806/1913/3841 5802/1910/3841
f 5925/1960/3842 5781/1961/3843 5805/1896/3844 5933/1893/3842
f 5817/1964/3845 5780/1965/3846 5804/1892/3769 5825/1889/3768
f 5783/1953/3839 5779/1967/3847 5803/1888/3847 5807/1885/3840
f 5781/1961/3843 5816/1988/3848 5824/1987/3848 5805/1896/3844
f 5769/1981/3833 5812/1990/3849 5823/1989/3849 5799/1980/3834
f 5775/1943/3850 5815/1992/3850 5821/1991/3850 5793/1926/3850
f 5761/1972/3851 5809/1994/3851 5818/1993/3851 5787/1944/3851
f 5814/1995/3852 5815/2000/3853 5818/1999/3854 5809/1998/3854 5810/1997/3854 5819/1996/3854
f 5799/1962/3814 5823/2001/3855 5816/1988/3855 5781/1961/3815
f 5787/1944/3805 5818/1993/3856 5815/1992/3856 5775/1943/3806
f 5814/1995/3852 5820/2005/3852 5813/2004/3852 5812/2003/3852 5821/2002/3852 5815/2000/3853
f 5812/2003/3857 5813/2004/3857 5822/2009/3857 5817/2008/3857 5816/2007/3857 5823/2006/3857
f 5793/1926/3794 5821/1991/3858 5812/2010/3858 5769/1925/3795
f 5759/1903/3777 5811/2011/3859 5808/1890/3859 5760/1891/3778
f 5758/1900/3774 5810/1973/3860 5809/2012/3860 5761/1899/3775
f 5805/1896/3861 5824/1987/3861 5811/2013/3861 5759/1895/3861
f 5816/2007/3862 5817/2008/3862 5825/2017/3862 5808/2016/3862 5811/2015/3862 5824/2014/3862
f 5897/2018/3847 5880/2019/3847 5756/1887/3847 5803/1888/3847
f 5879/2020/3863 5862/2023/3864 5828/2022/3864 5858/2021/3865
f 5915/2024/3866 5899/2027/3866 5827/2026/3867 5859/2025/3868
f 5898/2028/3869 5901/2031/3869 5829/2030/3870 5826/2029/3871
f 5899/2032/3872 5900/2034/3872 5828/2022/3873 5827/2033/3874
f 5883/2035/3875 5880/2019/3876 5830/2037/3877 5833/2036/3877
f 5882/2038/3782 5881/2041/3782 5831/2040/3878 5832/2039/3879
f 5896/2042/3880 5883/2045/3880 5833/2044/3880 5860/2043/3880
f 5914/2046/3881 5900/2034/3881 5830/2037/3881 5861/2047/3881
f 5911/2048/3882 5902/2051/3882 5837/2050/3882 5853/2049/3882
f 5893/2052/3790 5884/2055/3790 5836/2054/3790 5852/2053/3790
f 5910/2056/3883 5903/2059/3883 5835/2058/3883 5851/2057/3883
f 5874/2060/3884 5867/2063/3884 5834/2062/3884 5850/2061/3884
f 5892/2064/3798 5885/2065/3798 5767/1931/3798 5791/1932/3798
f 5891/2066/3799 5886/2067/3799 5773/1935/3799 5785/1936/3799
f 5873/2068/3885 5868/2071/3886 5838/2070/3886 5846/2069/3887
f 5909/2072/3888 5904/2075/3888 5839/2074/3889 5847/2073/3890
f 5890/2076/3891 5887/2079/3891 5840/2078/3892 5848/2077/3893
f 5908/2080/3894 5905/2083/3894 5841/2082/3894 5849/2081/3894
f 5913/2084/3895 5906/2087/3895 5845/2086/3895 5857/2085/3895
f 5895/2088/3896 5888/2091/3896 5844/2090/3897 5856/2089/3898
f 5912/2092/3899 5907/2095/3900 5843/2094/3901 5855/2093/3902
f 5876/2096/3903 5871/2099/3903 5842/2098/3903 5854/2097/3903
f 5894/2100/3818 5889/2101/3818 5779/1967/3818 5797/1968/3818
f 5898/2028/3894 5908/2080/3894 5849/2081/3894 5832/2039/3894
f 5881/2102/3904 5890/2076/3904 5848/2077/3904 5831/2103/3904
f 5901/2104/3905 5909/2072/3905 5847/2073/3905 5829/2105/3905
f 5864/2106/3906 5873/2068/3885 5846/2069/3887 5826/2029/3906
f 5882/2038/3799 5891/2066/3799 5785/1936/3799 5754/1906/3799
f 5886/2067/3799 5892/2064/3799 5791/1932/3799 5773/1935/3799
f 5868/2071/3907 5874/2060/3907 5850/2061/3908 5838/2070/3909
f 5904/2075/3910 5910/2056/3911 5851/2057/3912 5839/2074/3913
f 5887/2079/3914 5893/2052/3914 5852/2053/3914 5840/2078/3914
f 5905/2083/3894 5911/2048/3894 5853/2049/3894 5841/2082/3894
f 5885/2107/3827 5894/2100/3827 5797/1968/3827 5767/1975/3827
f 5867/2108/3915 5876/2096/3915 5854/2097/3916 5834/2109/3917
f 5903/2110/3918 5912/2113/3918 5855/2112/3919 5835/2111/3920
f 5884/2114/3921 5895/2117/3921 5856/2116/3921 5836/2115/3921
f 5902/2118/3922 5913/2084/3922 5857/2085/3923 5837/2119/3924
f 5906/2087/3925 5914/2046/3925 5861/2047/3926 5845/2086/3927
f 5888/2091/3928 5896/2042/3928 5860/2043/3929 5844/2090/3930
f 5907/2095/3931 5915/2024/3931 5859/2025/3932 5843/2094/3933
f 5871/2099/3934 5879/2020/3863 5858/2021/3865 5842/2098/3935
f 5889/2101/3847 5897/2018/3847 5803/1888/3847 5779/1967/3847
f 5843/2094/3933 5859/2025/3932 5878/2121/3936 5870/2120/3936
f 5835/2111/3920 5855/2112/3919 5877/2123/3937 5866/2122/3937
f 5839/2074/3913 5851/2057/3912 5875/2125/3938 5869/2124/3938
f 5829/2105/3939 5847/2073/3939 5872/2127/3939 5863/2126/3939
f 5868/2128/3940 5873/2133/3941 5864/2132/3941 5863/2131/3941 5872/2130/3941 5869/2129/3942
f 5855/2093/3902 5843/2094/3901 5870/2120/3943 5877/2134/3943
f 5847/2073/3890 5839/2074/3889 5869/2124/3944 5872/2127/3944
f 5868/2128/3940 5869/2129/3942 5875/2138/3940 5866/2137/3940 5867/2136/3940 5874/2135/3940
f 5866/2137/3945 5877/2142/3945 5870/2141/3945 5871/2140/3945 5876/2139/3945 5867/2136/3945
f 5851/2057/3946 5835/2058/3946 5866/2143/3946 5875/2125/3946
f 5827/2033/3874 5828/2022/3873 5862/2023/3947 5865/2144/3947
f 5826/2029/3871 5829/2030/3870 5863/2145/3948 5864/2106/3948
f 5859/2025/3868 5827/2026/3867 5865/2146/3949 5878/2121/3949
f 5870/2141/3950 5878/2150/3950 5865/2149/3950 5862/2148/3950 5879/2147/3950 5871/2140/3950
f 5845/2086/3927 5861/2047/3926 5897/2018/3847 5889/2101/3847
f 5778/1956/3951 5802/1910/3951 5896/2042/3951 5888/2091/3951
f 5766/1982/3952 5796/1983/3952 5895/2117/3952 5884/2114/3952
f 5837/2119/3924 5857/2085/3923 5894/2100/3827 5885/2107/3827
f 5772/1946/3953 5790/1919/3953 5893/2052/3953 5887/2079/3953
f 5841/2082/3799 5853/2049/3799 5892/2064/3799 5886/2067/3799
f 5832/2039/3799 5849/2081/3799 5891/2066/3799 5882/2038/3799
f 5757/1969/3954 5784/1945/3954 5890/2076/3954 5881/2102/3954
f 5857/2085/3818 5845/2086/3818 5889/2101/3818 5894/2100/3818
f 5796/1955/3955 5778/1956/3955 5888/2091/3955 5895/2088/3955
f 5784/1945/3956 5772/1946/3956 5887/2079/3956 5890/2076/3956
f 5849/2081/3799 5841/2082/3799 5886/2067/3799 5891/2066/3799
f 5853/2049/3798 5837/2050/3798 5885/2065/3798 5892/2064/3798
f 5790/1919/3790 5766/1920/3790 5884/2055/3790 5893/2052/3790
f 5802/1910/3785 5755/1911/3785 5883/2045/3957 5896/2042/3957
f 5754/1906/3782 5757/1907/3782 5881/2041/3782 5882/2038/3782
f 5755/1904/3779 5756/1887/3781 5880/2019/3876 5883/2035/3875
f 5861/2047/3958 5830/2037/3958 5880/2019/3958 5897/2018/3958
f 5844/2090/3930 5860/2043/3929 5915/2024/3959 5907/2095/3959
f 5842/2098/3935 5858/2021/3865 5914/2046/3925 5906/2087/3925
f 5834/2109/3917 5854/2097/3916 5913/2084/3922 5902/2118/3922
f 5836/2115/3960 5856/2116/3960 5912/2113/3960 5903/2110/3960
f 5838/2070/3909 5850/2061/3908 5911/2048/3894 5905/2083/3894
f 5840/2078/3961 5852/2053/3961 5910/2056/3911 5904/2075/3910
f 5831/2103/3905 5848/2077/3905 5909/2072/3905 5901/2104/3905
f 5826/2029/3894 5846/2069/3894 5908/2080/3894 5898/2028/3894
f 5856/2089/3898 5844/2090/3897 5907/2095/3900 5912/2092/3899
f 5854/2097/3962 5842/2098/3962 5906/2087/3962 5913/2084/3962
f 5846/2069/3894 5838/2070/3909 5905/2083/3894 5908/2080/3894
f 5848/2077/3893 5840/2078/3892 5904/2075/3888 5909/2072/3888
f 5852/2053/3963 5836/2054/3963 5903/2059/3963 5910/2056/3963
f 5850/2061/3964 5834/2062/3964 5902/2051/3964 5911/2048/3964
f 5858/2021/3965 5828/2022/3965 5900/2034/3965 5914/2046/3965
f 5833/2036/3966 5830/2037/3966 5900/2034/3966 5899/2032/3966
f 5832/2039/3879 5831/2040/3878 5901/2031/3869 5898/2028/3869
f 5860/2043/3967 5833/2044/3967 5899/2027/3967 5915/2024/3967
f 5782/1957/3968 5925/1960/3968 5933/1893/3968 5806/1913/3968
f 5780/1965/3846 5924/1952/3838 5932/1914/3838 5804/1892/3769
f 5768/1977/3830 5920/1986/3837 5931/1951/3837 5798/1966/3831
f 5770/1985/3969 5921/1978/3832 5930/1979/3835 5800/1984/3969
f 5774/1939/3802 5923/1950/3808 5929/1915/3808 5792/1930/3822
f 5776/1947/3970 5922/1942/3970 5928/1923/3970 5794/1922/3970
f 5763/1970/3971 5919/1971/3971 5927/1941/3971 5788/1948/3971
f 5758/1900/3808 5916/1897/3808 5926/1949/3808 5786/1940/3808
f 5800/1958/3811 5930/1959/3813 5925/1960/3816 5782/1957/3812
f 5798/1966/3972 5931/1951/3972 5924/1952/3972 5780/1965/3972
f 5786/1940/3808 5926/1949/3808 5923/1950/3808 5774/1939/3802
f 5788/1948/3973 5927/1941/3973 5922/1942/3973 5776/1947/3973
f 5794/1922/3791 5928/1923/3793 5921/1924/3796 5770/1921/3792
f 5792/1930/3974 5929/1915/3974 5920/1916/3974 5768/1929/3974
f 5804/1892/3769 5932/1914/3838 5918/1902/3838 5760/1891/3770
f 5765/1905/3975 5917/1901/3975 5918/1902/3975 5762/1886/3975
f 5764/1909/3783 5916/1897/3773 5919/1898/3773 5763/1908/3784
f 5806/1913/3786 5933/1893/3976 5917/1894/3976 5765/1912/3787
f 5934/999/3977 5936/1000/3977 5940/1001/3977 5938/1002/3977
f 5937/1003/44 5941/1004/44 5940/1005/44 5936/1006/44
f 5941/1007/5 5939/1008/5 5938/1009/5 5940/1010/5
f 5939/1011/134 5941/1012/134 5937/1013/134 5935/1014/134
f 5935/1015/20 5937/1016/20 5936/1017/20 5934/1018/20
f 5939/1019/48 5935/1020/48 5934/1021/48 5938/1022/48
f 5942/999/3978 5944/1000/3978 5948/1001/3978 5946/1002/3978
f 5945/1003/44 5949/1004/44 5948/1005/44 5944/1006/44
f 5949/1007/5 5947/1008/5 5946/1009/5 5948/1010/5
f 5947/1011/134 5949/1012/134 5945/1013/134 5943/1014/134
f 5943/1015/20 5945/1016/20 5944/1017/20 5942/1018/20
f 5947/1019/48 5943/1020/48 5942/1021/48 5946/1022/48
f 5950/999/3979 5952/1000/3979 5956/1001/3979 5954/1002/3979
f 5953/1003/44 5957/1004/44 5956/1005/44 5952/1006/44
f 5957/1007/5 5955/1008/5 5954/1009/5 5956/1010/5
f 5955/1011/134 5957/1012/134 5953/1013/134 5951/1014/134
f 5951/1015/20 5953/1016/20 5952/1017/20 5950/1018/20
f 5955/1019/48 5951/1020/48 5950/1021/48 5954/1022/48
f 5958/999/3980 5962/1002/3980 5964/1001/3980 5960/1000/3980
f 5961/1003/48 5960/1006/48 5964/1005/48 5965/1004/48
f 5965/1007/5 5964/1010/5 5962/1009/5 5963/1008/5
f 5963/1011/134 5959/1014/134 5961/1013/134 5965/1012/134
f 5959/1015/20 5958/1018/20 5960/1017/20 5961/1016/20
f 5963/1019/44 5962/1022/44 5958/1021/44 5959/1020/44
f 5966/999/3981 5970/1002/3981 5972/1001/3981 5968/1000/3981
f 5969/1003/48 5968/1006/48 5972/1005/48 5973/1004/48
f 5973/1007/5 5972/1010/5 5970/1009/5 5971/1008/5
f 5971/1011/134 5967/1014/134 5969/1013/134 5973/1012/134
f 5967/1015/20 5966/1018/20 5968/1017/20 5969/1016/20
f 5971/1019/44 5970/1022/44 5966/1021/44 5967/1020/44
f 5974/999/3982 5978/1002/3982 5980/1001/3982 5976/1000/3982
f 5977/1003/48 5976/1006/48 5980/1005/48 5981/1004/48
f 5981/1007/5 5980/1010/5 5978/1009/5 5979/1008/5
f 5979/1011/134 5975/1014/134 5977/1013/134 5981/1012/134
f 5975/1015/20 5974/1018/20 5976/1017/20 5977/1016/20
f 5979/1019/44 5978/1022/44 5974/1021/44 5975/1020/44
f 5982/999/3980 5984/1000/3980 5988/1001/3980 5986/1002/3980
f 5985/1003/48 5989/1004/48 5988/1005/48 5984/1006/48
f 5989/1007/20 5987/1008/20 5986/1009/20 5988/1010/20
f 5987/1011/134 5989/1012/134 5985/1013/134 5983/1014/134
f 5983/1015/5 5985/1016/5 5984/1017/5 5982/1018/5
f 5987/1019/44 5983/1020/44 5982/1021/44 5986/1022/44
f 5990/999/3981 5992/1000/3981 5996/1001/3981 5994/1002/3981
f 5993/1003/48 5997/1004/48 5996/1005/48 5992/1006/48
f 5997/1007/20 5995/1008/20 5994/1009/20 5996/1010/20
f 5995/1011/134 5997/1012/134 5993/1013/134 5991/1014/134
f 5991/1015/5 5993/1016/5 5992/1017/5 5990/1018/5
f 5995/1019/44 5991/1020/44 5990/1021/44 5994/1022/44
f 5998/999/3982 6000/1000/3982 6004/1001/3982 6002/1002/3982
f 6001/1003/48 6005/1004/48 6004/1005/48 6000/1006/48
f 6005/1007/20 6003/1008/20 6002/1009/20 6004/1010/20
f 6003/1011/134 6005/1012/134 6001/1013/134 5999/1014/134
f 5999/1015/5 6001/1016/5 6000/1017/5 5998/1018/5
f 6003/1019/44 5999/1020/44 5998/1021/44 6002/1022/44
f 6006/999/3977 6010/1002/3977 6012/1001/3977 6008/1000/3977
f 6009/1003/44 6008/1006/44 6012/1005/44 6013/1004/44
f 6013/1007/20 6012/1010/20 6010/1009/20 6011/1008/20
f 6011/1011/134 6007/1014/134 6009/1013/134 6013/1012/134
f 6007/1015/5 6006/1018/5 6008/1017/5 6009/1016/5
f 6011/1019/48 6010/1022/48 6006/1021/48 6007/1020/48
f 6014/999/3978 6018/1002/3978 6020/1001/3978 6016/1000/3978
f 6017/1003/44 6016/1006/44 6020/1005/44 6021/1004/44
f 6021/1007/20 6020/1010/20 6018/1009/20 6019/1008/20
f 6019/1011/134 6015/1014/134 6017/1013/134 6021/1012/134
f 6015/1015/5 6014/1018/5 6016/1017/5 6017/1016/5
f 6019/1019/48 6018/1022/48 6014/1021/48 6015/1020/48
f 6022/999/3979 6026/1002/3979 6028/1001/3979 6024/1000/3979
f 6025/1003/44 6024/1006/44 6028/1005/44 6029/1004/44
f 6029/1007/20 6028/1010/20 6026/1009/20 6027/1008/20
f 6027/1011/134 6023/1014/134 6025/1013/134 6029/1012/134
f 6023/1015/5 6022/1018/5 6024/1017/5 6025/1016/5
f 6027/1019/48 6026/1022/48 6022/1021/48 6023/1020/48
f 6030/999/3983 6032/1000/3983 6036/1001/3983 6034/1002/3983
f 6033/1003/48 6037/1004/48 6036/1005/48 6032/1006/48
f 6037/1007/20 6035/1008/20 6034/1009/20 6036/1010/20
f 6035/1011/134 6037/1012/134 6033/1013/134 6031/1014/134
f 6031/1015/5 6033/1016/5 6032/1017/5 6030/1018/5
f 6035/1019/44 6031/1020/44 6030/1021/44 6034/1022/44
f 6038/999/3984 6042/1002/3984 6044/1001/3984 6040/1000/3984
f 6041/1003/44 6040/1006/44 6044/1005/44 6045/1004/44
f 6045/1007/20 6044/1010/20 6042/1009/20 6043/1008/20
f 6043/1011/134 6039/1014/134 6041/1013/134 6045/1012/134
f 6039/1015/5 6038/1018/5 6040/1017/5 6041/1016/5
f 6043/1019/48 6042/1022/48 6038/1021/48 6039/1020/48
f 6046/999/3985 6048/1000/3985 6052/1001/3985 6050/1002/3985
f 6049/1003/48 6053/1004/48 6052/1005/48 6048/1006/48
f 6053/1007/20 6051/1008/20 6050/1009/20 6052/1010/20
f 6051/1011/134 6053/1012/134 6049/1013/134 6047/1014/134
f 6047/1015/5 6049/1016/5 6048/1017/5 6046/1018/5
f 6051/1019/44 6047/1020/44 6046/1021/44 6050/1022/44
f 6054/999/3986 6056/1000/3986 6060/1001/3986 6058/1002/3986
f 6057/1003/48 6061/1004/48 6060/1005/48 6056/1006/48
f 6061/1007/20 6059/1008/20 6058/1009/20 6060/1010/20
f 6059/1011/134 6061/1012/134 6057/1013/134 6055/1014/134
f 6055/1015/5 6057/1016/5 6056/1017/5 6054/1018/5
f 6059/1019/44 6055/1020/44 6054/1021/44 6058/1022/44
f 6062/999/3987 6066/1002/3987 6068/1001/3987 6064/1000/3987
f 6065/1003/44 6064/1006/44 6068/1005/44 6069/1004/44
f 6069/1007/20 6068/1010/20 6066/1009/20 6067/1008/20
f 6067/1011/134 6063/1014/134 6065/1013/134 6069/1012/134
f 6063/1015/5 6062/1018/5 6064/1017/5 6065/1016/5
f 6067/1019/48 6066/1022/48 6062/1021/48 6063/1020/48
f 6070/999/3988 6074/1002/3988 6076/1001/3988 6072/1000/3988
f 6073/1003/44 6072/1006/44 6076/1005/44 6077/1004/44
f 6077/1007/20 6076/1010/20 6074/1009/20 6075/1008/20
f 6075/1011/134 6071/1014/134 6073/1013/134 6077/1012/134
f 6071/1015/5 6070/1018/5 6072/1017/5 6073/1016/5
f 6075/1019/48 6074/1022/48 6070/1021/48 6071/1020/48
f 6078/999/3989 6080/1000/3989 6084/1001/3989 6082/1002/3989
f 6081/1003/20 6085/1004/20 6084/1005/20 6080/1006/20
f 6085/1007/44 6083/1008/44 6082/1009/44 6084/1010/44
f 6083/1011/134 6085/1012/134 6081/1013/134 6079/1014/134
f 6079/1015/48 6081/1016/48 6080/1017/48 6078/1018/48
f 6083/1019/5 6079/1020/5 6078/1021/5 6082/1022/5
f 6086/999/3990 6088/1000/3990 6092/1001/3990 6090/1002/3990
f 6089/1003/20 6093/1004/20 6092/1005/20 6088/1006/20
f 6093/1007/44 6091/1008/44 6090/1009/44 6092/1010/44
f 6091/1011/134 6093/1012/134 6089/1013/134 6087/1014/134
f 6087/1015/48 6089/1016/48 6088/1017/48 6086/1018/48
f 6091/1019/5 6087/1020/5 6086/1021/5 6090/1022/5
f 6094/999/3991 6098/1002/3991 6100/1001/3991 6096/1000/3991
f 6097/1003/5 6096/1006/5 6100/1005/5 6101/1004/5
f 6101/1007/44 6100/1010/44 6098/1009/44 6099/1008/44
f 6099/1011/134 6095/1014/134 6097/1013/134 6101/1012/134
f 6095/1015/48 6094/1018/48 6096/1017/48 6097/1016/48
f 6099/1019/20 6098/1022/20 6094/1021/20 6095/1020/20
f 6102/999/3992 6106/1002/3992 6108/1001/3992 6104/1000/3992
f 6105/1003/5 6104/1006/5 6108/1005/5 6109/1004/5
f 6109/1007/44 6108/1010/44 6106/1009/44 6107/1008/44
f 6107/1011/134 6103/1014/134 6105/1013/134 6109/1012/134
f 6103/1015/48 6102/1018/48 6104/1017/48 6105/1016/48
f 6107/1019/20 6106/1022/20 6102/1021/20 6103/1020/20
f 6110/999/3993 6112/1000/3993 6116/1001/3993 6114/1002/3993
f 6113/1003/48 6117/1004/48 6116/1005/48 6112/1006/48
f 6117/1007/20 6115/1008/20 6114/1009/20 6116/1010/20
f 6115/1011/134 6117/1012/134 6113/1013/134 6111/1014/134
f 6111/1015/5 6113/1016/5 6112/1017/5 6110/1018/5
f 6115/1019/44 6111/1020/44 6110/1021/44 6114/1022/44
f 6118/999/3994 6120/1000/3994 6124/1001/3994 6122/1002/3994
f 6121/1003/48 6125/1004/48 6124/1005/48 6120/1006/48
f 6125/1007/20 6123/1008/20 6122/1009/20 6124/1010/20
f 6123/1011/134 6125/1012/134 6121/1013/134 6119/1014/134
f 6119/1015/5 6121/1016/5 6120/1017/5 6118/1018/5
f 6123/1019/44 6119/1020/44 6118/1021/44 6122/1022/44
f 6126/999/3995 6128/1000/3995 6132/1001/3995 6130/1002/3995
f 6129/1003/48 6133/1004/48 6132/1005/48 6128/1006/48
f 6133/1007/20 6131/1008/20 6130/1009/20 6132/1010/20
f 6131/1011/134 6133/1012/134 6129/1013/134 6127/1014/134
f 6127/1015/5 6129/1016/5 6128/1017/5 6126/1018/5
f 6131/1019/44 6127/1020/44 6126/1021/44 6130/1022/44
f 6134/999/3996 6138/1002/3996 6140/1001/3996 6136/1000/3996
f 6137/1003/44 6136/1006/44 6140/1005/44 6141/1004/44
f 6141/1007/20 6140/1010/20 6138/1009/20 6139/1008/20
f 6139/1011/134 6135/1014/134 6137/1013/134 6141/1012/134
f 6135/1015/5 6134/1018/5 6136/1017/5 6137/1016/5
f 6139/1019/48 6138/1022/48 6134/1021/48 6135/1020/48
f 6142/999/3997 6146/1002/3997 6148/1001/3997 6144/1000/3997
f 6145/1003/44 6144/1006/44 6148/1005/44 6149/1004/44
f 6149/1007/20 6148/1010/20 6146/1009/20 6147/1008/20
f 6147/1011/134 6143/1014/134 6145/1013/134 6149/1012/134
f 6143/1015/5 6142/1018/5 6144/1017/5 6145/1016/5
f 6147/1019/48 6146/1022/48 6142/1021/48 6143/1020/48
f 6150/999/3998 6154/1002/3998 6156/1001/3998 6152/1000/3998
f 6153/1003/44 6152/1006/44 6156/1005/44 6157/1004/44
f 6157/1007/20 6156/1010/20 6154/1009/20 6155/1008/20
f 6155/1011/134 6151/1014/134 6153/1013/134 6157/1012/134
f 6151/1015/5 6150/1018/5 6152/1017/5 6153/1016/5
f 6155/1019/48 6154/1022/48 6150/1021/48 6151/1020/48
f 6158/999/3993 6162/1002/3993 6164/1001/3993 6160/1000/3993
f 6161/1003/48 6160/1006/48 6164/1005/48 6165/1004/48
f 6165/1007/5 6164/1010/5 6162/1009/5 6163/1008/5
f 6163/1011/134 6159/1014/134 6161/1013/134 6165/1012/134
f 6159/1015/20 6158/1018/20 6160/1017/20 6161/1016/20
f 6163/1019/44 6162/1022/44 6158/1021/44 6159/1020/44
f 6166/999/3994 6170/1002/3994 6172/1001/3994 6168/1000/3994
f 6169/1003/48 6168/1006/48 6172/1005/48 6173/1004/48
f 6173/1007/5 6172/1010/5 6170/1009/5 6171/1008/5
f 6171/1011/134 6167/1014/134 6169/1013/134 6173/1012/134
f 6167/1015/20 6166/1018/20 6168/1017/20 6169/1016/20
f 6171/1019/44 6170/1022/44 6166/1021/44 6167/1020/44
f 6174/999/3995 6178/1002/3995 6180/1001/3995 6176/1000/3995
f 6177/1003/48 6176/1006/48 6180/1005/48 6181/1004/48
f 6181/1007/5 6180/1010/5 6178/1009/5 6179/1008/5
f 6179/1011/134 6175/1014/134 6177/1013/134 6181/1012/134
f 6175/1015/20 6174/1018/20 6176/1017/20 6177/1016/20
f 6179/1019/44 6178/1022/44 6174/1021/44 6175/1020/44
f 6182/999/3996 6184/1000/3996 6188/1001/3996 6186/1002/3996
f 6185/1003/44 6189/1004/44 6188/1005/44 6184/1006/44
f 6189/1007/5 6187/1008/5 6186/1009/5 6188/1010/5
f 6187/1011/134 6189/1012/134 6185/1013/134 6183/1014/134
f 6183/1015/20 6185/1016/20 6184/1017/20 6182/1018/20
f 6187/1019/48 6183/1020/48 6182/1021/48 6186/1022/48
f 6190/999/3997 6192/1000/3997 6196/1001/3997 6194/1002/3997
f 6193/1003/44 6197/1004/44 6196/1005/44 6192/1006/44
f 6197/1007/5 6195/1008/5 6194/1009/5 6196/1010/5
f 6195/1011/134 6197/1012/134 6193/1013/134 6191/1014/134
f 6191/1015/20 6193/1016/20 6192/1017/20 6190/1018/20
f 6195/1019/48 6191/1020/48 6190/1021/48 6194/1022/48
f 6198/999/3998 6200/1000/3998 6204/1001/3998 6202/1002/3998
f 6201/1003/44 6205/1004/44 6204/1005/44 6200/1006/44
f 6205/1007/5 6203/1008/5 6202/1009/5 6204/1010/5
f 6203/1011/134 6205/1012/134 6201/1013/134 6199/1014/134
f 6199/1015/20 6201/1016/20 6200/1017/20 6198/1018/20
f 6203/1019/48 6199/1020/48 6198/1021/48 6202/1022/48
f 6220/2151/3999 6222/2152/4000 6209/2153/4001 6207/2154/4002
f 6226/2155/4003 6228/2156/4004 6223/2157/4005 6219/2158/4006
f 6227/2159/4007 6215/2160/4008 6243/2161/4009 6244/2162/4010
f 6208/2163/4011 6211/2164/4012 6217/2165/4013 6213/2166/4014
f 6214/2167/4015 6216/2168/4016 6229/2169/4017 6225/2170/4018
f 6206/2171/4019 6207/2172/4002 6208/2173/4011
f 6209/2153/4001 6210/2170/4020 6211/2174/4012
f 6212/2175/4021 6213/2176/4014 6214/2177/4015
f 6215/2178/4008 6216/2168/4016 6217/2179/4013
f 6218/2180/4022 6219/2181/4006 6220/2175/3999
f 6221/2167/4023 6222/2152/4000 6223/2182/4005
f 6224/2172/4024 6225/2183/4018 6226/2184/4003
f 6227/2185/4007 6228/2186/4004 6229/2169/4017
f 6212/2187/4021 6206/2188/4019 6208/2163/4011 6213/2166/4014
f 6207/2189/4002 6209/2190/4001 6211/2164/4012 6208/2163/4011
f 6210/2191/4020 6215/2192/4008 6217/2165/4013 6211/2164/4012
f 6216/2193/4016 6214/2194/4015 6213/2166/4014 6217/2165/4013
f 6224/2172/4024 6212/2175/4021 6214/2177/4015 6225/2183/4018
f 6215/2178/4008 6227/2185/4007 6229/2169/4017 6216/2168/4016
f 6228/2156/4004 6226/2155/4003 6225/2195/4018 6229/2196/4017
f 6218/2197/4022 6224/2198/4024 6226/2155/4003 6219/2158/4006
f 6227/2188/4007 6221/2187/4023 6223/2157/4005 6228/2156/4004
f 6222/2199/4000 6220/2200/3999 6219/2158/4006 6223/2157/4005
f 6206/2171/4019 6218/2180/4022 6220/2175/3999 6207/2172/4002
f 6221/2167/4023 6210/2170/4020 6209/2153/4001 6222/2152/4000
f 6224/2201/4024 6218/2202/4022 6233/2203/4025 6232/2204/4026
f 6230/2205/4027 6232/2206/4026 6236/2207/4028 6234/2208/4029
f 6212/2209/4021 6224/2210/4024 6232/2211/4026 6230/2212/4027
f 6206/2213/4019 6212/2214/4021 6230/2215/4027 6231/2216/4030
f 6218/2217/4022 6206/2218/4019 6231/2219/4030 6233/2220/4025
f 6236/2221/4028 6237/2222/4031 6241/2223/4032 6240/2224/4033
f 6232/2225/4026 6233/2226/4025 6237/2227/4031 6236/2228/4028
f 6231/2229/4030 6230/2230/4027 6234/2231/4029 6235/2232/4034
f 6233/2226/4025 6231/2225/4030 6235/2233/4034 6237/2234/4031
f 6238/2235/4035 6240/2236/4033 6241/2237/4032 6239/2238/4036
f 6235/2224/4034 6234/2223/4029 6238/2239/4035 6239/2240/4036
f 6237/2241/4031 6235/2242/4034 6239/2240/4036 6241/2239/4032
f 6234/2243/4029 6236/2244/4028 6240/2242/4033 6238/2241/4035
f 6245/2245/4037 6244/2246/4010 6248/2247/4038 6249/2248/4039
f 6215/2249/4008 6210/2250/4020 6242/2251/4040 6243/2252/4009
f 6210/2253/4020 6221/2254/4023 6245/2160/4037 6242/2159/4040
f 6221/2162/4023 6227/2161/4007 6244/2250/4010 6245/2249/4037
f 6249/2255/4039 6248/2256/4038 6252/2257/4041 6253/2258/4042
f 6243/2259/4009 6242/2260/4040 6246/2261/4043 6247/2262/4044
f 6242/2263/4040 6245/2264/4037 6249/2265/4039 6246/2266/4043
f 6244/2267/4010 6243/2268/4009 6247/2269/4044 6248/2270/4038
f 6252/2271/4041 6251/2272/4045 6250/2273/4046 6253/2274/4042
f 6247/2275/4044 6246/2255/4043 6250/2276/4046 6251/2277/4045
f 6246/2278/4043 6249/2279/4039 6253/2280/4042 6250/2281/4046
f 6248/2279/4038 6247/2282/4044 6251/2283/4045 6252/2284/4041
f 6268/2151/4047 6270/2152/4048 6257/2153/4049 6255/2154/4050
f 6274/2155/4051 6276/2156/4052 6271/2157/4053 6267/2158/4054
f 6275/2159/4055 6263/2160/4056 6291/2161/4057 6292/2162/4058
f 6256/2163/4059 6259/2164/4060 6265/2165/4061 6261/2166/4062
f 6262/2167/4063 6264/2168/4064 6277/2169/4065 6273/2170/4066
f 6254/2171/4067 6255/2172/4050 6256/2173/4059
f 6257/2153/4049 6258/2170/4068 6259/2174/4060
f 6260/2175/4069 6261/2176/4062 6262/2177/4063
f 6263/2178/4056 6264/2168/4064 6265/2179/4061
f 6266/2180/4070 6267/2181/4054 6268/2175/4047
f 6269/2167/4071 6270/2152/4048 6271/2182/4053
f 6272/2172/4072 6273/2183/4066 6274/2184/4051
f 6275/2185/4055 6276/2186/4052 6277/2169/4065
f 6260/2187/4069 6254/2188/4067 6256/2163/4059 6261/2166/4062
f 6255/2189/4050 6257/2190/4049 6259/2164/4060 6256/2163/4059
f 6258/2191/4068 6263/2192/4056 6265/2165/4061 6259/2164/4060
f 6264/2193/4064 6262/2194/4063 6261/2166/4062 6265/2165/4061
f 6272/2172/4072 6260/2175/4069 6262/2177/4063 6273/2183/4066
f 6263/2178/4056 6275/2185/4055 6277/2169/4065 6264/2168/4064
f 6276/2156/4052 6274/2155/4051 6273/2195/4066 6277/2196/4065
f 6266/2197/4070 6272/2198/4072 6274/2155/4051 6267/2158/4054
f 6275/2188/4055 6269/2187/4071 6271/2157/4053 6276/2156/4052
f 6270/2199/4048 6268/2200/4047 6267/2158/4054 6271/2157/4053
f 6254/2171/4067 6266/2180/4070 6268/2175/4047 6255/2172/4050
f 6269/2167/4071 6258/2170/4068 6257/2153/4049 6270/2152/4048
f 6272/2201/4072 6266/2202/4070 6281/2203/4073 6280/2204/4074
f 6278/2205/4075 6280/2206/4074 6284/2207/4076 6282/2208/4077
f 6260/2209/4069 6272/2210/4072 6280/2211/4074 6278/2212/4075
f 6254/2213/4067 6260/2214/4069 6278/2215/4075 6279/2216/4078
f 6266/2217/4070 6254/2218/4067 6279/2219/4078 6281/2220/4073
f 6284/2221/4076 6285/2222/4079 6289/2223/4032 6288/2224/4033
f 6280/2225/4074 6281/2226/4073 6285/2227/4079 6284/2228/4076
f 6279/2229/4078 6278/2230/4075 6282/2231/4077 6283/2232/4080
f 6281/2226/4073 6279/2225/4078 6283/2233/4080 6285/2234/4079
f 6286/2235/4035 6288/2236/4033 6289/2237/4032 6287/2238/4036
f 6283/2224/4080 6282/2223/4077 6286/2239/4035 6287/2240/4036
f 6285/2241/4079 6283/2242/4080 6287/2240/4036 6289/2239/4032
f 6282/2243/4077 6284/2244/4076 6288/2242/4033 6286/2241/4035
f 6293/2245/4081 6292/2246/4058 6296/2247/4082 6297/2248/4083
f 6263/2249/4056 6258/2250/4068 6290/2251/4084 6291/2252/4057
f 6258/2253/4068 6269/2254/4071 6293/2160/4081 6290/2159/4084
f 6269/2162/4071 6275/2161/4055 6292/2250/4058 6293/2249/4081
f 6297/2255/4083 6296/2256/4082 6300/2257/4085 6301/2258/4086
f 6291/2259/4057 6290/2260/4084 6294/2261/4087 6295/2262/4088
f 6290/2263/4084 6293/2264/4081 6297/2265/4083 6294/2266/4087
f 6292/2267/4058 6291/2268/4057 6295/2269/4088 6296/2270/4082
f 6300/2271/4085 6299/2272/4089 6298/2273/4090 6301/2274/4086
f 6295/2275/4088 6294/2255/4087 6298/2276/4090 6299/2277/4089
f 6294/2278/4087 6297/2279/4083 6301/2280/4086 6298/2281/4090
f 6296/2279/4082 6295/2282/4088 6299/2283/4089 6300/2284/4085
f 6316/2151/4047 6318/2152/4048 6305/2153/4049 6303/2154/4050
f 6322/2155/4051 6324/2156/4052 6319/2157/4091 6315/2158/4054
f 6323/2159/4055 6311/2160/4056 6339/2161/4057 6340/2162/4058
f 6304/2163/4059 6307/2164/4092 6313/2165/4061 6309/2166/4062
f 6310/2167/4063 6312/2168/4064 6325/2169/4065 6321/2170/4066
f 6302/2171/4093 6303/2172/4050 6304/2173/4059
f 6305/2153/4049 6306/2170/4068 6307/2174/4092
f 6308/2175/4069 6309/2176/4062 6310/2177/4063
f 6311/2178/4056 6312/2168/4064 6313/2179/4061
f 6314/2180/4094 6315/2181/4054 6316/2175/4047
f 6317/2167/4071 6318/2152/4048 6319/2182/4091
f 6320/2172/4072 6321/2183/4066 6322/2184/4051
f 6323/2185/4055 6324/2186/4052 6325/2169/4065
f 6308/2187/4069 6302/2188/4093 6304/2163/4059 6309/2166/4062
f 6303/2189/4050 6305/2190/4049 6307/2164/4092 6304/2163/4059
f 6306/2191/4068 6311/2192/4056 6313/2165/4061 6307/2164/4092
f 6312/2193/4064 6310/2194/4063 6309/2166/4062 6313/2165/4061
f 6320/2172/4072 6308/2175/4069 6310/2177/4063 6321/2183/4066
f 6311/2178/4056 6323/2185/4055 6325/2169/4065 6312/2168/4064
f 6324/2156/4052 6322/2155/4051 6321/2195/4066 6325/2196/4065
f 6314/2197/4094 6320/2198/4072 6322/2155/4051 6315/2158/4054
f 6323/2188/4055 6317/2187/4071 6319/2157/4091 6324/2156/4052
f 6318/2199/4048 6316/2200/4047 6315/2158/4054 6319/2157/4091
f 6302/2171/4093 6314/2180/4094 6316/2175/4047 6303/2172/4050
f 6317/2167/4071 6306/2170/4068 6305/2153/4049 6318/2152/4048
f 6320/2201/4072 6314/2202/4094 6329/2203/4073 6328/2204/4074
f 6326/2205/4095 6328/2206/4074 6332/2207/4076 6330/2208/4077
f 6308/2209/4069 6320/2210/4072 6328/2211/4074 6326/2212/4095
f 6302/2213/4093 6308/2214/4069 6326/2215/4095 6327/2216/4096
f 6314/2217/4094 6302/2218/4093 6327/2219/4096 6329/2220/4073
f 6332/2221/4076 6333/2222/4097 6337/2223/4032 6336/2224/4033
f 6328/2225/4074 6329/2226/4073 6333/2227/4097 6332/2228/4076
f 6327/2229/4096 6326/2230/4095 6330/2231/4077 6331/2232/4098
f 6329/2226/4073 6327/2225/4096 6331/2233/4098 6333/2234/4097
f 6334/2235/4035 6336/2236/4033 6337/2237/4032 6335/2238/4036
f 6331/2224/4098 6330/2223/4077 6334/2239/4035 6335/2240/4036
f 6333/2241/4097 6331/2242/4098 6335/2240/4036 6337/2239/4032
f 6330/2243/4077 6332/2244/4076 6336/2242/4033 6334/2241/4035
f 6341/2245/4099 6340/2246/4058 6344/2247/4082 6345/2248/4083
f 6311/2249/4056 6306/2250/4068 6338/2251/4100 6339/2252/4057
f 6306/2253/4068 6317/2254/4071 6341/2160/4099 6338/2159/4100
f 6317/2162/4071 6323/2161/4055 6340/2250/4058 6341/2249/4099
f 6345/2255/4083 6344/2256/4082 6348/2257/4085 6349/2258/4086
f 6339/2259/4057 6338/2260/4100 6342/2261/4087 6343/2262/4088
f 6338/2263/4100 6341/2264/4099 6345/2265/4083 6342/2266/4087
f 6340/2267/4058 6339/2268/4057 6343/2269/4088 6344/2270/4082
f 6348/2271/4085 6347/2272/4089 6346/2273/4090 6349/2274/4086
f 6343/2275/4088 6342/2255/4087 6346/2276/4090 6347/2277/4089
f 6342/2278/4087 6345/2279/4083 6349/2280/4086 6346/2281/4090
f 6344/2279/4082 6343/2282/4088 6347/2283/4089 6348/2284/4085
f 6350/2285/178 6352/2286/178 6356/2287/178 6354/2288/178
f 6353/2289/20 6357/2290/20 6356/2291/20 6352/2292/20
f 6357/2293/44 6355/2294/44 6354/2295/44 6356/2296/44
f 6355/2285/134 6357/2286/134 6353/2287/134 6351/2288/134
f 6351/2297/48 6353/2298/48 6352/2295/48 6350/2296/48
f 6355/2289/5 6351/2290/5 6350/2291/5 6354/2292/5
f 6358/2285/178 6360/2286/178 6364/2287/178 6362/2288/178
f 6361/2289/20 6365/2290/20 6364/2291/20 6360/2292/20
f 6365/2293/44 6363/2294/44 6362/2295/44 6364/2296/44
f 6363/2285/134 6365/2286/134 6361/2287/134 6359/2288/134
f 6359/2297/48 6361/2298/48 6360/2295/48 6358/2296/48
f 6363/2289/5 6359/2290/5 6358/2291/5 6362/2292/5
f 6366/2285/178 6370/2288/178 6372/2287/178 6368/2286/178
f 6369/2289/20 6368/2292/20 6372/2291/20 6373/2290/20
f 6373/2293/48 6372/2296/48 6370/2295/48 6371/2294/48
f 6371/2285/134 6367/2288/134 6369/2287/134 6373/2286/134
f 6367/2297/44 6366/2296/44 6368/2295/44 6369/2298/44
f 6371/2289/5 6370/2292/5 6366/2291/5 6367/2290/5
f 6374/2285/178 6378/2288/178 6380/2287/178 6376/2286/178
f 6377/2289/20 6376/2292/20 6380/2291/20 6381/2290/20
f 6381/2293/48 6380/2296/48 6378/2295/48 6379/2294/48
f 6379/2285/134 6375/2288/134 6377/2287/134 6381/2286/134
f 6375/2297/44 6374/2296/44 6376/2295/44 6377/2298/44
f 6379/2289/5 6378/2292/5 6374/2291/5 6375/2290/5
f 6382/2285/178 6384/2286/178 6388/2287/178 6386/2288/178
f 6385/2289/44 6389/2290/44 6388/2291/44 6384/2292/44
f 6389/2293/5 6387/2294/5 6386/2295/5 6388/2296/5
f 6387/2285/134 6389/2286/134 6385/2287/134 6383/2288/134
f 6383/2297/20 6385/2298/20 6384/2295/20 6382/2296/20
f 6387/2289/48 6383/2290/48 6382/2291/48 6386/2292/48
f 6390/2285/178 6392/2286/178 6396/2287/178 6394/2288/178
f 6393/2289/44 6397/2290/44 6396/2291/44 6392/2292/44
f 6397/2293/5 6395/2294/5 6394/2295/5 6396/2296/5
f 6395/2285/134 6397/2286/134 6393/2287/134 6391/2288/134
f 6391/2297/20 6393/2298/20 6392/2295/20 6390/2296/20
f 6395/2289/48 6391/2290/48 6390/2291/48 6394/2292/48
f 6410/2299/4101 6399/2300/4101 6401/2301/4101 6411/2302/4101
f 6411/78/4102 6401/79/4103 6405/80/4103 6412/81/4102
f 6412/82/4104 6405/83/4104 6403/84/4104 6413/85/4104
f 6413/86/4105 6403/87/4106 6399/88/4106 6410/89/4105
f 6400/90/76 6404/91/76 6402/92/76 6398/93/76
f 6405/94/75 6401/95/75 6399/96/75 6403/97/75
f 6416/98/4107 6409/99/80 6406/100/80 6417/101/4107
f 6415/102/5 6408/103/5 6409/104/5 6416/105/5
f 6414/106/4108 6407/107/78 6408/108/78 6415/109/4108
f 6417/2303/20 6406/2304/20 6407/2305/20 6414/2306/20
f 6409/99/80 6413/86/4105 6410/89/4105 6406/100/80
f 6408/103/5 6412/82/5 6413/85/5 6409/104/5
f 6407/107/78 6411/78/4102 6412/81/4102 6408/108/78
f 6406/2304/20 6410/2299/20 6411/2302/20 6407/2305/20
f 6398/2307/4109 6417/2303/4109 6414/2306/4109 6400/2308/4109
f 6400/116/4110 6414/106/4108 6415/109/4108 6404/117/4110
f 6404/118/4111 6415/102/4111 6416/105/4111 6402/119/4111
f 6402/120/4112 6416/98/4107 6417/101/4107 6398/121/4112
f 6430/2299/4113 6419/2300/4113 6421/2301/4113 6431/2302/4113
f 6431/78/4114 6421/79/4115 6425/80/4115 6432/81/4116
f 6432/82/4117 6425/83/4117 6423/84/4117 6433/85/4117
f 6433/86/4118 6423/87/4119 6419/88/4119 6430/89/4120
f 6420/90/107 6424/91/107 6422/92/107 6418/93/107
f 6425/94/106 6421/95/106 6419/96/106 6423/97/106
f 6436/98/4121 6429/99/112 6426/100/112 6437/101/4122
f 6435/102/44 6428/103/44 6429/104/44 6436/105/44
f 6434/106/4123 6427/107/109 6428/108/109 6435/109/4124
f 6437/2303/48 6426/2304/48 6427/2305/48 6434/2306/48
f 6429/99/112 6433/86/4118 6430/89/4120 6426/100/112
f 6428/103/44 6432/82/44 6433/85/44 6429/104/44
f 6427/107/109 6431/78/4114 6432/81/4116 6428/108/109
f 6426/2304/48 6430/2299/48 6431/2302/48 6427/2305/48
f 6418/2307/4125 6437/2303/4125 6434/2306/4125 6420/2308/4125
f 6420/116/4126 6434/106/4123 6435/109/4124 6424/117/4126
f 6424/118/4127 6435/102/4127 6436/105/4127 6422/119/4127
f 6422/120/4128 6436/98/4121 6437/101/4122 6418/121/4128
f 6450/2309/4129 6439/2310/4129 6441/2311/4129 6451/2312/4129
f 6451/2313/4130 6441/2314/4130 6445/2315/4130 6452/2316/4130
f 6452/2317/4131 6445/2318/4131 6443/2319/4131 6453/2320/4131
f 6453/2321/4132 6443/2322/4132 6439/2323/4132 6450/2324/4132
f 6440/53/4133 6444/48/4133 6442/54/4133 6438/55/4133
f 6445/145/4134 6441/275/4134 6439/276/4134 6443/198/4134
f 6456/2325/4135 6449/2326/4135 6446/2327/4135 6457/2328/4135
f 6455/2329/44 6448/2330/44 6449/2331/44 6456/2332/44
f 6454/2333/4136 6447/2334/4136 6448/2335/4136 6455/2336/4136
f 6457/2337/48 6446/2338/48 6447/2339/48 6454/2340/48
f 6449/2326/4135 6453/2321/4135 6450/2324/4135 6446/2327/4135
f 6448/2330/44 6452/2317/44 6453/2320/44 6449/2331/44
f 6447/2334/4136 6451/2313/4136 6452/2316/4136 6448/2335/4136
f 6446/2338/48 6450/2309/48 6451/2312/48 6447/2339/48
f 6438/2341/4137 6457/2337/4137 6454/2340/4137 6440/2342/4137
f 6440/2343/4138 6454/2333/4138 6455/2336/4138 6444/2344/4138
f 6444/2345/4139 6455/2329/4139 6456/2332/4139 6442/2346/4139
f 6442/2347/4140 6456/2325/4140 6457/2328/4140 6438/2348/4140
f 6470/2349/4141 6459/143/4142 6461/144/4142 6471/265/4143
f 6471/2350/4144 6461/2351/4145 6465/2352/4145 6472/2353/4144
f 6472/2354/4146 6465/2355/4147 6463/2356/4147 6473/2357/4146
f 6473/2358/4148 6463/2359/4149 6459/2360/4149 6470/2361/4148
f 6460/53/5 6464/48/5 6462/54/5 6458/55/5
f 6465/145/20 6461/275/20 6459/276/20 6463/198/20
f 6476/2362/4150 6469/2363/134 6466/2364/134 6477/2365/4150
f 6475/2366/44 6468/2367/44 6469/2368/44 6476/2369/44
f 6474/2370/4151 6467/2371/178 6468/2372/178 6475/2373/4151
f 6477/2374/48 6466/2375/48 6467/286/48 6474/285/48
f 6469/2363/134 6473/2358/4148 6470/2361/4148 6466/2364/134
f 6468/2367/44 6472/2354/4146 6473/2357/4146 6469/2368/44
f 6467/2371/178 6471/2350/4144 6472/2353/4144 6468/2372/178
f 6466/2375/48 6470/2349/4141 6471/265/4143 6467/286/48
f 6458/142/4152 6477/2374/4152 6474/285/4152 6460/47/4152
f 6460/2376/4153 6474/2370/4151 6475/2373/4151 6464/2377/4153
f 6464/2378/4154 6475/2366/4154 6476/2369/4154 6462/2379/4154
f 6462/2380/4155 6476/2362/4150 6477/2365/4150 6458/2381/4155
f 6490/2309/4156 6479/2310/4156 6481/2311/4156 6491/2312/4156
f 6491/2313/4157 6481/2314/4157 6485/2315/4157 6492/2316/4157
f 6492/2317/4158 6485/2318/4158 6483/2319/4158 6493/2320/4158
f 6493/2321/4159 6483/2322/4159 6479/2323/4159 6490/2324/4159
f 6480/53/4160 6484/48/4160 6482/54/4160 6478/55/4160
f 6485/145/4161 6481/275/4161 6479/276/4161 6483/198/4161
f 6496/2325/4162 6489/2326/4162 6486/2327/4162 6497/2328/4162
f 6495/2329/5 6488/2330/5 6489/2331/5 6496/2332/5
f 6494/2333/4163 6487/2334/4163 6488/2335/4163 6495/2336/4163
f 6497/2337/20 6486/2338/20 6487/2339/20 6494/2340/20
f 6489/2326/4162 6493/2321/4162 6490/2324/4162 6486/2327/4162
f 6488/2330/5 6492/2317/5 6493/2320/5 6489/2331/5
f 6487/2334/4163 6491/2313/4163 6492/2316/4163 6488/2335/4163
f 6486/2338/20 6490/2309/20 6491/2312/20 6487/2339/20
f 6478/2341/4164 6497/2337/4164 6494/2340/4164 6480/2342/4164
f 6480/2343/4165 6494/2333/4165 6495/2336/4165 6484/2344/4165
f 6484/2345/4166 6495/2329/4166 6496/2332/4166 6482/2346/4166
f 6482/2347/4167 6496/2325/4167 6497/2328/4167 6478/2348/4167
f 6510/2349/4168 6499/143/4168 6501/144/4168 6511/265/4168
f 6511/2350/4169 6501/2351/4170 6505/2352/4170 6512/2353/4169
f 6512/2354/4171 6505/2355/4171 6503/2356/4171 6513/2357/4171
f 6513/2358/4172 6503/2359/4173 6499/2360/4173 6510/2361/4172
f 6500/53/48 6504/48/48 6502/54/48 6498/55/48
f 6505/145/44 6501/275/44 6499/276/44 6503/198/44
f 6516/2362/4174 6509/2363/134 6506/2364/134 6517/2365/4174
f 6515/2366/5 6508/2367/5 6509/2368/5 6516/2369/5
f 6514/2370/4175 6507/2371/178 6508/2372/178 6515/2373/4175
f 6517/2374/20 6506/2375/20 6507/286/20 6514/285/20
f 6509/2363/134 6513/2358/4172 6510/2361/4172 6506/2364/134
f 6508/2367/5 6512/2354/5 6513/2357/5 6509/2368/5
f 6507/2371/178 6511/2350/4169 6512/2353/4169 6508/2372/178
f 6506/2375/20 6510/2349/20 6511/265/20 6507/286/20
f 6498/142/4176 6517/2374/4176 6514/285/4176 6500/47/4176
f 6500/2376/4177 6514/2370/4175 6515/2373/4175 6504/2377/4177
f 6504/2378/4178 6515/2366/4178 6516/2369/4178 6502/2379/4178
f 6502/2380/4179 6516/2362/4174 6517/2365/4174 6498/2381/4179
f 6518/429/4180 6520/436/4180 6524/446/4180 6522/445/4180
f 6521/435/4181 6525/438/4181 6524/437/4181 6520/436/4181
f 6525/2382/44 6523/2383/44 6522/2384/44 6524/2385/44
f 6523/439/4182 6525/440/4182 6521/435/4182 6519/430/4182
f 6519/430/48 6521/435/48 6520/436/48 6518/429/48
f 6523/427/4183 6519/430/4183 6518/429/4183 6522/428/4183
f 6526/429/4184 6528/436/4184 6532/446/4184 6530/445/4184
f 6529/435/4185 6533/438/4185 6532/437/4185 6528/436/4185
f 6533/2382/5 6531/2383/5 6530/2384/5 6532/2385/5
f 6531/439/4186 6533/440/4186 6529/435/4186 6527/430/4186
f 6527/430/20 6529/435/20 6528/436/20 6526/429/20
f 6531/427/4187 6527/430/4187 6526/429/4187 6530/428/4187
f 6534/142/5 6535/143/5 6537/144/5 6536/47/5
f 6536/47/44 6537/144/44 6541/145/44 6540/48/44
f 6540/146/20 6541/147/20 6539/148/20 6538/149/20
f 6535/150/5 6534/151/5 6542/152/5 6543/153/5
f 6536/53/134 6540/48/134 6538/54/134 6534/55/134
f 6541/154/135 6537/155/135 6535/156/135 6539/157/135
f 6543/153/5 6542/152/5 6546/158/5 6547/159/5
f 6534/55/220 6538/54/220 6545/54/220 6542/55/220
f 6539/157/137 6535/156/137 6543/160/137 6544/161/137
f 6538/149/20 6539/148/20 6544/162/20 6545/163/20
f 6548/164/138 6547/165/138 6551/166/138 6552/167/138
f 6544/161/139 6543/160/139 6547/165/139 6548/164/139
f 6545/163/20 6544/162/20 6548/168/20 6549/169/20
f 6542/55/140 6545/54/140 6549/54/140 6546/55/140
f 6550/55/141 6553/54/141 6557/54/141 6554/55/141
f 6549/169/20 6548/168/20 6552/170/20 6553/171/20
f 6546/55/142 6549/54/142 6553/54/142 6550/55/142
f 6547/159/5 6546/158/5 6550/172/5 6551/173/5
f 6556/174/143 6555/175/143 6559/176/143 6560/177/143
f 6551/173/5 6550/172/5 6554/178/5 6555/179/5
f 6552/167/144 6551/166/144 6555/175/144 6556/174/144
f 6553/171/20 6552/170/20 6556/180/20 6557/181/20
f 6561/182/20 6560/183/20 6564/184/20 6565/185/20
f 6557/181/20 6556/180/20 6560/183/20 6561/182/20
f 6554/55/145 6557/54/145 6561/54/145 6558/55/145
f 6555/179/5 6554/178/5 6558/186/5 6559/187/5
f 6562/55/146 6565/54/146 6569/54/146 6566/55/146
f 6558/55/147 6561/54/147 6565/54/147 6562/55/147
f 6559/187/5 6558/186/5 6562/188/5 6563/189/5
f 6560/177/148 6559/176/148 6563/190/148 6564/191/148
f 6566/55/149 6569/54/149 6573/54/149 6570/55/149
f 6563/189/5 6562/188/5 6566/192/5 6567/193/5
f 6564/191/150 6563/190/150 6567/194/150 6568/195/150
f 6565/185/20 6564/184/20 6568/196/20 6569/197/20
f 6573/54/151 6572/198/151 6571/143/151 6570/142/151
f 6567/193/152 6566/192/152 6570/199/152 6571/200/152
f 6568/195/153 6567/194/153 6571/201/153 6572/202/153
f 6569/197/154 6568/196/154 6572/203/154 6573/204/154
f 6574/205/5 6576/206/5 6577/207/5 6575/208/5
f 6576/47/48 6580/48/48 6581/145/48 6577/144/48
f 6575/208/5 6583/209/5 6582/210/5 6574/205/5
f 6576/53/134 6574/55/134 6578/54/134 6580/48/134
f 6583/209/5 6587/211/5 6586/212/5 6582/210/5
f 6574/55/155 6582/55/155 6585/54/155 6578/54/155
f 6579/213/156 6584/214/156 6583/215/156 6575/216/156
f 6578/217/20 6585/218/20 6584/219/20 6579/220/20
f 6588/221/157 6592/222/157 6591/223/157 6587/224/157
f 6584/214/158 6588/221/158 6587/224/158 6583/215/158
f 6585/218/20 6589/225/20 6588/226/20 6584/219/20
f 6582/55/159 6586/55/159 6589/54/159 6585/54/159
f 6590/55/160 6594/55/160 6597/54/160 6593/54/160
f 6589/225/20 6593/227/20 6592/228/20 6588/226/20
f 6586/55/161 6590/55/161 6593/54/161 6589/54/161
f 6587/211/5 6591/229/5 6590/230/5 6586/212/5
f 6596/231/162 6600/232/162 6599/233/162 6595/234/162
f 6591/229/5 6595/235/5 6594/236/5 6590/230/5
f 6592/222/163 6596/231/163 6595/234/163 6591/223/163
f 6593/227/20 6597/237/20 6596/238/20 6592/228/20
f 6601/239/20 6605/240/20 6604/241/20 6600/242/20
f 6597/237/20 6601/239/20 6600/242/20 6596/238/20
f 6594/55/164 6598/55/164 6601/54/164 6597/54/164
f 6595/235/5 6599/243/5 6598/244/5 6594/236/5
f 6602/55/165 6606/55/165 6609/54/165 6605/54/165
f 6598/55/166 6602/55/166 6605/54/166 6601/54/166
f 6599/243/5 6603/245/5 6602/246/5 6598/244/5
f 6600/232/167 6604/247/167 6603/248/167 6599/233/167
f 6606/55/168 6610/55/168 6613/54/168 6609/54/168
f 6603/245/5 6607/249/5 6606/250/5 6602/246/5
f 6604/247/169 6608/251/169 6607/252/169 6603/248/169
f 6605/240/20 6609/253/20 6608/254/20 6604/241/20
f 6613/54/170 6610/142/170 6611/143/170 6612/198/170
f 6607/249/171 6611/255/171 6610/256/171 6606/250/171
f 6608/251/172 6612/257/172 6611/258/172 6607/252/172
f 6609/253/173 6613/259/173 6612/260/173 6608/254/173
f 6626/261/174 6615/262/174 6617/263/174 6627/264/174
f 6627/265/175 6617/144/175 6621/145/175 6628/266/175
f 6628/267/176 6621/268/176 6619/269/176 6629/270/176
f 6629/271/177 6619/272/177 6615/273/177 6626/274/177
f 6616/53/134 6620/48/134 6618/54/134 6614/55/134
f 6621/145/178 6617/275/178 6615/276/178 6619/198/178
f 6632/277/48 6625/278/48 6622/279/48 6633/280/48
f 6631/281/20 6624/282/20 6625/283/20 6632/284/20
f 6630/285/44 6623/286/44 6624/287/44 6631/288/44
f 6633/289/5 6622/290/5 6623/291/5 6630/292/5
f 6625/278/48 6629/271/48 6626/274/48 6622/279/48
f 6624/282/20 6628/267/20 6629/270/20 6625/283/20
f 6623/286/44 6627/265/44 6628/266/44 6624/287/44
f 6622/290/5 6626/261/5 6627/264/5 6623/291/5
f 6614/293/179 6633/289/179 6630/292/179 6616/294/179
f 6616/47/180 6630/285/180 6631/288/180 6620/48/180
f 6620/295/181 6631/281/181 6632/284/181 6618/296/181
f 6618/297/182 6632/277/182 6633/280/182 6614/298/182
f 6646/299/183 6635/300/183 6637/301/183 6647/302/183
f 6647/303/184 6637/304/185 6641/305/185 6648/306/184
f 6648/307/186 6641/308/186 6639/309/186 6649/310/186
f 6649/311/187 6639/312/188 6635/313/188 6646/314/187
f 6636/53/44 6640/48/44 6638/54/44 6634/55/44
f 6641/145/48 6637/275/48 6635/276/48 6639/198/48
f 6652/315/189 6645/316/134 6642/317/134 6653/318/189
f 6651/319/20 6644/320/20 6645/321/20 6652/322/20
f 6650/323/190 6643/324/178 6644/325/178 6651/326/190
f 6653/327/5 6642/328/5 6643/329/5 6650/330/5
f 6645/316/134 6649/311/187 6646/314/187 6642/317/134
f 6644/320/20 6648/307/20 6649/310/20 6645/321/20
f 6643/324/178 6647/303/184 6648/306/184 6644/325/178
f 6642/328/5 6646/299/5 6647/302/5 6643/329/5
f 6634/331/191 6653/327/191 6650/330/191 6636/332/191
f 6636/333/192 6650/323/190 6651/326/190 6640/334/192
f 6640/335/193 6651/319/193 6652/322/193 6638/336/193
f 6638/337/194 6652/315/189 6653/318/189 6634/338/194
f 6666/339/4188 6655/340/4189 6657/341/4189 6667/342/4188
f 6667/343/4190 6657/344/4190 6661/345/4190 6668/346/4190
f 6668/347/4191 6661/348/4192 6659/349/4192 6669/350/4191
f 6669/351/4193 6659/352/4193 6655/353/4193 6666/354/4193
f 6658/355/20 6654/356/20 6675/357/20 6677/358/20
f 6659/349/4192 6661/348/4192 6684/359/134 6685/360/134
f 6672/361/4194 6665/362/4194 6662/363/4194 6673/364/4194
f 6671/365/4195 6664/366/201 6665/367/201 6672/368/4195
f 6670/369/4196 6663/370/4196 6664/371/4196 6671/372/4196
f 6673/373/4197 6662/374/204 6663/375/204 6670/376/4197
f 6665/362/4198 6669/351/4198 6666/354/4198 6662/363/4198
f 6664/366/201 6668/347/4191 6669/350/4191 6665/367/201
f 6663/370/4199 6667/343/4199 6668/346/4199 6664/371/4199
f 6662/374/204 6666/339/4188 6667/342/4188 6663/375/204
f 6654/377/207 6673/373/4197 6670/376/4197 6656/378/207
f 6656/379/4200 6670/369/4200 6671/372/4200 6660/380/4200
f 6660/381/4201 6671/365/4195 6672/368/4195 6658/382/4201
f 6658/383/4202 6672/361/4202 6673/364/4202 6654/384/4202
f 6677/385/4203 6675/386/4203 6679/387/4203 6681/388/4203
f 6656/379/5 6660/380/5 6676/389/5 6674/390/5
f 6654/377/207 6656/378/207 6674/391/178 6675/392/178
f 6660/381/4201 6658/382/4201 6677/393/134 6676/394/134
f 6678/395/48 6680/396/48 6681/397/48 6679/398/48
f 6674/390/4204 6676/389/4204 6680/399/4204 6678/400/4204
f 6676/394/213 6677/393/213 6681/401/213 6680/402/213
f 6675/392/214 6674/391/214 6678/403/214 6679/404/214
f 6685/360/215 6684/359/215 6688/405/215 6689/406/215
f 6657/341/4189 6655/340/4189 6682/407/178 6683/408/178
f 6655/409/20 6659/410/20 6685/411/20 6682/412/20
f 6661/345/5 6657/344/5 6683/413/5 6684/414/5
f 6688/145/44 6687/275/44 6686/276/44 6689/198/44
f 6683/408/216 6682/407/216 6686/415/216 6687/416/216
f 6682/417/4205 6685/418/4205 6689/419/4205 6686/420/4205
f 6684/414/4206 6683/413/4206 6687/421/4206 6688/422/4206
f 6690/142/20 6691/143/20 6693/144/20 6692/47/20
f 6692/47/48 6693/144/48 6697/145/48 6696/48/48
f 6696/146/5 6697/147/5 6695/148/5 6694/149/5
f 6691/150/20 6690/151/20 6698/152/20 6699/153/20
f 6692/53/134 6696/48/134 6694/54/134 6690/55/134
f 6697/154/219 6693/155/219 6691/156/219 6695/157/219
f 6699/153/20 6698/152/20 6702/158/20 6703/159/20
f 6690/55/155 6694/54/155 6701/54/155 6698/55/155
f 6695/157/156 6691/156/156 6699/160/156 6700/161/156
f 6694/149/5 6695/148/5 6700/162/5 6701/163/5
f 6704/164/157 6703/165/157 6707/166/157 6708/167/157
f 6700/161/158 6699/160/158 6703/165/158 6704/164/158
f 6701/163/5 6700/162/5 6704/168/5 6705/169/5
f 6698/55/159 6701/54/159 6705/54/159 6702/55/159
f 6706/55/160 6709/54/160 6713/54/160 6710/55/160
f 6705/169/5 6704/168/5 6708/170/5 6709/171/5
f 6702/55/161 6705/54/161 6709/54/161 6706/55/161
f 6703/159/20 6702/158/20 6706/172/20 6707/173/20
f 6712/174/162 6711/175/162 6715/176/162 6716/177/162
f 6707/173/20 6706/172/20 6710/178/20 6711/179/20
f 6708/167/163 6707/166/163 6711/175/163 6712/174/163
f 6709/171/5 6708/170/5 6712/180/5 6713/181/5
f 6717/182/5 6716/183/5 6720/184/5 6721/185/5
f 6713/181/5 6712/180/5 6716/183/5 6717/182/5
f 6710/55/164 6713/54/164 6717/54/164 6714/55/164
f 6711/179/20 6710/178/20 6714/186/20 6715/187/20
f 6718/55/165 6721/54/165 6725/54/165 6722/55/165
f 6714/55/166 6717/54/166 6721/54/166 6718/55/166
f 6715/187/20 6714/186/20 6718/188/20 6719/189/20
f 6716/177/167 6715/176/167 6719/190/167 6720/191/167
f 6722/55/168 6725/54/168 6729/54/168 6726/55/168
f 6719/189/20 6718/188/20 6722/192/20 6723/193/20
f 6720/191/169 6719/190/169 6723/194/169 6724/195/169
f 6721/185/5 6720/184/5 6724/196/5 6725/197/5
f 6729/54/170 6728/198/170 6727/143/170 6726/142/170
f 6723/193/173 6722/192/173 6726/199/173 6727/200/173
f 6724/195/172 6723/194/172 6727/201/172 6728/202/172
f 6725/197/171 6724/196/171 6728/203/171 6729/204/171
f 6730/205/20 6732/206/20 6733/207/20 6731/208/20
f 6732/47/44 6736/48/44 6737/145/44 6733/144/44
f 6731/208/20 6739/209/20 6738/210/20 6730/205/20
f 6732/53/134 6730/55/134 6734/54/134 6736/48/134
f 6739/209/20 6743/211/20 6742/212/20 6738/210/20
f 6730/55/220 6738/55/220 6741/54/220 6734/54/220
f 6735/213/137 6740/214/137 6739/215/137 6731/216/137
f 6734/217/5 6741/218/5 6740/219/5 6735/220/5
f 6744/221/138 6748/222/138 6747/223/138 6743/224/138
f 6740/214/139 6744/221/139 6743/224/139 6739/215/139
f 6741/218/5 6745/225/5 6744/226/5 6740/219/5
f 6738/55/140 6742/55/140 6745/54/140 6741/54/140
f 6746/55/141 6750/55/141 6753/54/141 6749/54/141
f 6745/225/5 6749/227/5 6748/228/5 6744/226/5
f 6742/55/142 6746/55/142 6749/54/142 6745/54/142
f 6743/211/20 6747/229/20 6746/230/20 6742/212/20
f 6752/231/143 6756/232/143 6755/233/143 6751/234/143
f 6747/229/20 6751/235/20 6750/236/20 6746/230/20
f 6748/222/144 6752/231/144 6751/234/144 6747/223/144
f 6749/227/5 6753/237/5 6752/238/5 6748/228/5
f 6757/239/5 6761/240/5 6760/241/5 6756/242/5
f 6753/237/5 6757/239/5 6756/242/5 6752/238/5
f 6750/55/145 6754/55/145 6757/54/145 6753/54/145
f 6751/235/20 6755/243/20 6754/244/20 6750/236/20
f 6758/55/146 6762/55/146 6765/54/146 6761/54/146
f 6754/55/147 6758/55/147 6761/54/147 6757/54/147
f 6755/243/20 6759/245/20 6758/246/20 6754/244/20
f 6756/232/148 6760/247/148 6759/248/148 6755/233/148
f 6762/55/149 6766/55/149 6769/54/149 6765/54/149
f 6759/245/20 6763/249/20 6762/250/20 6758/246/20
f 6760/247/150 6764/251/150 6763/252/150 6759/248/150
f 6761/240/5 6765/253/5 6764/254/5 6760/241/5
f 6769/54/151 6766/142/151 6767/143/151 6768/198/151
f 6763/249/154 6767/255/154 6766/256/154 6762/250/154
f 6764/251/153 6768/257/153 6767/258/153 6763/252/153
f 6765/253/152 6769/259/152 6768/260/152 6764/254/152
f 6782/261/176 6771/262/176 6773/263/176 6783/264/176
f 6783/265/177 6773/144/177 6777/145/177 6784/266/177
f 6784/267/174 6777/268/174 6775/269/174 6785/270/174
f 6785/271/175 6775/272/175 6771/273/175 6782/274/175
f 6772/53/134 6776/48/134 6774/54/134 6770/55/134
f 6777/145/178 6773/275/178 6771/276/178 6775/198/178
f 6788/277/44 6781/278/44 6778/279/44 6789/280/44
f 6787/281/5 6780/282/5 6781/283/5 6788/284/5
f 6786/285/48 6779/286/48 6780/287/48 6787/288/48
f 6789/289/20 6778/290/20 6779/291/20 6786/292/20
f 6781/278/44 6785/271/44 6782/274/44 6778/279/44
f 6780/282/5 6784/267/5 6785/270/5 6781/283/5
f 6779/286/48 6783/265/48 6784/266/48 6780/287/48
f 6778/290/20 6782/261/20 6783/264/20 6779/291/20
f 6770/293/181 6789/289/181 6786/292/181 6772/294/181
f 6772/47/182 6786/285/182 6787/288/182 6776/48/182
f 6776/295/179 6787/281/179 6788/284/179 6774/296/179
f 6774/297/180 6788/277/180 6789/280/180 6770/298/180
f 6802/299/224 6791/300/224 6793/301/224 6803/302/224
f 6803/303/222 6793/304/223 6797/305/223 6804/306/222
f 6804/307/221 6797/308/221 6795/309/221 6805/310/221
f 6805/311/225 6795/312/226 6791/313/226 6802/314/225
f 6792/53/48 6796/48/48 6794/54/48 6790/55/48
f 6797/145/44 6793/275/44 6791/276/44 6795/198/44
f 6808/315/227 6801/316/134 6798/317/134 6809/318/227
f 6807/319/5 6800/320/5 6801/321/5 6808/322/5
f 6806/323/228 6799/324/178 6800/325/178 6807/326/228
f 6809/327/20 6798/328/20 6799/329/20 6806/330/20
f 6801/316/134 6805/311/225 6802/314/225 6798/317/134
f 6800/320/5 6804/307/5 6805/310/5 6801/321/5
f 6799/324/178 6803/303/222 6804/306/222 6800/325/178
f 6798/328/20 6802/299/20 6803/302/20 6799/329/20
f 6790/331/231 6809/327/231 6806/330/231 6792/332/231
f 6792/333/230 6806/323/228 6807/326/228 6796/334/230
f 6796/335/229 6807/319/229 6808/322/229 6794/336/229
f 6794/337/232 6808/315/227 6809/318/227 6790/338/232
f 6822/339/233 6811/340/228 6813/341/228 6823/342/233
f 6823/343/236 6813/344/236 6817/345/236 6824/346/236
f 6824/347/235 6817/348/227 6815/349/227 6825/350/235
f 6825/351/234 6815/352/234 6811/353/234 6822/354/234
f 6814/355/5 6810/356/5 6831/357/5 6833/358/5
f 6815/349/227 6817/348/227 6840/359/134 6841/360/134
f 6828/361/240 6821/362/240 6818/363/240 6829/364/240
f 6827/365/238 6820/366/239 6821/367/239 6828/368/238
f 6826/369/237 6819/370/237 6820/371/237 6827/372/237
f 6829/373/241 6818/374/242 6819/375/242 6826/376/241
f 6821/362/244 6825/351/244 6822/354/244 6818/363/244
f 6820/366/239 6824/347/235 6825/350/235 6821/367/239
f 6819/370/243 6823/343/243 6824/346/243 6820/371/243
f 6818/374/242 6822/339/233 6823/342/233 6819/375/242
f 6810/377/245 6829/373/241 6826/376/241 6812/378/245
f 6812/379/248 6826/369/248 6827/372/248 6816/380/248
f 6816/381/247 6827/365/238 6828/368/238 6814/382/247
f 6814/383/246 6828/361/246 6829/364/246 6810/384/246
f 6833/385/250 6831/386/250 6835/387/250 6837/388/250
f 6812/379/20 6816/380/20 6832/389/20 6830/390/20
f 6810/377/245 6812/378/245 6830/391/178 6831/392/178
f 6816/381/247 6814/382/247 6833/393/134 6832/394/134
f 6834/395/44 6836/396/44 6837/397/44 6835/398/44
f 6830/390/249 6832/389/249 6836/399/249 6834/400/249
f 6832/394/251 6833/393/251 6837/401/251 6836/402/251
f 6831/392/252 6830/391/252 6834/403/252 6835/404/252
f 6841/360/253 6840/359/253 6844/405/253 6845/406/253
f 6813/341/228 6811/340/228 6838/407/178 6839/408/178
f 6811/409/5 6815/410/5 6841/411/5 6838/412/5
f 6817/345/20 6813/344/20 6839/413/20 6840/414/20
f 6844/145/48 6843/275/48 6842/276/48 6845/198/48
f 6839/408/254 6838/407/254 6842/415/254 6843/416/254
f 6838/417/256 6841/418/256 6845/419/256 6842/420/256
f 6840/414/255 6839/413/255 6843/421/255 6844/422/255
f 6846/423/5 6847/424/5 6849/425/5 6848/426/5
f 6848/427/44 6849/428/44 6853/429/44 6852/430/44
f 6852/431/20 6853/432/20 6851/433/20 6850/434/20
f 6850/435/48 6851/436/48 6847/437/48 6846/438/48
f 6848/439/134 6852/430/134 6850/435/134 6846/440/134
f 6849/425/5 6847/424/5 6854/441/5 6855/442/5
f 6854/437/257 6857/436/257 6861/436/257 6858/437/257
f 6847/437/258 6851/436/258 6857/436/258 6854/437/258
f 6853/429/259 6849/428/259 6855/428/259 6856/429/259
f 6851/433/20 6853/432/20 6856/443/20 6857/444/20
f 6860/429/178 6859/445/178 6858/446/178 6861/436/178
f 6856/429/260 6855/428/260 6859/428/260 6860/429/260
f 6857/444/20 6856/443/20 6860/447/20 6861/448/20
f 6855/442/5 6854/441/5 6858/449/5 6859/450/5
f 6862/423/20 6863/424/20 6865/425/20 6864/426/20
f 6864/427/48 6865/428/48 6869/429/48 6868/430/48
f 6868/431/5 6869/432/5 6867/433/5 6866/434/5
f 6866/435/44 6867/436/44 6863/437/44 6862/438/44
f 6864/439/134 6868/430/134 6866/435/134 6862/440/134
f 6865/425/20 6863/424/20 6870/441/20 6871/442/20
f 6870/437/260 6873/436/260 6877/436/260 6874/437/260
f 6863/437/259 6867/436/259 6873/436/259 6870/437/259
f 6869/429/258 6865/428/258 6871/428/258 6872/429/258
f 6867/433/5 6869/432/5 6872/443/5 6873/444/5
f 6876/429/178 6875/445/178 6874/446/178 6877/436/178
f 6872/429/257 6871/428/257 6875/428/257 6876/429/257
f 6873/444/5 6872/443/5 6876/447/5 6877/448/5
f 6871/442/20 6870/441/20 6874/449/20 6875/450/20
f 6890/1023/4207 6891/1024/4207 6881/1025/4208 6879/1026/4209
f 6891/1027/4210 6892/1028/4211 6885/1029/4212 6881/1030/4213
f 6892/1031/4214 6893/1032/4214 6883/1033/4134 6885/1034/4215
f 6893/1035/4216 6890/1036/4216 6879/1037/4217 6883/1038/4217
f 6882/1039/4218 6901/1040/685 6899/1041/685 6878/1042/4218
f 6883/1033/4134 6909/1043/4219 6908/1044/4220 6885/1034/4215
f 6896/1045/4221 6897/1046/4221 6886/1047/4222 6889/1048/4222
f 6895/1049/4223 6896/1050/4223 6889/1051/4224 6888/1052/4225
f 6894/1053/4226 6895/1054/4226 6888/1055/4227 6887/1056/4227
f 6897/1057/4228 6894/1058/4228 6887/1059/4229 6886/1060/4230
f 6889/1048/4222 6886/1047/4222 6890/1036/4216 6893/1035/4216
f 6888/1052/4225 6889/1051/4224 6893/1032/4214 6892/1031/4214
f 6887/1056/4227 6888/1055/4227 6892/1028/4211 6891/1027/4210
f 6886/1060/4230 6887/1059/4229 6891/1024/4207 6890/1023/4207
f 6878/1061/4231 6880/1062/4232 6894/1058/4228 6897/1057/4228
f 6880/1063/4233 6884/1064/4233 6895/1054/4226 6894/1053/4226
f 6884/1065/4234 6882/1066/4235 6896/1050/4223 6895/1049/4223
f 6882/1039/4218 6878/1042/4218 6897/1046/4221 6896/1045/4221
f 6901/1040/4236 6905/1067/4236 6903/1068/4236 6899/1041/4236
f 6880/1063/4233 6898/1069/684 6900/1070/684 6884/1064/4233
f 6878/1061/4231 6899/1071/134 6898/1072/134 6880/1062/4232
f 6884/1065/4234 6900/1073/178 6901/1074/178 6882/1066/4235
f 6904/1075/178 6920/1076/178 6921/1077/178 6905/1078/178
f 6898/1069/4237 6902/1079/4237 6904/1080/4237 6900/1070/4237
f 6900/1073/4238 6904/1075/4238 6905/1078/4238 6901/1074/4238
f 6899/1071/4239 6903/1081/4239 6902/1082/4239 6898/1072/4239
f 6909/1043/4219 6913/1083/4240 6912/1084/4241 6908/1044/4220
f 6881/1025/4208 6907/1085/4242 6906/1086/4243 6879/1026/4209
f 6879/1037/4217 6906/1087/685 6909/1088/685 6883/1038/4217
f 6885/1029/4212 6908/1089/684 6907/1090/684 6881/1030/4213
f 6913/1083/4240 6917/1091/178 6916/1092/178 6912/1084/4241
f 6907/1085/4242 6911/1093/4244 6910/1094/4245 6906/1086/4243
f 6906/1087/4246 6910/1095/4246 6913/1096/4246 6909/1088/4246
f 6908/1089/4247 6912/1097/4247 6911/1098/4247 6907/1090/4247
f 6916/1099/657 6917/1100/657 6914/1101/657 6915/1102/657
f 6911/1093/4244 6915/1103/134 6914/1104/134 6910/1094/4245
f 6910/1095/685 6914/1105/685 6917/1106/685 6913/1096/685
f 6912/1097/684 6916/1107/684 6915/1108/684 6911/1098/684
f 6918/1109/676 6919/1110/676 6921/1111/676 6920/1112/676
f 6903/1081/134 6919/1113/134 6918/1114/134 6902/1082/134
f 6905/1067/685 6921/1115/685 6919/1116/685 6903/1068/685
f 6902/1079/684 6918/1117/684 6920/1118/684 6904/1080/684
f 6934/1023/4207 6935/1024/4207 6925/1025/4208 6923/1026/4209
f 6935/1027/4248 6936/1028/4249 6929/1029/4250 6925/1030/4251
f 6936/1031/4214 6937/1032/4214 6927/1033/4134 6929/1034/4215
f 6937/1035/4252 6934/1036/4253 6923/1037/4254 6927/1038/4254
f 6926/1039/4255 6945/1040/4256 6943/1041/4256 6922/1042/4255
f 6927/1033/4134 6953/1043/4257 6952/1044/4258 6929/1034/4215
f 6940/1045/4259 6941/1046/4259 6930/1047/4260 6933/1048/4260
f 6939/1049/4261 6940/1050/4261 6933/1051/4224 6932/1052/4225
f 6938/1053/4262 6939/1054/4262 6932/1055/4227 6931/1056/4227
f 6941/1057/4263 6938/1058/4263 6931/1059/4229 6930/1060/4230
f 6933/1048/4260 6930/1047/4260 6934/1036/4253 6937/1035/4252
f 6932/1052/4225 6933/1051/4224 6937/1032/4214 6936/1031/4214
f 6931/1056/4227 6932/1055/4227 6936/1028/4249 6935/1027/4248
f 6930/1060/4230 6931/1059/4229 6935/1024/4207 6934/1023/4207
f 6922/1061/4231 6924/1062/4232 6938/1058/4263 6941/1057/4263
f 6924/1063/4264 6928/1064/4264 6939/1054/4262 6938/1053/4262
f 6928/1065/4234 6926/1066/4235 6940/1050/4261 6939/1049/4261
f 6926/1039/4255 6922/1042/4255 6941/1046/4259 6940/1045/4259
f 6945/1040/4265 6949/1067/4265 6947/1068/4265 6943/1041/4265
f 6924/1063/4264 6942/1069/4266 6944/1070/4266 6928/1064/4264
f 6922/1061/4231 6943/1071/134 6942/1072/134 6924/1062/4232
f 6928/1065/4234 6944/1073/178 6945/1074/178 6926/1066/4235
f 6948/1075/178 6964/1076/178 6965/1077/178 6949/1078/178
f 6942/1069/4267 6946/1079/4267 6948/1080/4267 6944/1070/4267
f 6944/1073/4268 6948/1075/4268 6949/1078/4268 6945/1074/4268
f 6943/1071/4269 6947/1081/4269 6946/1082/4269 6942/1072/4269
f 6953/1043/4257 6957/1083/4270 6956/1084/4271 6952/1044/4258
f 6925/1025/4208 6951/1085/4272 6950/1086/4272 6923/1026/4209
f 6923/1037/4254 6950/1087/4256 6953/1088/4256 6927/1038/4254
f 6929/1029/4250 6952/1089/4266 6951/1090/4266 6925/1030/4251
f 6957/1083/4270 6961/1091/178 6960/1092/178 6956/1084/4271
f 6951/1085/4272 6955/1093/4273 6954/1094/4273 6950/1086/4272
f 6950/1087/4274 6954/1095/4274 6957/1096/4274 6953/1088/4274
f 6952/1089/4275 6956/1097/4275 6955/1098/4275 6951/1090/4275
f 6960/1099/4276 6961/1100/4276 6958/1101/4276 6959/1102/4276
f 6955/1093/4273 6959/1103/134 6958/1104/134 6954/1094/4273
f 6954/1095/4256 6958/1105/4256 6961/1106/4256 6957/1096/4256
f 6956/1097/4266 6960/1107/4266 6959/1108/4266 6955/1098/4266
f 6962/1109/4277 6963/1110/4277 6965/1111/4277 6964/1112/4277
f 6947/1081/134 6963/1113/134 6962/1114/134 6946/1082/134
f 6949/1067/4256 6965/1115/4256 6963/1116/4256 6947/1068/4256
f 6946/1079/4266 6962/1117/4266 6964/1118/4266 6948/1080/4266
f 6978/1023/4278 6979/1024/4278 6969/1025/4279 6967/1026/4280
f 6979/1027/4281 6980/1028/4281 6973/1029/4281 6969/1030/4281
f 6980/1031/4282 6981/1032/4282 6971/1033/4283 6973/1034/4283
f 6981/1035/4284 6978/1036/4284 6967/1037/4284 6971/1038/4284
f 6970/1039/4285 6989/1040/4285 6987/1041/4285 6966/1042/4285
f 6971/1033/4283 6997/1043/178 6996/1044/178 6973/1034/4283
f 6984/1045/4286 6985/1046/4286 6974/1047/4287 6977/1048/4287
f 6983/1049/4288 6984/1050/4288 6977/1051/4289 6976/1052/4289
f 6982/1053/4290 6983/1054/4291 6976/1055/4292 6975/1056/4292
f 6985/1057/4293 6982/1058/4293 6975/1059/4294 6974/1060/4294
f 6977/1048/4295 6974/1047/4295 6978/1036/4295 6981/1035/4295
f 6976/1052/4289 6977/1051/4289 6981/1032/4282 6980/1031/4282
f 6975/1056/4296 6976/1055/4296 6980/1028/4296 6979/1027/4296
f 6974/1060/4294 6975/1059/4294 6979/1024/4278 6978/1023/4278
f 6966/1061/4297 6968/1062/4297 6982/1058/4293 6985/1057/4293
f 6968/1063/4298 6972/1064/4298 6983/1054/4291 6982/1053/4290
f 6972/1065/4299 6970/1066/4299 6984/1050/4288 6983/1049/4288
f 6970/1039/4300 6966/1042/4300 6985/1046/4286 6984/1045/4286
f 6989/1040/4301 6993/1067/4301 6991/1068/4301 6987/1041/4301
f 6968/1063/4302 6986/1069/4302 6988/1070/4302 6972/1064/4302
f 6966/1061/4297 6987/1071/134 6986/1072/134 6968/1062/4297
f 6972/1065/4299 6988/1073/178 6989/1074/178 6970/1066/4299
f 6992/1075/178 7008/1076/178 7009/1077/178 6993/1078/178
f 6986/1069/4303 6990/1079/4303 6992/1080/4303 6988/1070/4303
f 6988/1073/4304 6992/1075/4304 6993/1078/4304 6989/1074/4304
f 6987/1071/4305 6991/1081/4305 6990/1082/4305 6986/1072/4305
f 6997/1043/4306 7001/1083/4306 7000/1084/4306 6996/1044/4306
f 6969/1025/4279 6995/1085/134 6994/1086/134 6967/1026/4280
f 6967/1037/4307 6994/1087/4307 6997/1088/4307 6971/1038/4307
f 6973/1029/4302 6996/1089/4302 6995/1090/4302 6969/1030/4302
f 7001/1083/178 7005/1091/178 7004/1092/178 7000/1084/178
f 6995/1085/4308 6999/1093/4308 6998/1094/4308 6994/1086/4308
f 6994/1087/4309 6998/1095/4309 7001/1096/4309 6997/1088/4309
f 6996/1089/4310 7000/1097/4310 6999/1098/4310 6995/1090/4310
f 7004/1099/4311 7005/1100/4311 7002/1101/4311 7003/1102/4311
f 6999/1093/134 7003/1103/134 7002/1104/134 6998/1094/134
f 6998/1095/4285 7002/1105/4285 7005/1106/4285 7001/1096/4285
f 7000/1097/4302 7004/1107/4302 7003/1108/4302 6999/1098/4302
f 7006/1109/4312 7007/1110/4312 7009/1111/4312 7008/1112/4312
f 6991/1081/134 7007/1113/134 7006/1114/134 6990/1082/134
f 6993/1067/4285 7009/1115/4285 7007/1116/4285 6991/1068/4285
f 6990/1079/4313 7006/1117/4313 7008/1118/4313 6992/1080/4313
f 7022/1023/4314 7023/1024/4314 7013/1025/4315 7011/1026/4315
f 7023/1027/4316 7024/1028/4316 7017/1029/4316 7013/1030/4316
f 7024/1031/4317 7025/1032/4317 7015/1033/4318 7017/1034/4318
f 7025/1035/4319 7022/1036/4319 7011/1037/4319 7015/1038/4319
f 7014/1039/657 7033/1040/657 7031/1041/657 7010/1042/657
f 7015/1033/4318 7041/1043/178 7040/1044/178 7017/1034/4318
f 7028/1045/4320 7029/1046/4321 7018/1047/4322 7021/1048/4322
f 7027/1049/4323 7028/1050/4323 7021/1051/4324 7020/1052/4325
f 7026/1053/4326 7027/1054/4327 7020/1055/4328 7019/1056/4328
f 7029/1057/4329 7026/1058/4329 7019/1059/4330 7018/1060/4330
f 7021/1048/783 7018/1047/783 7022/1036/783 7025/1035/783
f 7020/1052/4325 7021/1051/4324 7025/1032/4317 7024/1031/4317
f 7019/1056/4331 7020/1055/4331 7024/1028/4331 7023/1027/4331
f 7018/1060/4330 7019/1059/4330 7023/1024/4314 7022/1023/4314
f 7010/1061/4332 7012/1062/4332 7026/1058/4329 7029/1057/4329
f 7012/1063/804 7016/1064/804 7027/1054/4327 7026/1053/4326
f 7016/1065/4333 7014/1066/4333 7028/1050/4323 7027/1049/4323
f 7014/1039/4334 7010/1042/4334 7029/1046/4321 7028/1045/4320
f 7033/1040/4335 7037/1067/4335 7035/1068/4335 7031/1041/4335
f 7012/1063/676 7030/1069/676 7032/1070/676 7016/1064/676
f 7010/1061/4332 7031/1071/134 7030/1072/134 7012/1062/4332
f 7016/1065/4333 7032/1073/178 7033/1074/178 7014/1066/4333
f 7036/1075/178 7052/1076/178 7053/1077/178 7037/1078/178
f 7030/1069/4336 7034/1079/4336 7036/1080/4336 7032/1070/4336
f 7032/1073/4337 7036/1075/4337 7037/1078/4337 7033/1074/4337
f 7031/1071/4338 7035/1081/4338 7034/1082/4338 7030/1072/4338
f 7041/1043/4339 7045/1083/4339 7044/1084/4339 7040/1044/4339
f 7013/1025/4315 7039/1085/4340 7038/1086/4341 7011/1026/4315
f 7011/1037/657 7038/1087/657 7041/1088/657 7015/1038/657
f 7017/1029/676 7040/1089/676 7039/1090/676 7013/1030/676
f 7045/1083/178 7049/1091/178 7048/1092/178 7044/1084/178
f 7039/1085/4340 7043/1093/4342 7042/1094/4343 7038/1086/4341
f 7038/1087/4344 7042/1095/4344 7045/1096/4344 7041/1088/4344
f 7040/1089/4345 7044/1097/4345 7043/1098/4345 7039/1090/4345
f 7048/1099/4346 7049/1100/4346 7046/1101/4346 7047/1102/4346
f 7043/1093/4342 7047/1103/134 7046/1104/134 7042/1094/4343
f 7042/1095/657 7046/1105/657 7049/1106/657 7045/1096/657
f 7044/1097/676 7048/1107/676 7047/1108/676 7043/1098/676
f 7050/1109/4347 7051/1110/4347 7053/1111/4347 7052/1112/4347
f 7035/1081/134 7051/1113/134 7050/1114/134 7034/1082/134
f 7037/1067/657 7053/1115/657 7051/1116/657 7035/1068/657
f 7034/1079/676 7050/1117/676 7052/1118/676 7036/1080/676
f 7066/1023/4348 7067/1024/4348 7057/1025/4349 7055/1026/4349
f 7067/1027/4350 7068/1028/4350 7061/1029/4351 7057/1030/4351
f 7068/1031/4352 7069/1032/4352 7059/1033/4353 7061/1034/4353
f 7069/1035/4354 7066/1036/4355 7055/1037/4356 7059/1038/4356
f 7058/1039/4357 7077/1040/4358 7075/1041/4358 7054/1042/4359
f 7059/1033/4353 7085/1043/178 7084/1044/178 7061/1034/4353
f 7072/1045/4360 7073/1046/4360 7062/1047/4361 7065/1048/4361
f 7071/1049/4362 7072/1050/4362 7065/1051/4363 7064/1052/4363
f 7070/1053/4364 7071/1054/4365 7064/1055/4226 7063/1056/4226
f 7073/1057/4366 7070/1058/4366 7063/1059/4367 7062/1060/4367
f 7065/1048/4368 7062/1047/4368 7066/1036/4355 7069/1035/4354
f 7064/1052/4363 7065/1051/4363 7069/1032/4352 7068/1031/4352
f 7063/1056/4369 7064/1055/4369 7068/1028/4350 7067/1027/4350
f 7062/1060/4367 7063/1059/4367 7067/1024/4348 7066/1023/4348
f 7054/1061/4370 7056/1062/4371 7070/1058/4366 7073/1057/4366
f 7056/1063/4372 7060/1064/4372 7071/1054/4365 7070/1053/4364
f 7060/1065/4373 7058/1066/4374 7072/1050/4362 7071/1049/4362
f 7058/1039/4357 7054/1042/4359 7073/1046/4360 7072/1045/4360
f 7077/1040/4375 7081/1067/4375 7079/1068/4375 7075/1041/4375
f 7056/1063/4372 7074/1069/4376 7076/1070/4376 7060/1064/4372
f 7054/1061/4370 7075/1071/134 7074/1072/134 7056/1062/4371
f 7060/1065/4373 7076/1073/178 7077/1074/178 7058/1066/4374
f 7080/1075/178 7096/1076/178 7097/1077/178 7081/1078/178
f 7074/1069/4377 7078/1079/4377 7080/1080/4377 7076/1070/4377
f 7076/1073/4378 7080/1075/4378 7081/1078/4378 7077/1074/4378
f 7075/1071/4379 7079/1081/4379 7078/1082/4379 7074/1072/4379
f 7085/1043/4380 7089/1083/4380 7088/1084/4380 7084/1044/4380
f 7057/1025/4349 7083/1085/134 7082/1086/134 7055/1026/4349
f 7055/1037/4358 7082/1087/4358 7085/1088/4358 7059/1038/4358
f 7061/1029/4376 7084/1089/4376 7083/1090/4376 7057/1030/4376
f 7089/1083/178 7093/1091/178 7092/1092/178 7088/1084/178
f 7083/1085/4381 7087/1093/4381 7086/1094/4381 7082/1086/4381
f 7082/1087/4382 7086/1095/4382 7089/1096/4382 7085/1088/4382
f 7084/1089/4383 7088/1097/4383 7087/1098/4383 7083/1090/4383
f 7092/1099/4384 7093/1100/4384 7090/1101/4384 7091/1102/4384
f 7087/1093/134 7091/1103/134 7090/1104/134 7086/1094/134
f 7086/1095/4358 7090/1105/4358 7093/1106/4358 7089/1096/4358
f 7088/1097/4376 7092/1107/4376 7091/1108/4376 7087/1098/4376
f 7094/1109/4385 7095/1110/4385 7097/1111/4385 7096/1112/4385
f 7079/1081/134 7095/1113/134 7094/1114/134 7078/1082/134
f 7081/1067/4358 7097/1115/4358 7095/1116/4358 7079/1068/4358
f 7078/1079/4376 7094/1117/4376 7096/1118/4376 7080/1080/4376
f 7134/1369/1196 7121/1370/1197 7101/1371/1198 7128/1372/1199
f 7128/1373/1199 7101/1374/1198 7105/1375/1200 7129/1376/1201
f 7133/1377/1202 7185/1378/4386 7186/1379/4387
f 7130/1380/1205 7103/1381/1206 7099/1382/1207 7127/1383/1208
f 7116/1384/1209 7119/1385/1210 7102/1386/1211 7098/1387/1212
f 7117/1388/1213 7118/1389/1197 7099/1390/1207 7103/1391/1206
f 7137/1392/1205 7109/1393/1205 7106/1394/1208 7138/1395/1208
f 7142/1396/1202 7155/1397/4388 7160/1398/4389 7152/1399/4390 7109/1400/1205 7137/1401/1205 7200/1402/4391 7207/1403/4392 7206/1404/4393 7199/1405/4394
f 7135/1406/1199 7107/1407/1199 7108/1408/1201 7136/1409/1201
f 7144/1410/1196 7123/1411/1196 7107/1412/1199 7135/1413/1199
f 7141/1414/1196 7120/1415/1196 7115/1416/1196 7139/1417/1196
f 7143/1418/1202 7126/1419/1202 7149/1420/4395 7148/1421/4396 7145/1422/4397
f 7125/1423/1213 7121/1424/1197 7111/1425/1197 7113/1426/1213
f 7124/1427/1209 7122/1428/1210 7112/1429/1210 7110/1430/1209
f 7190/1431/4398 7186/1432/4387 7276/1432/4399 7280/1431/4400
f 7132/1433/1196 7118/1434/1197 7111/1435/1197 7131/1436/1196
f 7127/1437/1208 7099/1438/1207 7118/1434/1197 7132/1433/1196
f 7138/1439/1208 7106/1440/1208 7120/1415/1196 7141/1414/1196
f 7140/1441/1202 7114/1442/1202 7154/1443/4401 7157/1444/4402 7156/1445/4403 7224/1446/4404 7223/1447/1231 7226/1448/4405
f 7113/1426/1213 7111/1425/1197 7118/1389/1197 7117/1388/1213 7177/1449/4406
f 7110/1430/1209 7112/1429/1210 7119/1385/1210 7116/1384/1209
f 7229/1450/4407 7230/1451/4408 7320/1451/4409 7319/1450/4410
f 7129/1452/1201 7105/1453/1200 7125/1454/1213 7164/1455/4411 7167/1456/4412 7166/1457/4413
f 7100/1458/1241 7104/1459/1242 7122/1428/1210 7124/1427/1209
f 7105/1460/1200 7101/1461/1198 7121/1424/1197 7125/1423/1213
f 7136/1462/1201 7108/1463/1201 7215/1464/4414 7222/1465/4415 7221/1466/4416 7216/1467/4417 7126/1419/1202 7143/1418/1202 7209/1468/4418 7213/1469/4419 7214/1470/4420 7208/1471/4421
f 7139/1417/1196 7115/1416/1196 7123/1411/1196 7144/1410/1196
f 7131/1436/1196 7111/1435/1197 7121/1370/1197 7134/1369/1196
f 7115/1416/1196 7131/1436/1196 7134/1369/1196 7123/1411/1196
f 7108/1463/1201 7129/1452/1201 7166/1457/4413 7165/1472/4422 7126/1419/1202 7216/1467/4417 7217/1473/4423 7220/1474/4424 7219/1475/4425 7218/1476/4426 7215/1464/4414
f 7114/1442/1202 7176/1477/4427 7175/1478/4428 7151/1479/4429 7159/1480/4430 7158/1481/4431 7154/1443/4401
f 7106/1440/1208 7127/1437/1208 7132/1433/1196 7120/1415/1196
f 7120/1415/1196 7132/1433/1196 7131/1436/1196 7115/1416/1196
f 7126/1419/1202 7165/1472/4422 7170/1482/4432 7169/1483/4433 7168/1484/4434 7163/1485/4435 7174/1486/4436 7176/1477/4427 7114/1442/1202
f 7109/1393/1205 7130/1380/1205 7127/1383/1208 7106/1394/1208
f 7170/1487/4432 7165/1488/4422 7258/1488/4437 7262/1487/4438
f 7107/1407/1199 7128/1373/1199 7129/1376/1201 7108/1408/1201
f 7123/1411/1196 7134/1369/1196 7128/1372/1199 7107/1412/1199
f 7110/1489/1209 7139/1417/1196 7144/1410/1196 7124/1490/1209
f 7104/1491/1242 7136/1462/1201 7208/1471/4421 7212/1492/4439 7211/1493/4440 7210/1494/4441 7209/1468/4418 7143/1418/1202 7122/1495/1210
f 7112/1496/1210 7140/1441/1202 7142/1396/1202 7197/1497/4442 7204/1498/4443 7205/1499/4444 7229/1500/4407 7228/1501/4445 7227/1502/4446 7231/1503/4447
f 7098/1504/1212 7138/1439/1208 7141/1414/1196 7116/1505/1209
f 7122/1495/1210 7143/1418/1202 7145/1422/4397 7140/1441/1202 7112/1496/1210
f 7116/1505/1209 7141/1414/1196 7139/1417/1196 7110/1489/1209
f 7124/1490/1209 7144/1410/1196 7135/1413/1199 7100/1506/1241
f 7100/1507/1241 7135/1406/1199 7136/1409/1201 7104/1508/1242
f 7119/1509/1210 7198/1510/4448 7202/1511/4449 7203/1512/4450 7200/1402/4391 7137/1401/1205 7102/1513/1211
f 7102/1514/1211 7137/1392/1205 7138/1395/1208 7098/1515/1212
f 7145/1422/4397 7147/1516/4451 7140/1441/1202
f 7140/1441/1202 7147/1516/4451 7146/1517/4452 7150/1518/4453 7149/1420/4395 7126/1419/1202 7114/1442/1202
f 7189/1519/4454 7190/1431/4398 7280/1431/4400 7279/1519/4455
f 7228/1520/4445 7229/1450/4407 7319/1450/4410 7318/1520/4456
f 7169/1521/4433 7170/1487/4432 7262/1487/4438 7261/1521/4457
f 7153/1522/4458 7151/1479/4429 7133/1377/1202
f 7188/1523/4459 7189/1524/4454 7279/1525/4455 7278/1526/4460
f 7152/1399/4390 7162/1527/4461 7161/1528/4462 7153/1522/4458 7133/1377/1202 7186/1379/4387 7190/1529/4398 7189/1524/4454 7188/1523/4459 7187/1530/4463 7130/1531/1205 7109/1400/1205
f 7206/1532/4393 7207/1533/4392 7297/1533/4464 7296/1532/4465
f 7227/1534/4446 7228/1520/4445 7318/1520/4456 7317/1534/4466
f 7168/1535/4434 7169/1521/4433 7261/1521/4457 7260/1535/4467
f 7163/1485/4435 7171/1536/4468 7173/1537/4469 7172/1538/4470 7164/1455/4411 7125/1454/1213 7113/1539/1213 7178/1540/4471 7181/1541/4472 7180/1542/4473 7179/1543/4474 7174/1486/4436
f 7187/1544/4463 7188/1545/4459 7278/1545/4460 7277/1544/4475
f 7207/1533/4392 7200/1546/4391 7290/1546/4391 7297/1533/4464
f 7163/1547/4435 7168/1535/4434 7260/1535/4467 7257/1547/4476
f 7175/1478/4428 7182/1548/4477 7177/1549/4406 7117/1550/1213 7184/1551/1307 7196/1552/4478 7195/1553/4479 7185/1378/4386 7133/1377/1202 7151/1479/4429
f 7177/1549/4406 7183/1554/4480 7178/1540/4471 7113/1539/1213
f 7199/1555/4394 7206/1532/4393 7296/1532/4465 7289/1555/4394
f 7150/1556/4453 7146/1557/4452 7241/1557/4481 7246/1556/4482
f 7187/1530/4463 7192/1558/4483 7191/1559/4484 7194/1560/4485 7193/1561/4486 7184/1551/1307 7117/1550/1213 7103/1562/1206 7130/1531/1205
f 7165/1488/4422 7166/1563/4413 7239/1563/4413 7258/1488/4437
f 7198/1564/4448 7205/1565/4444 7295/1565/4487 7288/1564/4448
f 7199/1405/4394 7201/1566/4488 7197/1497/4442 7142/1396/1202
f 7226/1567/4405 7223/1568/1231 7313/1568/4489 7316/1567/4490
f 7149/1569/4395 7150/1556/4453 7246/1556/4482 7245/1569/4491
f 7167/1570/4412 7164/1571/4411 7237/1571/4411 7259/1570/4492
f 7205/1565/4444 7204/1572/4443 7294/1572/4493 7295/1565/4487
f 7225/1573/4494 7226/1567/4405 7316/1567/4490 7315/1573/4495
f 7148/1574/4396 7149/1569/4395 7245/1569/4491 7244/1574/4496
f 7166/1563/4413 7167/1570/4412 7259/1570/4492 7239/1563/4413
f 7225/1575/4494 7224/1446/4404 7156/1445/4403 7155/1397/4388 7142/1396/1202 7140/1441/1202 7226/1448/4405
f 7204/1572/4443 7197/1576/4442 7287/1576/4442 7294/1572/4493
f 7230/1577/4408 7229/1500/4407 7205/1499/4444 7198/1510/4448 7119/1509/1210 7112/1496/1210 7231/1503/4447
f 7238/1578/1202 7237/1579/4411 7264/1580/4497 7265/1581/4498 7263/1582/4499 7257/1583/4476
f 7236/1584/1202 7235/1585/4471 7273/1586/4500 7271/1587/4501 7272/1588/4410 7266/1589/4502
f 7233/1590/1202 7234/1591/4503 7255/1592/4504 7256/1593/4505 7247/1594/4506
f 7246/1595/4482 7241/1596/4481 7242/1597/4507 7243/1598/4508 7244/1599/4496 7245/1600/4491
f 7248/1601/4509 7249/1602/4510 7250/1603/4511 7232/1604/4512 7233/1590/1202
f 7232/1604/4512 7252/1605/4513 7253/1606/4514 7251/1607/4515 7234/1591/4503 7233/1590/1202
f 7247/1594/4506 7254/1608/4516 7248/1601/4509 7233/1590/1202
f 7239/1609/4413 7259/1610/4492 7237/1579/4411 7238/1578/1202
f 7258/1611/4437 7239/1609/4413 7238/1578/1202
f 7257/1583/4476 7260/1612/4467 7261/1613/4457 7262/1614/4438 7258/1611/4437 7238/1578/1202
f 7240/1615/4436 7268/1616/4517 7269/1617/4518 7270/1618/4519 7235/1585/4471 7236/1584/1202
f 7267/1619/4520 7240/1615/4436 7236/1584/1202
f 7266/1589/4502 7267/1619/4520 7236/1584/1202
f 7277/1620/4475 7278/1526/4460 7279/1525/4455 7280/1621/4400 7276/1622/4399
f 7276/1622/4399 7275/1623/4521 7274/1624/1355 7283/1625/4522 7284/1626/4523 7281/1627/4524 7282/1628/4525 7277/1620/4475
f 7275/1623/4521 7285/1629/4526 7286/1630/4527 7274/1624/1355
f 7290/1631/4391 7293/1632/4528 7292/1633/4529 7288/1634/4448 7287/1635/4442 7291/1636/4530 7289/1637/4394
f 7288/1634/4448 7295/1638/4487 7294/1639/4493 7287/1635/4442
f 7289/1637/4394 7296/1640/4465 7297/1641/4464 7290/1631/4391
f 7299/1642/4531 7300/1643/4532 7301/1644/4533 7302/1645/4534 7298/1646/4535
f 7298/1646/4535 7304/1647/4536 7303/1648/4537 7299/1642/4531
f 7305/1649/4538 7308/1650/4539 7309/1651/4540 7310/1652/4541 7307/1653/4542 7306/1654/4543
f 7306/1654/4543 7311/1655/4544 7312/1656/4545 7305/1649/4538
f 7316/1657/4490 7313/1658/4489 7314/1659/1380 7315/1660/4495
f 7321/1661/4546 7317/1662/4466 7318/1663/4456 7319/1664/4410 7320/1665/4409
f 7171/1536/4468 7163/1485/4435 7257/1583/4476 7263/1582/4499
f 7230/1451/4408 7231/1666/4447 7321/1666/4546 7320/1451/4409
f 7209/1468/4418 7210/1494/4441 7300/1643/4532 7299/1642/4531
f 7191/1667/4484 7192/1668/4483 7282/1668/4525 7281/1667/4524
f 7164/1571/4411 7172/1669/4470 7264/1669/4497 7237/1571/4411
f 7231/1666/4447 7227/1534/4446 7317/1534/4466 7321/1666/4546
f 7210/1670/4441 7211/1671/4440 7301/1671/4533 7300/1670/4532
f 7192/1668/4483 7187/1544/4463 7277/1544/4475 7282/1668/4525
f 7172/1669/4470 7173/1672/4469 7265/1672/4498 7264/1669/4497
f 7211/1671/4440 7212/1673/4439 7302/1673/4534 7301/1671/4533
f 7186/1432/4387 7185/1674/4386 7275/1674/4521 7276/1432/4399
f 7173/1672/4469 7171/1675/4468 7263/1675/4499 7265/1672/4498
f 7155/1676/4388 7156/1677/4403 7249/1677/4510 7248/1676/4509
f 7212/1673/4439 7208/1678/4421 7298/1678/4535 7302/1673/4534
f 7184/1679/1307 7193/1680/4486 7283/1680/4522 7274/1679/1355
f 7156/1677/4403 7157/1681/4402 7250/1681/4511 7249/1677/4510
f 7213/1682/4419 7209/1683/4418 7299/1683/4531 7303/1682/4537
f 7193/1680/4486 7194/1684/4485 7284/1684/4523 7283/1680/4522
f 7157/1681/4402 7154/1685/4401 7232/1685/4512 7250/1681/4511
f 7208/1678/4421 7214/1686/4420 7304/1686/4536 7298/1678/4535
f 7194/1684/4485 7191/1667/4484 7281/1667/4524 7284/1684/4523
f 7151/1687/4429 7153/1688/4458 7234/1688/4503 7251/1687/4515
f 7214/1686/4420 7213/1682/4419 7303/1682/4537 7304/1686/4536
f 7185/1674/4386 7195/1689/4479 7285/1689/4526 7275/1674/4521
f 7154/1685/4401 7158/1690/4431 7252/1690/4513 7232/1685/4512
f 7195/1689/4479 7196/1691/4478 7286/1691/4527 7285/1689/4526
f 7158/1690/4431 7159/1692/4430 7253/1692/4514 7252/1690/4513
f 7196/1691/4478 7184/1679/1307 7274/1679/1355 7286/1691/4527
f 7174/1693/4436 7179/1694/4474 7268/1694/4517 7240/1693/4436
f 7159/1692/4430 7151/1687/4429 7251/1687/4515 7253/1692/4514
f 7217/1695/4423 7216/1696/4417 7306/1696/4543 7307/1695/4542
f 7179/1694/4474 7180/1697/4473 7269/1697/4518 7268/1694/4517
f 7152/1399/4390 7160/1398/4389 7254/1608/4516 7247/1594/4506
f 7215/1698/4414 7218/1699/4426 7308/1699/4539 7305/1698/4538
f 7180/1697/4473 7181/1700/4472 7270/1700/4519 7269/1697/4518
f 7160/1701/4389 7155/1676/4388 7248/1676/4509 7254/1701/4516
f 7218/1699/4426 7219/1702/4425 7309/1702/4540 7308/1699/4539
f 7181/1700/4472 7178/1703/4471 7235/1703/4471 7270/1700/4519
f 7153/1688/4458 7161/1704/4462 7255/1704/4504 7234/1688/4503
f 7219/1702/4425 7220/1705/4424 7310/1705/4541 7309/1702/4540
f 7176/1706/4427 7174/1693/4436 7240/1693/4436 7267/1706/4520
f 7161/1704/4462 7162/1707/4461 7256/1707/4505 7255/1704/4504
f 7220/1705/4424 7217/1695/4423 7307/1695/4542 7310/1705/4541
f 7201/1708/4488 7199/1555/4394 7289/1555/4394 7291/1708/4530
f 7175/1709/4428 7176/1706/4427 7267/1706/4520 7266/1709/4502
f 7162/1707/4461 7152/1710/4390 7247/1710/4506 7256/1707/4505
f 7216/1711/4417 7221/1712/4416 7311/1713/4544 7306/1714/4543
f 7197/1576/4442 7201/1708/4488 7291/1708/4530 7287/1576/4442
f 7177/1549/4406 7182/1548/4477 7272/1588/4410 7271/1587/4501
f 7221/1715/4416 7222/1716/4415 7312/1716/4545 7311/1715/4544
f 7202/1717/4449 7198/1564/4448 7288/1564/4448 7292/1717/4529
f 7182/1548/4477 7175/1478/4428 7266/1589/4502 7272/1588/4410
f 7146/1718/4452 7147/1719/4451 7242/1720/4507 7241/1721/4481
f 7222/1716/4415 7215/1698/4414 7305/1698/4538 7312/1716/4545
f 7203/1722/4450 7202/1717/4449 7292/1717/4529 7293/1722/4528
f 7178/1703/4471 7183/1723/4480 7273/1723/4500 7235/1703/4471
f 7147/1724/4451 7145/1725/4397 7243/1725/4508 7242/1724/4507
f 7223/1568/1231 7224/1726/4404 7314/1726/1380 7313/1568/4489
f 7200/1546/4391 7203/1722/4450 7293/1722/4528 7290/1546/4391
f 7183/1723/4480 7177/1727/4406 7271/1727/4501 7273/1723/4500
f 7145/1725/4397 7148/1574/4396 7244/1574/4496 7243/1725/4508
f 7224/1726/4404 7225/1573/4494 7315/1573/4495 7314/1726/1380
f 7358/1369/1397 7352/1372/1398 7325/1371/1399 7345/1370/1400
f 7352/1373/1398 7353/1376/1401 7329/1375/1402 7325/1374/1399
f 7357/1377/1403 7410/1379/4547 7409/1378/4548
f 7354/1380/1406 7351/1383/1407 7323/1382/1408 7327/1381/1409
f 7340/1384/1410 7322/1387/1411 7326/1386/1412 7343/1385/1413
f 7341/1388/1414 7327/1391/1409 7323/1390/1408 7342/1389/1400
f 7361/1392/1406 7362/1395/1407 7330/1394/1407 7333/1393/1406
f 7366/1396/1403 7423/1405/4549 7430/1404/4550 7431/1403/4551 7424/1402/4552 7361/1401/1406 7333/1400/1406 7376/1399/4553 7384/1398/4554 7379/1397/4555
f 7359/1406/1398 7360/1409/1401 7332/1408/1401 7331/1407/1398
f 7368/1410/1397 7359/1413/1398 7331/1412/1398 7347/1411/1397
f 7365/1414/1397 7363/1417/1397 7339/1416/1397 7344/1415/1397
f 7367/1418/1403 7369/1422/4556 7372/1421/4557 7373/1420/4558 7350/1419/1403
f 7349/1423/1414 7337/1426/1414 7335/1425/1400 7345/1424/1400
f 7348/1427/1410 7334/1430/1410 7336/1429/1413 7346/1428/1413
f 7414/1431/4559 7504/1431/4560 7500/1432/4561 7410/1432/4547
f 7356/1433/1397 7355/1436/1397 7335/1435/1400 7342/1434/1400
f 7351/1437/1407 7356/1433/1397 7342/1434/1400 7323/1438/1408
f 7362/1439/1407 7365/1414/1397 7344/1415/1397 7330/1440/1407
f 7364/1441/1403 7450/1448/4562 7447/1447/4563 7448/1446/4564 7380/1445/4565 7381/1444/4566 7378/1443/4567 7338/1442/1403
f 7337/1426/1414 7401/1449/4568 7341/1388/1414 7342/1389/1400 7335/1425/1400
f 7334/1430/1410 7340/1384/1410 7343/1385/1413 7336/1429/1413
f 7453/1450/4569 7543/1450/4570 7544/1451/4571 7454/1451/4572
f 7353/1452/1401 7390/1457/4573 7391/1456/4574 7388/1455/4575 7349/1454/1414 7329/1453/1402
f 7324/1458/1442 7348/1427/1410 7346/1428/1413 7328/1459/1443
f 7329/1460/1402 7349/1423/1414 7345/1424/1400 7325/1461/1399
f 7360/1462/1401 7432/1471/4576 7438/1470/4577 7437/1469/4578 7433/1468/4579 7367/1418/1403 7350/1419/1403 7440/1467/4580 7445/1466/4581 7446/1465/4582 7439/1464/4583 7332/1463/1401
f 7363/1417/1397 7368/1410/1397 7347/1411/1397 7339/1416/1397
f 7355/1436/1397 7358/1369/1397 7345/1370/1400 7335/1435/1400
f 7339/1416/1397 7347/1411/1397 7358/1369/1397 7355/1436/1397
f 7332/1463/1401 7439/1464/4583 7442/1476/4584 7443/1475/4585 7444/1474/4586 7441/1473/4587 7440/1467/4580 7350/1419/1403 7389/1472/4588 7390/1457/4573 7353/1452/1401
f 7338/1442/1403 7378/1443/4567 7382/1481/4589 7383/1480/4590 7375/1479/4591 7399/1478/4592 7400/1477/4593
f 7330/1440/1407 7344/1415/1397 7356/1433/1397 7351/1437/1407
f 7344/1415/1397 7339/1416/1397 7355/1436/1397 7356/1433/1397
f 7350/1419/1403 7338/1442/1403 7400/1477/4593 7398/1486/4594 7387/1485/4595 7392/1484/4596 7393/1483/4597 7394/1482/4598 7389/1472/4588
f 7333/1393/1406 7330/1394/1407 7351/1383/1407 7354/1380/1406
f 7394/1487/4598 7486/1487/4599 7482/1488/4600 7389/1488/4588
f 7331/1407/1398 7332/1408/1401 7353/1376/1401 7352/1373/1398
f 7347/1411/1397 7331/1412/1398 7352/1372/1398 7358/1369/1397
f 7334/1489/1410 7348/1490/1410 7368/1410/1397 7363/1417/1397
f 7328/1491/1443 7346/1495/1413 7367/1418/1403 7433/1468/4579 7434/1494/4601 7435/1493/4602 7436/1492/4603 7432/1471/4576 7360/1462/1401
f 7336/1496/1413 7455/1503/4604 7451/1502/4605 7452/1501/4606 7453/1500/4569 7429/1499/4607 7428/1498/4608 7421/1497/4609 7366/1396/1403 7364/1441/1403
f 7322/1504/1411 7340/1505/1410 7365/1414/1397 7362/1439/1407
f 7346/1495/1413 7336/1496/1413 7364/1441/1403 7369/1422/4556 7367/1418/1403
f 7340/1505/1410 7334/1489/1410 7363/1417/1397 7365/1414/1397
f 7348/1490/1410 7324/1506/1442 7359/1413/1398 7368/1410/1397
f 7324/1507/1442 7328/1508/1443 7360/1409/1401 7359/1406/1398
f 7343/1509/1413 7326/1513/1412 7361/1401/1406 7424/1402/4552 7427/1512/4610 7426/1511/4611 7422/1510/4612
f 7326/1514/1412 7322/1515/1411 7362/1395/1407 7361/1392/1406
f 7369/1422/4556 7364/1441/1403 7371/1516/4613
f 7364/1441/1403 7338/1442/1403 7350/1419/1403 7373/1420/4558 7374/1518/4614 7370/1517/4615 7371/1516/4613
f 7413/1519/4616 7503/1519/4617 7504/1431/4560 7414/1431/4559
f 7452/1520/4606 7542/1520/4618 7543/1450/4570 7453/1450/4569
f 7393/1521/4597 7485/1521/4619 7486/1487/4599 7394/1487/4598
f 7377/1522/4620 7357/1377/1403 7375/1479/4591
f 7412/1523/4621 7502/1526/4622 7503/1525/4617 7413/1524/4616
f 7376/1399/4553 7333/1400/1406 7354/1531/1406 7411/1530/4623 7412/1523/4621 7413/1524/4616 7414/1529/4559 7410/1379/4547 7357/1377/1403 7377/1522/4620 7385/1528/4624 7386/1527/4625
f 7430/1532/4550 7520/1532/4626 7521/1533/4627 7431/1533/4551
f 7451/1534/4605 7541/1534/4628 7542/1520/4618 7452/1520/4606
f 7392/1535/4596 7484/1535/4629 7485/1521/4619 7393/1521/4597
f 7387/1485/4595 7398/1486/4594 7403/1543/4630 7404/1542/4631 7405/1541/4632 7402/1540/4633 7337/1539/1414 7349/1454/1414 7388/1455/4575 7396/1538/4634 7397/1537/4635 7395/1536/4636
f 7411/1544/4623 7501/1544/4637 7502/1545/4622 7412/1545/4621
f 7431/1533/4551 7521/1533/4627 7514/1546/4638 7424/1546/4552
f 7387/1547/4595 7481/1547/4595 7484/1535/4629 7392/1535/4596
f 7399/1478/4592 7375/1479/4591 7357/1377/1403 7409/1378/4548 7419/1553/4639 7420/1552/4640 7408/1551/1509 7341/1550/1414 7401/1549/4568 7406/1548/4641
f 7401/1549/4568 7337/1539/1414 7402/1540/4633 7407/1554/4642
f 7423/1555/4549 7513/1555/4549 7520/1532/4626 7430/1532/4550
f 7374/1556/4614 7470/1556/4643 7465/1557/4644 7370/1557/4615
f 7411/1530/4623 7354/1531/1406 7327/1562/1409 7341/1550/1414 7408/1551/1509 7417/1561/4645 7418/1560/4646 7415/1559/4647 7416/1558/4648
f 7389/1488/4588 7482/1488/4600 7463/1563/4573 7390/1563/4573
f 7422/1564/4612 7512/1564/4612 7519/1565/4649 7429/1565/4607
f 7423/1405/4549 7366/1396/1403 7421/1497/4609 7425/1566/4650
f 7450/1567/4562 7540/1567/1522 7537/1568/1593 7447/1568/4563
f 7373/1569/4558 7469/1569/4651 7470/1556/4643 7374/1556/4614
f 7391/1570/4574 7483/1570/4652 7461/1571/4575 7388/1571/4575
f 7429/1565/4607 7519/1565/4649 7518/1572/4653 7428/1572/4608
f 7449/1573/4654 7539/1573/4655 7540/1567/1522 7450/1567/4562
f 7372/1574/4557 7468/1574/4656 7469/1569/4651 7373/1569/4558
f 7390/1563/4573 7463/1563/4573 7483/1570/4652 7391/1570/4574
f 7449/1575/4654 7450/1448/4562 7364/1441/1403 7366/1396/1403 7379/1397/4555 7380/1445/4565 7448/1446/4564
f 7428/1572/4608 7518/1572/4653 7511/1576/4609 7421/1576/4609
f 7454/1577/4572 7455/1503/4604 7336/1496/1413 7343/1509/1413 7422/1510/4612 7429/1499/4607 7453/1500/4569
f 7462/1578/1403 7481/1583/4595 7487/1582/4657 7489/1581/4658 7488/1580/4659 7461/1579/4575
f 7460/1584/1403 7490/1589/4660 7496/1588/4661 7495/1587/4662 7497/1586/4663 7459/1585/4633
f 7457/1590/1403 7471/1594/4664 7480/1593/4665 7479/1592/4666 7458/1591/4620
f 7470/1595/4643 7469/1600/4651 7468/1599/4656 7467/1598/4667 7466/1597/4668 7465/1596/4644
f 7472/1601/4669 7457/1590/1403 7456/1604/4670 7474/1603/4671 7473/1602/4672
f 7456/1604/4670 7457/1590/1403 7458/1591/4620 7475/1607/4673 7477/1606/4674 7476/1605/1547
f 7471/1594/4664 7457/1590/1403 7472/1601/4669 7478/1608/4675
f 7463/1609/4573 7462/1578/1403 7461/1579/4575 7483/1610/4652
f 7482/1611/4600 7462/1578/1403 7463/1609/4573
f 7481/1583/4595 7462/1578/1403 7482/1611/4600 7486/1614/4599 7485/1613/4619 7484/1612/4629
f 7464/1615/4594 7460/1584/1403 7459/1585/4633 7494/1618/4676 7493/1617/4677 7492/1616/4678
f 7491/1619/4679 7460/1584/1403 7464/1615/4594
f 7490/1589/4660 7460/1584/1403 7491/1619/4679
f 7501/1620/4637 7500/1622/4561 7504/1621/4560 7503/1525/4617 7502/1526/4622
f 7500/1622/4561 7501/1620/4637 7506/1628/4680 7505/1627/4681 7508/1626/4682 7507/1625/4683 7498/1624/1557 7499/1623/4684
f 7499/1623/4684 7498/1624/1557 7510/1630/4685 7509/1629/4686
f 7514/1631/4638 7513/1637/4549 7515/1636/4687 7511/1635/4609 7512/1634/4612 7516/1633/4688 7517/1632/4689
f 7512/1634/4612 7511/1635/4609 7518/1639/4653 7519/1638/4649
f 7513/1637/4549 7514/1631/4638 7521/1641/4627 7520/1640/4626
f 7523/1642/4690 7522/1646/4576 7526/1645/4691 7525/1644/4692 7524/1643/4693
f 7522/1646/4576 7523/1642/4690 7527/1648/4694 7528/1647/4695
f 7529/1649/4696 7530/1654/4697 7531/1653/4698 7534/1652/4699 7533/1651/4700 7532/1650/4701
f 7530/1654/4697 7529/1649/4696 7536/1656/4702 7535/1655/4703
f 7540/1657/1522 7539/1660/4655 7538/1659/4704 7537/1658/1593
f 7545/1661/4705 7544/1665/4571 7543/1664/4570 7542/1663/4618 7541/1662/4628
f 7395/1536/4636 7487/1582/4657 7481/1583/4595 7387/1485/4595
f 7454/1451/4572 7544/1451/4571 7545/1666/4705 7455/1666/4604
f 7433/1468/4579 7523/1642/4690 7524/1643/4693 7434/1494/4601
f 7415/1667/4647 7505/1667/4681 7506/1668/4680 7416/1668/4648
f 7388/1571/4575 7461/1571/4575 7488/1669/4659 7396/1669/4634
f 7455/1666/4604 7545/1666/4705 7541/1534/4628 7451/1534/4605
f 7434/1670/4601 7524/1670/4693 7525/1671/4692 7435/1671/4602
f 7416/1668/4648 7506/1668/4680 7501/1544/4637 7411/1544/4623
f 7396/1669/4634 7488/1669/4659 7489/1672/4658 7397/1672/4635
f 7435/1671/4602 7525/1671/4692 7526/1673/4691 7436/1673/4603
f 7410/1432/4547 7500/1432/4561 7499/1674/4684 7409/1674/4548
f 7397/1672/4635 7489/1672/4658 7487/1675/4657 7395/1675/4636
f 7379/1676/4555 7472/1676/4669 7473/1677/4672 7380/1677/4565
f 7436/1673/4603 7526/1673/4691 7522/1678/4576 7432/1678/4576
f 7408/1679/1509 7498/1679/1557 7507/1680/4683 7417/1680/4645
f 7380/1677/4565 7473/1677/4672 7474/1681/4671 7381/1681/4566
f 7437/1682/4578 7527/1682/4694 7523/1683/4690 7433/1683/4579
f 7417/1680/4645 7507/1680/4683 7508/1684/4682 7418/1684/4646
f 7381/1681/4566 7474/1681/4671 7456/1685/4670 7378/1685/4567
f 7432/1678/4576 7522/1678/4576 7528/1686/4695 7438/1686/4577
f 7418/1684/4646 7508/1684/4682 7505/1667/4681 7415/1667/4647
f 7375/1687/4591 7475/1687/4673 7458/1688/4620 7377/1688/4620
f 7438/1686/4577 7528/1686/4695 7527/1682/4694 7437/1682/4578
f 7409/1674/4548 7499/1674/4684 7509/1689/4686 7419/1689/4639
f 7378/1685/4567 7456/1685/4670 7476/1690/1547 7382/1690/4589
f 7419/1689/4639 7509/1689/4686 7510/1691/4685 7420/1691/4640
f 7382/1690/4589 7476/1690/1547 7477/1692/4674 7383/1692/4590
f 7420/1691/4640 7510/1691/4685 7498/1679/1557 7408/1679/1509
f 7398/1693/4594 7464/1693/4594 7492/1694/4678 7403/1694/4630
f 7383/1692/4590 7477/1692/4674 7475/1687/4673 7375/1687/4591
f 7441/1695/4587 7531/1695/4698 7530/1696/4697 7440/1696/4580
f 7403/1694/4630 7492/1694/4678 7493/1697/4677 7404/1697/4631
f 7376/1399/4553 7471/1594/4664 7478/1608/4675 7384/1398/4554
f 7439/1698/4583 7529/1698/4696 7532/1699/4701 7442/1699/4584
f 7404/1697/4631 7493/1697/4677 7494/1700/4676 7405/1700/4632
f 7384/1701/4554 7478/1701/4675 7472/1676/4669 7379/1676/4555
f 7442/1699/4584 7532/1699/4701 7533/1702/4700 7443/1702/4585
f 7405/1700/4632 7494/1700/4676 7459/1703/4633 7402/1703/4633
f 7377/1688/4620 7458/1688/4620 7479/1704/4666 7385/1704/4624
f 7443/1702/4585 7533/1702/4700 7534/1705/4699 7444/1705/4586
f 7400/1706/4593 7491/1706/4679 7464/1693/4594 7398/1693/4594
f 7385/1704/4624 7479/1704/4666 7480/1707/4665 7386/1707/4625
f 7444/1705/4586 7534/1705/4699 7531/1695/4698 7441/1695/4587
f 7425/1708/4650 7515/1708/4687 7513/1555/4549 7423/1555/4549
f 7399/1709/4592 7490/1709/4660 7491/1706/4679 7400/1706/4593
f 7386/1707/4625 7480/1707/4665 7471/1710/4664 7376/1710/4553
f 7440/1711/4580 7530/1714/4697 7535/1713/4703 7445/1712/4581
f 7421/1576/4609 7511/1576/4609 7515/1708/4687 7425/1708/4650
f 7401/1549/4568 7495/1587/4662 7496/1588/4661 7406/1548/4641
f 7445/1715/4581 7535/1715/4703 7536/1716/4702 7446/1716/4582
f 7426/1717/4611 7516/1717/4688 7512/1564/4612 7422/1564/4612
f 7406/1548/4641 7496/1588/4661 7490/1589/4660 7399/1478/4592
f 7370/1718/4615 7465/1721/4644 7466/1720/4668 7371/1719/4613
f 7446/1716/4582 7536/1716/4702 7529/1698/4696 7439/1698/4583
f 7427/1722/4610 7517/1722/4689 7516/1717/4688 7426/1717/4611
f 7402/1703/4633 7459/1703/4633 7497/1723/4663 7407/1723/4642
f 7371/1724/4613 7466/1724/4668 7467/1725/4667 7369/1725/4556
f 7447/1568/4563 7537/1568/1593 7538/1726/4704 7448/1726/4564
f 7424/1546/4552 7514/1546/4638 7517/1722/4689 7427/1722/4610
f 7407/1723/4642 7497/1723/4663 7495/1727/4662 7401/1727/4568
f 7369/1725/4556 7467/1725/4667 7468/1574/4656 7372/1574/4557
f 7448/1726/4564 7538/1726/4704 7539/1573/4655 7449/1573/4654
f 7582/1369/668 7569/1370/4706 7549/1371/4707 7576/1372/4708
f 7576/1373/4708 7549/1374/4707 7553/1375/4709 7577/1376/4710
f 7581/1377/4711 7633/1378/4712 7634/1379/4713
f 7578/1380/4714 7551/1381/4715 7547/1382/4716 7575/1383/4717
f 7564/1384/4718 7567/1385/4719 7550/1386/4720 7546/1387/4721
f 7565/1388/4722 7566/1389/4706 7547/1390/4716 7551/1391/4715
f 7585/1392/4714 7557/1393/4714 7554/1394/4717 7586/1395/4717
f 7590/1396/4711 7603/1397/4723 7608/1398/4724 7600/1399/4725 7557/1400/4714 7585/1401/4714 7648/1402/4726 7655/1403/4727 7654/1404/4728 7647/1405/4729
f 7583/1406/4708 7555/1407/4708 7556/1408/4710 7584/1409/4710
f 7592/1410/668 7571/1411/668 7555/1412/4708 7583/1413/4708
f 7589/1414/668 7568/1415/668 7563/1416/668 7587/1417/668
f 7591/1418/4711 7574/1419/4711 7597/1420/4730 7596/1421/4731 7593/1422/4732
f 7573/1423/4722 7569/1424/4706 7559/1425/4706 7561/1426/4722
f 7572/1427/4718 7570/1428/4719 7560/1429/4719 7558/1430/4718
f 7638/1431/4733 7634/1432/4713 7724/1432/4734 7728/1431/4735
f 7580/1433/668 7566/1434/4706 7559/1435/4706 7579/1436/668
f 7575/1437/4717 7547/1438/4716 7566/1434/4706 7580/1433/668
f 7586/1439/4717 7554/1440/4717 7568/1415/668 7589/1414/668
f 7588/1441/4711 7562/1442/4711 7602/1443/4736 7605/1444/4737 7604/1445/4738 7672/1446/4739 7671/1447/4740 7674/1448/4741
f 7561/1426/4722 7559/1425/4706 7566/1389/4706 7565/1388/4722 7625/1449/4742
f 7558/1430/4718 7560/1429/4719 7567/1385/4719 7564/1384/4718
f 7677/1450/4743 7678/1451/4744 7768/1451/4745 7767/1450/4746
f 7577/1452/4710 7553/1453/4709 7573/1454/4722 7612/1455/4747 7615/1456/4748 7614/1457/4749
f 7548/1458/4750 7552/1459/4751 7570/1428/4719 7572/1427/4718
f 7553/1460/4709 7549/1461/4707 7569/1424/4706 7573/1423/4722
f 7584/1462/4710 7556/1463/4710 7663/1464/4752 7670/1465/4753 7669/1466/4754 7664/1467/4755 7574/1419/4711 7591/1418/4711 7657/1468/4756 7661/1469/4757 7662/1470/4758 7656/1471/4759
f 7587/1417/668 7563/1416/668 7571/1411/668 7592/1410/668
f 7579/1436/668 7559/1435/4706 7569/1370/4706 7582/1369/668
f 7563/1416/668 7579/1436/668 7582/1369/668 7571/1411/668
f 7556/1463/4710 7577/1452/4710 7614/1457/4749 7613/1472/4760 7574/1419/4711 7664/1467/4755 7665/1473/4761 7668/1474/4762 7667/1475/4763 7666/1476/4764 7663/1464/4752
f 7562/1442/4711 7624/1477/4765 7623/1478/4766 7599/1479/4767 7607/1480/4768 7606/1481/4769 7602/1443/4736
f 7554/1440/4717 7575/1437/4717 7580/1433/668 7568/1415/668
f 7568/1415/668 7580/1433/668 7579/1436/668 7563/1416/668
f 7574/1419/4711 7613/1472/4760 7618/1482/4770 7617/1483/4771 7616/1484/4772 7611/1485/4773 7622/1486/4774 7624/1477/4765 7562/1442/4711
f 7557/1393/4714 7578/1380/4714 7575/1383/4717 7554/1394/4717
f 7618/1487/4770 7613/1488/4760 7706/1488/4775 7710/1487/4776
f 7555/1407/4708 7576/1373/4708 7577/1376/4710 7556/1408/4710
f 7571/1411/668 7582/1369/668 7576/1372/4708 7555/1412/4708
f 7558/1489/4718 7587/1417/668 7592/1410/668 7572/1490/4718
f 7552/1491/4751 7584/1462/4710 7656/1471/4759 7660/1492/4777 7659/1493/4778 7658/1494/4779 7657/1468/4756 7591/1418/4711 7570/1495/4719
f 7560/1496/4719 7588/1441/4711 7590/1396/4711 7645/1497/4780 7652/1498/4781 7653/1499/4782 7677/1500/4743 7676/1501/4783 7675/1502/4784 7679/1503/4785
f 7546/1504/4721 7586/1439/4717 7589/1414/668 7564/1505/4718
f 7570/1495/4719 7591/1418/4711 7593/1422/4732 7588/1441/4711 7560/1496/4719
f 7564/1505/4718 7589/1414/668 7587/1417/668 7558/1489/4718
f 7572/1490/4718 7592/1410/668 7583/1413/4708 7548/1506/4750
f 7548/1507/4750 7583/1406/4708 7584/1409/4710 7552/1508/4751
f 7567/1509/4719 7646/1510/4786 7650/1511/4787 7651/1512/4788 7648/1402/4726 7585/1401/4714 7550/1513/4720
f 7550/1514/4720 7585/1392/4714 7586/1395/4717 7546/1515/4721
f 7593/1422/4732 7595/1516/4789 7588/1441/4711
f 7588/1441/4711 7595/1516/4789 7594/1517/4790 7598/1518/4791 7597/1420/4730 7574/1419/4711 7562/1442/4711
f 7637/1519/4792 7638/1431/4733 7728/1431/4735 7727/1519/4793
f 7676/1520/4783 7677/1450/4743 7767/1450/4746 7766/1520/4794
f 7617/1521/4771 7618/1487/4770 7710/1487/4776 7709/1521/4795
f 7601/1522/4796 7599/1479/4767 7581/1377/4711
f 7636/1523/4797 7637/1524/4792 7727/1525/4793 7726/1526/4798
f 7600/1399/4725 7610/1527/4799 7609/1528/4800 7601/1522/4796 7581/1377/4711 7634/1379/4713 7638/1529/4733 7637/1524/4792 7636/1523/4797 7635/1530/4801 7578/1531/4714 7557/1400/4714
f 7654/1532/4728 7655/1533/4727 7745/1533/4802 7744/1532/4803
f 7675/1534/4784 7676/1520/4783 7766/1520/4794 7765/1534/4804
f 7616/1535/4772 7617/1521/4771 7709/1521/4795 7708/1535/4805
f 7611/1485/4773 7619/1536/4806 7621/1537/4807 7620/1538/4808 7612/1455/4747 7573/1454/4722 7561/1539/4722 7626/1540/4809 7629/1541/4810 7628/1542/4811 7627/1543/4812 7622/1486/4774
f 7635/1544/4801 7636/1545/4797 7726/1545/4798 7725/1544/4813
f 7655/1533/4727 7648/1546/4726 7738/1546/4726 7745/1533/4802
f 7611/1547/4773 7616/1535/4772 7708/1535/4805 7705/1547/4814
f 7623/1478/4766 7630/1548/4815 7625/1549/4742 7565/1550/4722 7632/1551/4816 7644/1552/4817 7643/1553/4818 7633/1378/4712 7581/1377/4711 7599/1479/4767
f 7625/1549/4742 7631/1554/4819 7626/1540/4809 7561/1539/4722
f 7647/1555/4729 7654/1532/4728 7744/1532/4803 7737/1555/4820
f 7598/1556/4791 7594/1557/4790 7689/1557/4821 7694/1556/4822
f 7635/1530/4801 7640/1558/4823 7639/1559/4824 7642/1560/4825 7641/1561/4826 7632/1551/4816 7565/1550/4722 7551/1562/4715 7578/1531/4714
f 7613/1488/4760 7614/1563/4749 7687/1563/4827 7706/1488/4775
f 7646/1564/4786 7653/1565/4782 7743/1565/4828 7736/1564/4786
f 7647/1405/4729 7649/1566/4829 7645/1497/4780 7590/1396/4711
f 7674/1567/4741 7671/1568/4740 7761/1568/4830 7764/1567/4831
f 7597/1569/4730 7598/1556/4791 7694/1556/4822 7693/1569/4832
f 7615/1570/4748 7612/1571/4747 7685/1571/4833 7707/1570/4834
f 7653/1565/4782 7652/1572/4781 7742/1572/4835 7743/1565/4828
f 7673/1573/4836 7674/1567/4741 7764/1567/4831 7763/1573/4837
f 7596/1574/4731 7597/1569/4730 7693/1569/4832 7692/1574/4838
f 7614/1563/4749 7615/1570/4748 7707/1570/4834 7687/1563/4827
f 7673/1575/4836 7672/1446/4739 7604/1445/4738 7603/1397/4723 7590/1396/4711 7588/1441/4711 7674/1448/4741
f 7652/1572/4781 7645/1576/4780 7735/1576/4839 7742/1572/4835
f 7678/1577/4744 7677/1500/4743 7653/1499/4782 7646/1510/4786 7567/1509/4719 7560/1496/4719 7679/1503/4785
f 7686/1578/4711 7685/1579/4833 7712/1580/4840 7713/1581/4841 7711/1582/4842 7705/1583/4814
f 7684/1584/4711 7683/1585/4843 7721/1586/4844 7719/1587/4845 7720/1588/4846 7714/1589/4847
f 7681/1590/4711 7682/1591/4848 7703/1592/4849 7704/1593/4850 7695/1594/4851
f 7694/1595/4822 7689/1596/4821 7690/1597/4852 7691/1598/4853 7692/1599/4838 7693/1600/4832
f 7696/1601/4854 7697/1602/4855 7698/1603/4856 7680/1604/4857 7681/1590/4711
f 7680/1604/4857 7700/1605/4858 7701/1606/4859 7699/1607/4860 7682/1591/4848 7681/1590/4711
f 7695/1594/4851 7702/1608/4861 7696/1601/4854 7681/1590/4711
f 7687/1609/4827 7707/1610/4834 7685/1579/4833 7686/1578/4711
f 7706/1611/4775 7687/1609/4827 7686/1578/4711
f 7705/1583/4814 7708/1612/4805 7709/1613/4795 7710/1614/4776 7706/1611/4775 7686/1578/4711
f 7688/1615/4862 7716/1616/4863 7717/1617/4864 7718/1618/4865 7683/1585/4843 7684/1584/4711
f 7715/1619/4866 7688/1615/4862 7684/1584/4711
f 7714/1589/4847 7715/1619/4866 7684/1584/4711
f 7725/1620/4813 7726/1526/4798 7727/1525/4793 7728/1621/4735 7724/1622/4734
f 7724/1622/4734 7723/1623/4867 7722/1624/4868 7731/1625/4869 7732/1626/4870 7729/1627/4871 7730/1628/4872 7725/1620/4813
f 7723/1623/4867 7733/1629/4873 7734/1630/4874 7722/1624/4868
f 7738/1631/4726 7741/1632/4875 7740/1633/4876 7736/1634/4786 7735/1635/4839 7739/1636/4877 7737/1637/4820
f 7736/1634/4786 7743/1638/4828 7742/1639/4835 7735/1635/4839
f 7737/1637/4820 7744/1640/4803 7745/1641/4802 7738/1631/4726
f 7747/1642/4878 7748/1643/4879 7749/1644/4880 7750/1645/4881 7746/1646/4882
f 7746/1646/4882 7752/1647/4883 7751/1648/4884 7747/1642/4878
f 7753/1649/4885 7756/1650/4886 7757/1651/4887 7758/1652/4888 7755/1653/4889 7754/1654/4890
f 7754/1654/4890 7759/1655/4891 7760/1656/4892 7753/1649/4885
f 7764/1657/4831 7761/1658/4830 7762/1659/4893 7763/1660/4837
f 7769/1661/4894 7765/1662/4804 7766/1663/4794 7767/1664/4746 7768/1665/4745
f 7619/1536/4806 7611/1485/4773 7705/1583/4814 7711/1582/4842
f 7678/1451/4744 7679/1666/4785 7769/1666/4894 7768/1451/4745
f 7657/1468/4756 7658/1494/4779 7748/1643/4879 7747/1642/4878
f 7639/1667/4824 7640/1668/4823 7730/1668/4872 7729/1667/4871
f 7612/1571/4747 7620/1669/4808 7712/1669/4840 7685/1571/4833
f 7679/1666/4785 7675/1534/4784 7765/1534/4804 7769/1666/4894
f 7658/1670/4779 7659/1671/4778 7749/1671/4880 7748/1670/4879
f 7640/1668/4823 7635/1544/4801 7725/1544/4813 7730/1668/4872
f 7620/1669/4808 7621/1672/4807 7713/1672/4841 7712/1669/4840
f 7659/1671/4778 7660/1673/4777 7750/1673/4881 7749/1671/4880
f 7634/1432/4713 7633/1674/4712 7723/1674/4867 7724/1432/4734
f 7621/1672/4807 7619/1675/4806 7711/1675/4842 7713/1672/4841
f 7603/1676/4723 7604/1677/4738 7697/1677/4855 7696/1676/4854
f 7660/1673/4777 7656/1678/4759 7746/1678/4882 7750/1673/4881
f 7632/1679/4816 7641/1680/4826 7731/1680/4869 7722/1679/4868
f 7604/1677/4738 7605/1681/4737 7698/1681/4856 7697/1677/4855
f 7661/1682/4757 7657/1683/4756 7747/1683/4878 7751/1682/4884
f 7641/1680/4826 7642/1684/4825 7732/1684/4870 7731/1680/4869
f 7605/1681/4737 7602/1685/4736 7680/1685/4857 7698/1681/4856
f 7656/1678/4759 7662/1686/4758 7752/1686/4883 7746/1678/4882
f 7642/1684/4825 7639/1667/4824 7729/1667/4871 7732/1684/4870
f 7599/1687/4767 7601/1688/4796 7682/1688/4848 7699/1687/4860
f 7662/1686/4758 7661/1682/4757 7751/1682/4884 7752/1686/4883
f 7633/1674/4712 7643/1689/4818 7733/1689/4873 7723/1674/4867
f 7602/1685/4736 7606/1690/4769 7700/1690/4858 7680/1685/4857
f 7643/1689/4818 7644/1691/4817 7734/1691/4874 7733/1689/4873
f 7606/1690/4769 7607/1692/4768 7701/1692/4859 7700/1690/4858
f 7644/1691/4817 7632/1679/4816 7722/1679/4868 7734/1691/4874
f 7622/1693/4774 7627/1694/4812 7716/1694/4863 7688/1693/4862
f 7607/1692/4768 7599/1687/4767 7699/1687/4860 7701/1692/4859
f 7665/1695/4761 7664/1696/4755 7754/1696/4890 7755/1695/4889
f 7627/1694/4812 7628/1697/4811 7717/1697/4864 7716/1694/4863
f 7600/1399/4725 7608/1398/4724 7702/1608/4861 7695/1594/4851
f 7663/1698/4752 7666/1699/4764 7756/1699/4886 7753/1698/4885
f 7628/1697/4811 7629/1700/4810 7718/1700/4865 7717/1697/4864
f 7608/1701/4724 7603/1676/4723 7696/1676/4854 7702/1701/4861
f 7666/1699/4764 7667/1702/4763 7757/1702/4887 7756/1699/4886
f 7629/1700/4810 7626/1703/4809 7683/1703/4843 7718/1700/4865
f 7601/1688/4796 7609/1704/4800 7703/1704/4849 7682/1688/4848
f 7667/1702/4763 7668/1705/4762 7758/1705/4888 7757/1702/4887
f 7624/1706/4765 7622/1693/4774 7688/1693/4862 7715/1706/4866
f 7609/1704/4800 7610/1707/4799 7704/1707/4850 7703/1704/4849
f 7668/1705/4762 7665/1695/4761 7755/1695/4889 7758/1705/4888
f 7649/1708/4829 7647/1555/4729 7737/1555/4820 7739/1708/4877
f 7623/1709/4766 7624/1706/4765 7715/1706/4866 7714/1709/4847
f 7610/1707/4799 7600/1710/4725 7695/1710/4851 7704/1707/4850
f 7664/1711/4755 7669/1712/4754 7759/1713/4891 7754/1714/4890
f 7645/1576/4780 7649/1708/4829 7739/1708/4877 7735/1576/4839
f 7625/1549/4742 7630/1548/4815 7720/1588/4846 7719/1587/4845
f 7669/1715/4754 7670/1716/4753 7760/1716/4892 7759/1715/4891
f 7650/1717/4787 7646/1564/4786 7736/1564/4786 7740/1717/4876
f 7630/1548/4815 7623/1478/4766 7714/1589/4847 7720/1588/4846
f 7594/1718/4790 7595/1719/4789 7690/1720/4852 7689/1721/4821
f 7670/1716/4753 7663/1698/4752 7753/1698/4885 7760/1716/4892
f 7651/1722/4788 7650/1717/4787 7740/1717/4876 7741/1722/4875
f 7626/1703/4809 7631/1723/4819 7721/1723/4844 7683/1703/4843
f 7595/1724/4789 7593/1725/4732 7691/1725/4853 7690/1724/4852
f 7671/1568/4740 7672/1726/4739 7762/1726/4893 7761/1568/4830
f 7648/1546/4726 7651/1722/4788 7741/1722/4875 7738/1546/4726
f 7631/1723/4819 7625/1727/4742 7719/1727/4845 7721/1723/4844
f 7593/1725/4732 7596/1574/4731 7692/1574/4838 7691/1725/4853
f 7672/1726/4739 7673/1573/4836 7763/1573/4837 7762/1726/4893
f 7806/1369/668 7800/1372/4708 7773/1371/4750 7793/1370/4718
f 7800/1373/4708 7801/1376/4710 7777/1375/4751 7773/1374/4750
f 7805/1377/4711 7858/1379/4895 7857/1378/4896
f 7802/1380/4714 7799/1383/4717 7771/1382/4721 7775/1381/4720
f 7788/1384/4706 7770/1387/4716 7774/1386/4715 7791/1385/4722
f 7789/1388/4719 7775/1391/4720 7771/1390/4721 7790/1389/4718
f 7809/1392/4714 7810/1395/4717 7778/1394/4717 7781/1393/4714
f 7814/1396/4711 7871/1405/4897 7878/1404/4898 7879/1403/4899 7872/1402/4900 7809/1401/4714 7781/1400/4714 7824/1399/4901 7832/1398/4902 7827/1397/4903
f 7807/1406/4708 7808/1409/4710 7780/1408/4710 7779/1407/4708
f 7816/1410/668 7807/1413/4708 7779/1412/4708 7795/1411/668
f 7813/1414/668 7811/1417/668 7787/1416/668 7792/1415/668
f 7815/1418/4711 7817/1422/4904 7820/1421/4905 7821/1420/4906 7798/1419/4711
f 7797/1423/4719 7785/1426/4719 7783/1425/4718 7793/1424/4718
f 7796/1427/4706 7782/1430/4706 7784/1429/4722 7794/1428/4722
f 7862/1431/4907 7952/1431/4908 7948/1432/4909 7858/1432/4895
f 7804/1433/668 7803/1436/668 7783/1435/4718 7790/1434/4718
f 7799/1437/4717 7804/1433/668 7790/1434/4718 7771/1438/4721
f 7810/1439/4717 7813/1414/668 7792/1415/668 7778/1440/4717
f 7812/1441/4711 7898/1448/4910 7895/1447/4911 7896/1446/4912 7828/1445/4913 7829/1444/4914 7826/1443/4915 7786/1442/4711
f 7785/1426/4719 7849/1449/4916 7789/1388/4719 7790/1389/4718 7783/1425/4718
f 7782/1430/4706 7788/1384/4706 7791/1385/4722 7784/1429/4722
f 7901/1450/4917 7991/1450/4918 7992/1451/4919 7902/1451/4920
f 7801/1452/4710 7838/1457/4921 7839/1456/4922 7836/1455/4923 7797/1454/4719 7777/1453/4751
f 7772/1458/4707 7796/1427/4706 7794/1428/4722 7776/1459/4709
f 7777/1460/4751 7797/1423/4719 7793/1424/4718 7773/1461/4750
f 7808/1462/4710 7880/1471/4924 7886/1470/4925 7885/1469/4926 7881/1468/4927 7815/1418/4711 7798/1419/4711 7888/1467/4928 7893/1466/4929 7894/1465/4930 7887/1464/4931 7780/1463/4710
f 7811/1417/668 7816/1410/668 7795/1411/668 7787/1416/668
f 7803/1436/668 7806/1369/668 7793/1370/4718 7783/1435/4718
f 7787/1416/668 7795/1411/668 7806/1369/668 7803/1436/668
f 7780/1463/4710 7887/1464/4931 7890/1476/4932 7891/1475/4933 7892/1474/4934 7889/1473/4935 7888/1467/4928 7798/1419/4711 7837/1472/4936 7838/1457/4921 7801/1452/4710
f 7786/1442/4711 7826/1443/4915 7830/1481/4937 7831/1480/4938 7823/1479/4939 7847/1478/4940 7848/1477/4941
f 7778/1440/4717 7792/1415/668 7804/1433/668 7799/1437/4717
f 7792/1415/668 7787/1416/668 7803/1436/668 7804/1433/668
f 7798/1419/4711 7786/1442/4711 7848/1477/4941 7846/1486/4942 7835/1485/4943 7840/1484/4944 7841/1483/4945 7842/1482/4946 7837/1472/4936
f 7781/1393/4714 7778/1394/4717 7799/1383/4717 7802/1380/4714
f 7842/1487/4946 7934/1487/4947 7930/1488/4948 7837/1488/4936
f 7779/1407/4708 7780/1408/4710 7801/1376/4710 7800/1373/4708
f 7795/1411/668 7779/1412/4708 7800/1372/4708 7806/1369/668
f 7782/1489/4706 7796/1490/4706 7816/1410/668 7811/1417/668
f 7776/1491/4709 7794/1495/4722 7815/1418/4711 7881/1468/4927 7882/1494/4949 7883/1493/4950 7884/1492/4951 7880/1471/4924 7808/1462/4710
f 7784/1496/4722 7903/1503/4952 7899/1502/4953 7900/1501/4954 7901/1500/4917 7877/1499/4955 7876/1498/4956 7869/1497/4957 7814/1396/4711 7812/1441/4711
f 7770/1504/4716 7788/1505/4706 7813/1414/668 7810/1439/4717
f 7794/1495/4722 7784/1496/4722 7812/1441/4711 7817/1422/4904 7815/1418/4711
f 7788/1505/4706 7782/1489/4706 7811/1417/668 7813/1414/668
f 7796/1490/4706 7772/1506/4707 7807/1413/4708 7816/1410/668
f 7772/1507/4707 7776/1508/4709 7808/1409/4710 7807/1406/4708
f 7791/1509/4722 7774/1513/4715 7809/1401/4714 7872/1402/4900 7875/1512/4958 7874/1511/4959 7870/1510/4960
f 7774/1514/4715 7770/1515/4716 7810/1395/4717 7809/1392/4714
f 7817/1422/4904 7812/1441/4711 7819/1516/4961
f 7812/1441/4711 7786/1442/4711 7798/1419/4711 7821/1420/4906 7822/1518/4962 7818/1517/4963 7819/1516/4961
f 7861/1519/4964 7951/1519/4965 7952/1431/4908 7862/1431/4907
f 7900/1520/4954 7990/1520/4966 7991/1450/4918 7901/1450/4917
f 7841/1521/4945 7933/1521/4967 7934/1487/4947 7842/1487/4946
f 7825/1522/4968 7805/1377/4711 7823/1479/4939
f 7860/1523/4969 7950/1526/4970 7951/1525/4965 7861/1524/4964
f 7824/1399/4901 7781/1400/4714 7802/1531/4714 7859/1530/4971 7860/1523/4969 7861/1524/4964 7862/1529/4907 7858/1379/4895 7805/1377/4711 7825/1522/4968 7833/1528/4972 7834/1527/4973
f 7878/1532/4898 7968/1532/4974 7969/1533/4975 7879/1533/4899
f 7899/1534/4953 7989/1534/4976 7990/1520/4966 7900/1520/4954
f 7840/1535/4944 7932/1535/4977 7933/1521/4967 7841/1521/4945
f 7835/1485/4943 7846/1486/4942 7851/1543/4978 7852/1542/4979 7853/1541/4980 7850/1540/4981 7785/1539/4719 7797/1454/4719 7836/1455/4923 7844/1538/4982 7845/1537/4983 7843/1536/4984
f 7859/1544/4971 7949/1544/4985 7950/1545/4970 7860/1545/4969
f 7879/1533/4899 7969/1533/4975 7962/1546/4900 7872/1546/4900
f 7835/1547/4943 7929/1547/4986 7932/1535/4977 7840/1535/4944
f 7847/1478/4940 7823/1479/4939 7805/1377/4711 7857/1378/4896 7867/1553/4987 7868/1552/4988 7856/1551/4989 7789/1550/4719 7849/1549/4916 7854/1548/4990
f 7849/1549/4916 7785/1539/4719 7850/1540/4981 7855/1554/4991
f 7871/1555/4897 7961/1555/4992 7968/1532/4974 7878/1532/4898
f 7822/1556/4962 7918/1556/4993 7913/1557/4994 7818/1557/4963
f 7859/1530/4971 7802/1531/4714 7775/1562/4720 7789/1550/4719 7856/1551/4989 7865/1561/4995 7866/1560/4996 7863/1559/4997 7864/1558/4998
f 7837/1488/4936 7930/1488/4948 7911/1563/4999 7838/1563/4921
f 7870/1564/4960 7960/1564/4960 7967/1565/5000 7877/1565/4955
f 7871/1405/4897 7814/1396/4711 7869/1497/4957 7873/1566/5001
f 7898/1567/4910 7988/1567/5002 7985/1568/5003 7895/1568/4911
f 7821/1569/4906 7917/1569/5004 7918/1556/4993 7822/1556/4962
f 7839/1570/4922 7931/1570/5005 7909/1571/5006 7836/1571/4923
f 7877/1565/4955 7967/1565/5000 7966/1572/5007 7876/1572/4956
f 7897/1573/5008 7987/1573/5009 7988/1567/5002 7898/1567/4910
f 7820/1574/4905 7916/1574/5010 7917/1569/5004 7821/1569/4906
f 7838/1563/4921 7911/1563/4999 7931/1570/5005 7839/1570/4922
f 7897/1575/5008 7898/1448/4910 7812/1441/4711 7814/1396/4711 7827/1397/4903 7828/1445/4913 7896/1446/4912
f 7876/1572/4956 7966/1572/5007 7959/1576/5011 7869/1576/4957
f 7902/1577/4920 7903/1503/4952 7784/1496/4722 7791/1509/4722 7870/1510/4960 7877/1499/4955 7901/1500/4917
f 7910/1578/4711 7929/1583/4986 7935/1582/5012 7937/1581/5013 7936/1580/5014 7909/1579/5006
f 7908/1584/4711 7938/1589/5015 7944/1588/5016 7943/1587/5017 7945/1586/5018 7907/1585/5019
f 7905/1590/4711 7919/1594/5020 7928/1593/5021 7927/1592/5022 7906/1591/5023
f 7918/1595/4993 7917/1600/5004 7916/1599/5010 7915/1598/5024 7914/1597/5025 7913/1596/4994
f 7920/1601/5026 7905/1590/4711 7904/1604/5027 7922/1603/5028 7921/1602/5029
f 7904/1604/5027 7905/1590/4711 7906/1591/5023 7923/1607/5030 7925/1606/5031 7924/1605/5032
f 7919/1594/5020 7905/1590/4711 7920/1601/5026 7926/1608/5033
f 7911/1609/4999 7910/1578/4711 7909/1579/5006 7931/1610/5005
f 7930/1611/4948 7910/1578/4711 7911/1609/4999
f 7929/1583/4986 7910/1578/4711 7930/1611/4948 7934/1614/4947 7933/1613/4967 7932/1612/4977
f 7912/1615/5034 7908/1584/4711 7907/1585/5019 7942/1618/5035 7941/1617/5036 7940/1616/5037
f 7939/1619/5038 7908/1584/4711 7912/1615/5034
f 7938/1589/5015 7908/1584/4711 7939/1619/5038
f 7949/1620/4985 7948/1622/4909 7952/1621/4908 7951/1525/4965 7950/1526/4970
f 7948/1622/4909 7949/1620/4985 7954/1628/5039 7953/1627/5040 7956/1626/5041 7955/1625/5042 7946/1624/5043 7947/1623/5044
f 7947/1623/5044 7946/1624/5043 7958/1630/5045 7957/1629/5046
f 7962/1631/4900 7961/1637/4992 7963/1636/5047 7959/1635/5011 7960/1634/4960 7964/1633/5048 7965/1632/5049
f 7960/1634/4960 7959/1635/5011 7966/1639/5007 7967/1638/5000
f 7961/1637/4992 7962/1631/4900 7969/1641/4975 7968/1640/4974
f 7971/1642/5050 7970/1646/5051 7974/1645/5052 7973/1644/5053 7972/1643/5054
f 7970/1646/5051 7971/1642/5050 7975/1648/5055 7976/1647/5056
f 7977/1649/5057 7978/1654/5058 7979/1653/5059 7982/1652/5060 7981/1651/5061 7980/1650/5062
f 7978/1654/5058 7977/1649/5057 7984/1656/5063 7983/1655/5064
f 7988/1657/5002 7987/1660/5009 7986/1659/5065 7985/1658/5003
f 7993/1661/5066 7992/1665/4919 7991/1664/4918 7990/1663/4966 7989/1662/4976
f 7843/1536/4984 7935/1582/5012 7929/1583/4986 7835/1485/4943
f 7902/1451/4920 7992/1451/4919 7993/1666/5066 7903/1666/4952
f 7881/1468/4927 7971/1642/5050 7972/1643/5054 7882/1494/4949
f 7863/1667/4997 7953/1667/5040 7954/1668/5039 7864/1668/4998
f 7836/1571/4923 7909/1571/5006 7936/1669/5014 7844/1669/4982
f 7903/1666/4952 7993/1666/5066 7989/1534/4976 7899/1534/4953
f 7882/1670/4949 7972/1670/5054 7973/1671/5053 7883/1671/4950
f 7864/1668/4998 7954/1668/5039 7949/1544/4985 7859/1544/4971
f 7844/1669/4982 7936/1669/5014 7937/1672/5013 7845/1672/4983
f 7883/1671/4950 7973/1671/5053 7974/1673/5052 7884/1673/4951
f 7858/1432/4895 7948/1432/4909 7947/1674/5044 7857/1674/4896
f 7845/1672/4983 7937/1672/5013 7935/1675/5012 7843/1675/4984
f 7827/1676/4903 7920/1676/5026 7921/1677/5029 7828/1677/4913
f 7884/1673/4951 7974/1673/5052 7970/1678/5051 7880/1678/4924
f 7856/1679/4989 7946/1679/5043 7955/1680/5042 7865/1680/4995
f 7828/1677/4913 7921/1677/5029 7922/1681/5028 7829/1681/4914
f 7885/1682/4926 7975/1682/5055 7971/1683/5050 7881/1683/4927
f 7865/1680/4995 7955/1680/5042 7956/1684/5041 7866/1684/4996
f 7829/1681/4914 7922/1681/5028 7904/1685/5027 7826/1685/4915
f 7880/1678/4924 7970/1678/5051 7976/1686/5056 7886/1686/4925
f 7866/1684/4996 7956/1684/5041 7953/1667/5040 7863/1667/4997
f 7823/1687/4939 7923/1687/5030 7906/1688/5023 7825/1688/4968
f 7886/1686/4925 7976/1686/5056 7975/1682/5055 7885/1682/4926
f 7857/1674/4896 7947/1674/5044 7957/1689/5046 7867/1689/4987
f 7826/1685/4915 7904/1685/5027 7924/1690/5032 7830/1690/4937
f 7867/1689/4987 7957/1689/5046 7958/1691/5045 7868/1691/4988
f 7830/1690/4937 7924/1690/5032 7925/1692/5031 7831/1692/4938
f 7868/1691/4988 7958/1691/5045 7946/1679/5043 7856/1679/4989
f 7846/1693/4942 7912/1693/5034 7940/1694/5037 7851/1694/4978
f 7831/1692/4938 7925/1692/5031 7923/1687/5030 7823/1687/4939
f 7889/1695/4935 7979/1695/5059 7978/1696/5058 7888/1696/4928
f 7851/1694/4978 7940/1694/5037 7941/1697/5036 7852/1697/4979
f 7824/1399/4901 7919/1594/5020 7926/1608/5033 7832/1398/4902
f 7887/1698/4931 7977/1698/5057 7980/1699/5062 7890/1699/4932
f 7852/1697/4979 7941/1697/5036 7942/1700/5035 7853/1700/4980
f 7832/1701/4902 7926/1701/5033 7920/1676/5026 7827/1676/4903
f 7890/1699/4932 7980/1699/5062 7981/1702/5061 7891/1702/4933
f 7853/1700/4980 7942/1700/5035 7907/1703/5019 7850/1703/4981
f 7825/1688/4968 7906/1688/5023 7927/1704/5022 7833/1704/4972
f 7891/1702/4933 7981/1702/5061 7982/1705/5060 7892/1705/4934
f 7848/1706/4941 7939/1706/5038 7912/1693/5034 7846/1693/4942
f 7833/1704/4972 7927/1704/5022 7928/1707/5021 7834/1707/4973
f 7892/1705/4934 7982/1705/5060 7979/1695/5059 7889/1695/4935
f 7873/1708/5001 7963/1708/5047 7961/1555/4992 7871/1555/4897
f 7847/1709/4940 7938/1709/5015 7939/1706/5038 7848/1706/4941
f 7834/1707/4973 7928/1707/5021 7919/1710/5020 7824/1710/4901
f 7888/1711/4928 7978/1714/5058 7983/1713/5064 7893/1712/4929
f 7869/1576/4957 7959/1576/5011 7963/1708/5047 7873/1708/5001
f 7849/1549/4916 7943/1587/5017 7944/1588/5016 7854/1548/4990
f 7893/1715/4929 7983/1715/5064 7984/1716/5063 7894/1716/4930
f 7874/1717/4959 7964/1717/5048 7960/1564/4960 7870/1564/4960
f 7854/1548/4990 7944/1588/5016 7938/1589/5015 7847/1478/4940
f 7818/1718/4963 7913/1721/4994 7914/1720/5025 7819/1719/4961
f 7894/1716/4930 7984/1716/5063 7977/1698/5057 7887/1698/4931
f 7875/1722/4958 7965/1722/5049 7964/1717/5048 7874/1717/4959
f 7850/1703/4981 7907/1703/5019 7945/1723/5018 7855/1723/4991
f 7819/1724/4961 7914/1724/5025 7915/1725/5024 7817/1725/4904
f 7895/1568/4911 7985/1568/5003 7986/1726/5065 7896/1726/4912
f 7872/1546/4900 7962/1546/4900 7965/1722/5049 7875/1722/4958
f 7855/1723/4991 7945/1723/5018 7943/1727/5017 7849/1727/4916
f 7817/1725/4904 7915/1725/5024 7916/1574/5010 7820/1574/4905
f 7896/1726/4912 7986/1726/5065 7987/1573/5009 7897/1573/5008
f 8030/1369/668 8017/1370/4706 7997/1371/4707 8024/1372/4708
f 8024/1373/4708 7997/1374/4707 8001/1375/4709 8025/1376/4710
f 8029/1377/4711 8081/1378/4712 8082/1379/4713
f 8026/1380/4714 7999/1381/4715 7995/1382/4716 8023/1383/4717
f 8012/1384/4718 8015/1385/4719 7998/1386/4720 7994/1387/4721
f 8013/1388/4722 8014/1389/4706 7995/1390/4716 7999/1391/4715
f 8033/1392/4714 8005/1393/4714 8002/1394/4717 8034/1395/4717
f 8038/1396/4711 8051/1397/4723 8056/1398/4724 8048/1399/4725 8005/1400/4714 8033/1401/4714 8096/1402/4726 8103/1403/4727 8102/1404/4728 8095/1405/4729
f 8031/1406/4708 8003/1407/4708 8004/1408/4710 8032/1409/4710
f 8040/1410/668 8019/1411/668 8003/1412/4708 8031/1413/4708
f 8037/1414/668 8016/1415/668 8011/1416/668 8035/1417/668
f 8039/1418/4711 8022/1419/4711 8045/1420/4730 8044/1421/4731 8041/1422/5067
f 8021/1423/4722 8017/1424/4706 8007/1425/4706 8009/1426/4722
f 8020/1427/4718 8018/1428/4719 8008/1429/4719 8006/1430/4718
f 8086/1431/4733 8082/1432/4713 8172/1432/4734 8176/1431/4735
f 8028/1433/668 8014/1434/4706 8007/1435/4706 8027/1436/668
f 8023/1437/4717 7995/1438/4716 8014/1434/4706 8028/1433/668
f 8034/1439/4717 8002/1440/4717 8016/1415/668 8037/1414/668
f 8036/1441/4711 8010/1442/4711 8050/1443/4736 8053/1444/4737 8052/1445/4738 8120/1446/4739 8119/1447/4740 8122/1448/4741
f 8009/1426/4722 8007/1425/4706 8014/1389/4706 8013/1388/4722 8073/1449/4742
f 8006/1430/4718 8008/1429/4719 8015/1385/4719 8012/1384/4718
f 8125/1450/4743 8126/1451/4744 8216/1451/4745 8215/1450/4746
f 8025/1452/4710 8001/1453/4709 8021/1454/4722 8060/1455/4747 8063/1456/4748 8062/1457/4749
f 7996/1458/4750 8000/1459/4751 8018/1428/4719 8020/1427/4718
f 8001/1460/4709 7997/1461/4707 8017/1424/4706 8021/1423/4722
f 8032/1462/4710 8004/1463/4710 8111/1464/4752 8118/1465/5068 8117/1466/4754 8112/1467/5069 8022/1419/4711 8039/1418/4711 8105/1468/4756 8109/1469/4757 8110/1470/4758 8104/1471/4759
f 8035/1417/668 8011/1416/668 8019/1411/668 8040/1410/668
f 8027/1436/668 8007/1435/4706 8017/1370/4706 8030/1369/668
f 8011/1416/668 8027/1436/668 8030/1369/668 8019/1411/668
f 8004/1463/4710 8025/1452/4710 8062/1457/4749 8061/1472/4760 8022/1419/4711 8112/1467/5069 8113/1473/4761 8116/1474/4762 8115/1475/4763 8114/1476/4764 8111/1464/4752
f 8010/1442/4711 8072/1477/4765 8071/1478/4766 8047/1479/4767 8055/1480/4768 8054/1481/4769 8050/1443/4736
f 8002/1440/4717 8023/1437/4717 8028/1433/668 8016/1415/668
f 8016/1415/668 8028/1433/668 8027/1436/668 8011/1416/668
f 8022/1419/4711 8061/1472/4760 8066/1482/4770 8065/1483/4771 8064/1484/4772 8059/1485/4773 8070/1486/4774 8072/1477/4765 8010/1442/4711
f 8005/1393/4714 8026/1380/4714 8023/1383/4717 8002/1394/4717
f 8066/1487/4770 8061/1488/4760 8154/1488/4775 8158/1487/4776
f 8003/1407/4708 8024/1373/4708 8025/1376/4710 8004/1408/4710
f 8019/1411/668 8030/1369/668 8024/1372/4708 8003/1412/4708
f 8006/1489/4718 8035/1417/668 8040/1410/668 8020/1490/4718
f 8000/1491/4751 8032/1462/4710 8104/1471/4759 8108/1492/4777 8107/1493/4778 8106/1494/4779 8105/1468/4756 8039/1418/4711 8018/1495/4719
f 8008/1496/4719 8036/1441/4711 8038/1396/4711 8093/1497/4780 8100/1498/4781 8101/1499/4782 8125/1500/4743 8124/1501/4783 8123/1502/4784 8127/1503/4785
f 7994/1504/4721 8034/1439/4717 8037/1414/668 8012/1505/4718
f 8018/1495/4719 8039/1418/4711 8041/1422/5067 8036/1441/4711 8008/1496/4719
f 8012/1505/4718 8037/1414/668 8035/1417/668 8006/1489/4718
f 8020/1490/4718 8040/1410/668 8031/1413/4708 7996/1506/4750
f 7996/1507/4750 8031/1406/4708 8032/1409/4710 8000/1508/4751
f 8015/1509/4719 8094/1510/4786 8098/1511/4787 8099/1512/4788 8096/1402/4726 8033/1401/4714 7998/1513/4720
f 7998/1514/4720 8033/1392/4714 8034/1395/4717 7994/1515/4721
f 8041/1422/5067 8043/1516/4789 8036/1441/4711
f 8036/1441/4711 8043/1516/4789 8042/1517/4790 8046/1518/4791 8045/1420/4730 8022/1419/4711 8010/1442/4711
f 8085/1519/4792 8086/1431/4733 8176/1431/4735 8175/1519/5070
f 8124/1520/4783 8125/1450/4743 8215/1450/4746 8214/1520/4794
f 8065/1521/4771 8066/1487/4770 8158/1487/4776 8157/1521/4795
f 8049/1522/4796 8047/1479/4767 8029/1377/4711
f 8084/1523/4797 8085/1524/4792 8175/1525/5070 8174/1526/4798
f 8048/1399/4725 8058/1527/4799 8057/1528/4800 8049/1522/4796 8029/1377/4711 8082/1379/4713 8086/1529/4733 8085/1524/4792 8084/1523/4797 8083/1530/4801 8026/1531/4714 8005/1400/4714
f 8102/1532/4728 8103/1533/4727 8193/1533/4802 8192/1532/4803
f 8123/1534/4784 8124/1520/4783 8214/1520/4794 8213/1534/5071
f 8064/1535/4772 8065/1521/4771 8157/1521/4795 8156/1535/4805
f 8059/1485/4773 8067/1536/5072 8069/1537/4807 8068/1538/5073 8060/1455/4747 8021/1454/4722 8009/1539/4722 8074/1540/4809 8077/1541/4810 8076/1542/4811 8075/1543/4812 8070/1486/4774
f 8083/1544/4801 8084/1545/4797 8174/1545/4798 8173/1544/4813
f 8103/1533/4727 8096/1546/4726 8186/1546/4726 8193/1533/4802
f 8059/1547/4773 8064/1535/4772 8156/1535/4805 8153/1547/4814
f 8071/1478/4766 8078/1548/4815 8073/1549/4742 8013/1550/4722 8080/1551/4816 8092/1552/4817 8091/1553/4818 8081/1378/4712 8029/1377/4711 8047/1479/4767
f 8073/1549/4742 8079/1554/4819 8074/1540/4809 8009/1539/4722
f 8095/1555/4729 8102/1532/4728 8192/1532/4803 8185/1555/4820
f 8046/1556/4791 8042/1557/4790 8137/1557/4821 8142/1556/4822
f 8083/1530/4801 8088/1558/4823 8087/1559/4824 8090/1560/4825 8089/1561/4826 8080/1551/4816 8013/1550/4722 7999/1562/4715 8026/1531/4714
f 8061/1488/4760 8062/1563/4749 8135/1563/4827 8154/1488/4775
f 8094/1564/4786 8101/1565/4782 8191/1565/4828 8184/1564/4786
f 8095/1405/4729 8097/1566/4829 8093/1497/4780 8038/1396/4711
f 8122/1567/4741 8119/1568/4740 8209/1568/4830 8212/1567/4831
f 8045/1569/4730 8046/1556/4791 8142/1556/4822 8141/1569/4832
f 8063/1570/4748 8060/1571/4747 8133/1571/4833 8155/1570/4834
f 8101/1565/4782 8100/1572/4781 8190/1572/4835 8191/1565/4828
f 8121/1573/5074 8122/1567/4741 8212/1567/4831 8211/1573/4837
f 8044/1574/4731 8045/1569/4730 8141/1569/4832 8140/1574/4838
f 8062/1563/4749 8063/1570/4748 8155/1570/4834 8135/1563/4827
f 8121/1575/5074 8120/1446/4739 8052/1445/4738 8051/1397/4723 8038/1396/4711 8036/1441/4711 8122/1448/4741
f 8100/1572/4781 8093/1576/4780 8183/1576/5075 8190/1572/4835
f 8126/1577/4744 8125/1500/4743 8101/1499/4782 8094/1510/4786 8015/1509/4719 8008/1496/4719 8127/1503/4785
f 8134/1578/4711 8133/1579/4833 8160/1580/4840 8161/1581/4841 8159/1582/4842 8153/1583/4814
f 8132/1584/4711 8131/1585/4843 8169/1586/4844 8167/1587/4845 8168/1588/4846 8162/1589/4847
f 8129/1590/4711 8130/1591/4848 8151/1592/4849 8152/1593/4850 8143/1594/4851
f 8142/1595/4822 8137/1596/4821 8138/1597/4852 8139/1598/4853 8140/1599/4838 8141/1600/4832
f 8144/1601/4854 8145/1602/4855 8146/1603/4856 8128/1604/4857 8129/1590/4711
f 8128/1604/4857 8148/1605/4858 8149/1606/4859 8147/1607/4860 8130/1591/4848 8129/1590/4711
f 8143/1594/4851 8150/1608/5076 8144/1601/4854 8129/1590/4711
f 8135/1609/4827 8155/1610/4834 8133/1579/4833 8134/1578/4711
f 8154/1611/4775 8135/1609/4827 8134/1578/4711
f 8153/1583/4814 8156/1612/4805 8157/1613/4795 8158/1614/4776 8154/1611/4775 8134/1578/4711
f 8136/1615/4862 8164/1616/4863 8165/1617/4864 8166/1618/4865 8131/1585/4843 8132/1584/4711
f 8163/1619/4866 8136/1615/4862 8132/1584/4711
f 8162/1589/4847 8163/1619/4866 8132/1584/4711
f 8173/1620/4813 8174/1526/4798 8175/1525/5070 8176/1621/4735 8172/1622/4734
f 8172/1622/4734 8171/1623/4867 8170/1624/4868 8179/1625/4869 8180/1626/4870 8177/1627/4871 8178/1628/4872 8173/1620/4813
f 8171/1623/4867 8181/1629/4873 8182/1630/4874 8170/1624/4868
f 8186/1631/4726 8189/1632/5077 8188/1633/4876 8184/1634/4786 8183/1635/5075 8187/1636/4877 8185/1637/4820
f 8184/1634/4786 8191/1638/4828 8190/1639/4835 8183/1635/5075
f 8185/1637/4820 8192/1640/4803 8193/1641/4802 8186/1631/4726
f 8195/1642/4878 8196/1643/4879 8197/1644/4880 8198/1645/4881 8194/1646/4882
f 8194/1646/4882 8200/1647/4883 8199/1648/4884 8195/1642/4878
f 8201/1649/4885 8204/1650/4886 8205/1651/4887 8206/1652/4888 8203/1653/4889 8202/1654/4890
f 8202/1654/4890 8207/1655/4891 8208/1656/4892 8201/1649/4885
f 8212/1657/4831 8209/1658/4830 8210/1659/5078 8211/1660/4837
f 8217/1661/4894 8213/1662/5071 8214/1663/4794 8215/1664/4746 8216/1665/4745
f 8067/1536/5072 8059/1485/4773 8153/1583/4814 8159/1582/4842
f 8126/1451/4744 8127/1666/4785 8217/1666/4894 8216/1451/4745
f 8105/1468/4756 8106/1494/4779 8196/1643/4879 8195/1642/4878
f 8087/1667/4824 8088/1668/4823 8178/1668/4872 8177/1667/4871
f 8060/1571/4747 8068/1669/5073 8160/1669/4840 8133/1571/4833
f 8127/1666/4785 8123/1534/4784 8213/1534/5071 8217/1666/4894
f 8106/1670/4779 8107/1671/4778 8197/1671/4880 8196/1670/4879
f 8088/1668/4823 8083/1544/4801 8173/1544/4813 8178/1668/4872
f 8068/1669/5073 8069/1672/4807 8161/1672/4841 8160/1669/4840
f 8107/1671/4778 8108/1673/4777 8198/1673/4881 8197/1671/4880
f 8082/1432/4713 8081/1674/4712 8171/1674/4867 8172/1432/4734
f 8069/1672/4807 8067/1675/5072 8159/1675/4842 8161/1672/4841
f 8051/1676/4723 8052/1677/4738 8145/1677/4855 8144/1676/4854
f 8108/1673/4777 8104/1678/4759 8194/1678/4882 8198/1673/4881
f 8080/1679/4816 8089/1680/4826 8179/1680/4869 8170/1679/4868
f 8052/1677/4738 8053/1681/4737 8146/1681/4856 8145/1677/4855
f 8109/1682/4757 8105/1683/4756 8195/1683/4878 8199/1682/4884
f 8089/1680/4826 8090/1684/4825 8180/1684/4870 8179/1680/4869
f 8053/1681/4737 8050/1685/4736 8128/1685/4857 8146/1681/4856
f 8104/1678/4759 8110/1686/4758 8200/1686/4883 8194/1678/4882
f 8090/1684/4825 8087/1667/4824 8177/1667/4871 8180/1684/4870
f 8047/1687/4767 8049/1688/4796 8130/1688/4848 8147/1687/4860
f 8110/1686/4758 8109/1682/4757 8199/1682/4884 8200/1686/4883
f 8081/1674/4712 8091/1689/4818 8181/1689/4873 8171/1674/4867
f 8050/1685/4736 8054/1690/4769 8148/1690/4858 8128/1685/4857
f 8091/1689/4818 8092/1691/4817 8182/1691/4874 8181/1689/4873
f 8054/1690/4769 8055/1692/4768 8149/1692/4859 8148/1690/4858
f 8092/1691/4817 8080/1679/4816 8170/1679/4868 8182/1691/4874
f 8070/1693/4774 8075/1694/4812 8164/1694/4863 8136/1693/4862
f 8055/1692/4768 8047/1687/4767 8147/1687/4860 8149/1692/4859
f 8113/1695/4761 8112/1696/5069 8202/1696/4890 8203/1695/4889
f 8075/1694/4812 8076/1697/4811 8165/1697/4864 8164/1694/4863
f 8048/1399/4725 8056/1398/4724 8150/1608/5076 8143/1594/4851
f 8111/1698/4752 8114/1699/4764 8204/1699/4886 8201/1698/4885
f 8076/1697/4811 8077/1700/4810 8166/1700/4865 8165/1697/4864
f 8056/1701/4724 8051/1676/4723 8144/1676/4854 8150/1701/5076
f 8114/1699/4764 8115/1702/4763 8205/1702/4887 8204/1699/4886
f 8077/1700/4810 8074/1703/4809 8131/1703/4843 8166/1700/4865
f 8049/1688/4796 8057/1704/4800 8151/1704/4849 8130/1688/4848
f 8115/1702/4763 8116/1705/4762 8206/1705/4888 8205/1702/4887
f 8072/1706/4765 8070/1693/4774 8136/1693/4862 8163/1706/4866
f 8057/1704/4800 8058/1707/4799 8152/1707/4850 8151/1704/4849
f 8116/1705/4762 8113/1695/4761 8203/1695/4889 8206/1705/4888
f 8097/1708/4829 8095/1555/4729 8185/1555/4820 8187/1708/4877
f 8071/1709/4766 8072/1706/4765 8163/1706/4866 8162/1709/4847
f 8058/1707/4799 8048/1710/4725 8143/1710/4851 8152/1707/4850
f 8112/1711/5069 8117/1712/4754 8207/1713/4891 8202/1714/4890
f 8093/1576/4780 8097/1708/4829 8187/1708/4877 8183/1576/5075
f 8073/1549/4742 8078/1548/4815 8168/1588/4846 8167/1587/4845
f 8117/1715/4754 8118/1716/5068 8208/1716/4892 8207/1715/4891
f 8098/1717/4787 8094/1564/4786 8184/1564/4786 8188/1717/4876
f 8078/1548/4815 8071/1478/4766 8162/1589/4847 8168/1588/4846
f 8042/1718/4790 8043/1719/4789 8138/1720/4852 8137/1721/4821
f 8118/1716/5068 8111/1698/4752 8201/1698/4885 8208/1716/4892
f 8099/1722/4788 8098/1717/4787 8188/1717/4876 8189/1722/5077
f 8074/1703/4809 8079/1723/4819 8169/1723/4844 8131/1703/4843
f 8043/1724/4789 8041/1725/5067 8139/1725/4853 8138/1724/4852
f 8119/1568/4740 8120/1726/4739 8210/1726/5078 8209/1568/4830
f 8096/1546/4726 8099/1722/4788 8189/1722/5077 8186/1546/4726
f 8079/1723/4819 8073/1727/4742 8167/1727/4845 8169/1723/4844
f 8041/1725/5067 8044/1574/4731 8140/1574/4838 8139/1725/4853
f 8120/1726/4739 8121/1573/5074 8211/1573/4837 8210/1726/5078
f 8218/2285/5079 8220/2286/5079 8224/2287/5079 8222/2288/5079
f 8221/2289/5 8225/2290/5 8224/2291/5 8220/2292/5
f 8225/2293/5080 8223/2294/5080 8222/2295/5080 8224/2296/5080
f 8223/2285/5081 8225/2286/5081 8221/2287/5081 8219/2288/5081
f 8219/2297/5082 8221/2298/5082 8220/2295/5082 8218/2296/5082
f 8223/2289/20 8219/2290/20 8218/2291/20 8222/2292/20
f 8226/2285/5083 8230/2288/5083 8232/2287/5083 8228/2286/5083
f 8229/2289/5 8228/2292/5 8232/2291/5 8233/2290/5
f 8233/2293/5084 8232/2296/5084 8230/2295/5084 8231/2294/5084
f 8231/2285/5085 8227/2288/5085 8229/2287/5085 8233/2286/5085
f 8227/2297/5086 8226/2296/5086 8228/2295/5086 8229/2298/5086
f 8231/2289/20 8230/2292/20 8226/2291/20 8227/2290/20
f 8270/1369/5087 8257/1370/5088 8237/1371/1200 8264/1372/1201
f 8264/1373/1201 8237/1374/1200 8241/1375/1206 8265/1376/1205
f 8269/1377/5089 8321/1378/5090 8322/1379/5091
f 8266/1380/1208 8239/1381/1207 8235/1382/1198 8263/1383/1199
f 8252/1384/5092 8255/1385/5093 8238/1386/5094 8234/1387/1241
f 8253/1388/5095 8254/1389/5088 8235/1390/1198 8239/1391/1207
f 8273/1392/1208 8245/1393/1208 8242/1394/1199 8274/1395/1199
f 8278/1396/5089 8291/1397/5096 8296/1398/5097 8288/1399/5098 8245/1400/1208 8273/1401/1208 8336/1402/5099 8343/1403/5100 8342/1404/5101 8335/1405/5102
f 8271/1406/1201 8243/1407/1201 8244/1408/1205 8272/1409/1205
f 8280/1410/5087 8259/1411/5087 8243/1412/1201 8271/1413/1201
f 8277/1414/5087 8256/1415/5087 8251/1416/5087 8275/1417/5087
f 8279/1418/5089 8262/1419/5089 8285/1420/5103 8284/1421/5104 8281/1422/5105
f 8261/1423/5095 8257/1424/5088 8247/1425/5088 8249/1426/5095
f 8260/1427/5092 8258/1428/5093 8248/1429/5093 8246/1430/5092
f 8326/1431/5106 8322/1432/5091 8412/1432/5107 8416/1431/5106
f 8268/1433/5087 8254/1434/5088 8247/1435/5088 8267/1436/5087
f 8263/1437/1199 8235/1438/1198 8254/1434/5088 8268/1433/5087
f 8274/1439/1199 8242/1440/1199 8256/1415/5087 8277/1414/5087
f 8276/1441/5089 8250/1442/5089 8290/1443/5108 8293/1444/5109 8292/1445/5110 8360/1446/5111 8359/1447/5112 8362/1448/5113
f 8249/1426/5095 8247/1425/5088 8254/1389/5088 8253/1388/5095 8313/1449/5114
f 8246/1430/5092 8248/1429/5093 8255/1385/5093 8252/1384/5092
f 8365/1450/5115 8366/1451/5116 8456/1451/5116 8455/1450/5117
f 8265/1452/1205 8241/1453/1206 8261/1454/5095 8300/1455/5118 8303/1456/5119 8302/1457/5120
f 8236/1458/1242 8240/1459/1211 8258/1428/5093 8260/1427/5092
f 8241/1460/1206 8237/1461/1200 8257/1424/5088 8261/1423/5095
f 8272/1462/1205 8244/1463/1205 8351/1464/5121 8358/1465/5122 8357/1466/5123 8352/1467/5124 8262/1419/5089 8279/1418/5089 8345/1468/5125 8349/1469/5126 8350/1470/5127 8344/1471/5128
f 8275/1417/5087 8251/1416/5087 8259/1411/5087 8280/1410/5087
f 8267/1436/5087 8247/1435/5088 8257/1370/5088 8270/1369/5087
f 8251/1416/5087 8267/1436/5087 8270/1369/5087 8259/1411/5087
f 8244/1463/1205 8265/1452/1205 8302/1457/5120 8301/1472/5129 8262/1419/5089 8352/1467/5124 8353/1473/5130 8356/1474/5131 8355/1475/5132 8354/1476/5133 8351/1464/5121
f 8250/1442/5089 8312/1477/5134 8311/1478/5135 8287/1479/5136 8295/1480/5137 8294/1481/5138 8290/1443/5108
f 8242/1440/1199 8263/1437/1199 8268/1433/5087 8256/1415/5087
f 8256/1415/5087 8268/1433/5087 8267/1436/5087 8251/1416/5087
f 8262/1419/5089 8301/1472/5129 8306/1482/5139 8305/1483/5140 8304/1484/5141 8299/1485/5142 8310/1486/5143 8312/1477/5134 8250/1442/5089
f 8245/1393/1208 8266/1380/1208 8263/1383/1199 8242/1394/1199
f 8306/1487/5139 8301/1488/5129 8394/1488/5144 8398/1487/5139
f 8243/1407/1201 8264/1373/1201 8265/1376/1205 8244/1408/1205
f 8259/1411/5087 8270/1369/5087 8264/1372/1201 8243/1412/1201
f 8246/1489/5092 8275/1417/5087 8280/1410/5087 8260/1490/5092
f 8240/1491/1211 8272/1462/1205 8344/1471/5128 8348/1492/5145 8347/1493/5146 8346/1494/5147 8345/1468/5125 8279/1418/5089 8258/1495/5093
f 8248/1496/5093 8276/1441/5089 8278/1396/5089 8333/1497/5148 8340/1498/5149 8341/1499/5150 8365/1500/5115 8364/1501/5151 8363/1502/5152 8367/1503/5153
f 8234/1504/1241 8274/1439/1199 8277/1414/5087 8252/1505/5092
f 8258/1495/5093 8279/1418/5089 8281/1422/5105 8276/1441/5089 8248/1496/5093
f 8252/1505/5092 8277/1414/5087 8275/1417/5087 8246/1489/5092
f 8260/1490/5092 8280/1410/5087 8271/1413/1201 8236/1506/1242
f 8236/1507/1242 8271/1406/1201 8272/1409/1205 8240/1508/1211
f 8255/1509/5093 8334/1510/5154 8338/1511/5155 8339/1512/5156 8336/1402/5099 8273/1401/1208 8238/1513/5094
f 8238/1514/5094 8273/1392/1208 8274/1395/1199 8234/1515/1241
f 8281/1422/5105 8283/1516/5157 8276/1441/5089
f 8276/1441/5089 8283/1516/5157 8282/1517/5158 8286/1518/5159 8285/1420/5103 8262/1419/5089 8250/1442/5089
f 8325/1519/5160 8326/1431/5106 8416/1431/5106 8415/1519/5161
f 8364/1520/5151 8365/1450/5115 8455/1450/5117 8454/1520/5162
f 8305/1521/5140 8306/1487/5139 8398/1487/5139 8397/1521/5140
f 8289/1522/5163 8287/1479/5136 8269/1377/5089
f 8324/1523/5164 8325/1524/5160 8415/1525/5161 8414/1526/5165
f 8288/1399/5098 8298/1527/5166 8297/1528/5167 8289/1522/5163 8269/1377/5089 8322/1379/5091 8326/1529/5106 8325/1524/5160 8324/1523/5164 8323/1530/5168 8266/1531/1208 8245/1400/1208
f 8342/1532/5101 8343/1533/5100 8433/1533/5169 8432/1532/5170
f 8363/1534/5152 8364/1520/5151 8454/1520/5162 8453/1534/5171
f 8304/1535/5141 8305/1521/5140 8397/1521/5140 8396/1535/5172
f 8299/1485/5142 8307/1536/5173 8309/1537/5174 8308/1538/5175 8300/1455/5118 8261/1454/5095 8249/1539/5095 8314/1540/5176 8317/1541/5177 8316/1542/5178 8315/1543/5179 8310/1486/5143
f 8323/1544/5168 8324/1545/5164 8414/1545/5165 8413/1544/5180
f 8343/1533/5100 8336/1546/5099 8426/1546/5181 8433/1533/5169
f 8299/1547/5142 8304/1535/5141 8396/1535/5172 8393/1547/5182
f 8311/1478/5135 8318/1548/5183 8313/1549/5114 8253/1550/5095 8320/1551/5184 8332/1552/5185 8331/1553/5186 8321/1378/5090 8269/1377/5089 8287/1479/5136
f 8313/1549/5114 8319/1554/5187 8314/1540/5176 8249/1539/5095
f 8335/1555/5102 8342/1532/5101 8432/1532/5170 8425/1555/5102
f 8286/1556/5159 8282/1557/5158 8377/1557/5188 8382/1556/5189
f 8323/1530/5168 8328/1558/5190 8327/1559/5191 8330/1560/5192 8329/1561/5193 8320/1551/5184 8253/1550/5095 8239/1562/1207 8266/1531/1208
f 8301/1488/5129 8302/1563/5120 8375/1563/5194 8394/1488/5144
f 8334/1564/5154 8341/1565/5150 8431/1565/5195 8424/1564/5154
f 8335/1405/5102 8337/1566/5196 8333/1497/5148 8278/1396/5089
f 8362/1567/5113 8359/1568/5112 8449/1568/5197 8452/1567/5198
f 8285/1569/5103 8286/1556/5159 8382/1556/5189 8381/1569/5199
f 8303/1570/5119 8300/1571/5118 8373/1571/5200 8395/1570/5201
f 8341/1565/5150 8340/1572/5149 8430/1572/5202 8431/1565/5195
f 8361/1573/5203 8362/1567/5113 8452/1567/5198 8451/1573/5204
f 8284/1574/5104 8285/1569/5103 8381/1569/5199 8380/1574/5205
f 8302/1563/5120 8303/1570/5119 8395/1570/5201 8375/1563/5194
f 8361/1575/5203 8360/1446/5111 8292/1445/5110 8291/1397/5096 8278/1396/5089 8276/1441/5089 8362/1448/5113
f 8340/1572/5149 8333/1576/5148 8423/1576/5148 8430/1572/5202
f 8366/1577/5116 8365/1500/5115 8341/1499/5150 8334/1510/5154 8255/1509/5093 8248/1496/5093 8367/1503/5153
f 8374/1578/5089 8373/1579/5200 8400/1580/5206 8401/1581/5207 8399/1582/5208 8393/1583/5182
f 8372/1584/5089 8371/1585/5176 8409/1586/5209 8407/1587/5210 8408/1588/5211 8402/1589/5212
f 8369/1590/5089 8370/1591/5163 8391/1592/5213 8392/1593/5214 8383/1594/5215
f 8382/1595/5189 8377/1596/5188 8378/1597/5216 8379/1598/5217 8380/1599/5205 8381/1600/5199
f 8384/1601/5218 8385/1602/5219 8386/1603/5220 8368/1604/5221 8369/1590/5089
f 8368/1604/5221 8388/1605/5222 8389/1606/5223 8387/1607/5224 8370/1591/5163 8369/1590/5089
f 8383/1594/5215 8390/1608/5225 8384/1601/5218 8369/1590/5089
f 8375/1609/5194 8395/1610/5201 8373/1579/5200 8374/1578/5089
f 8394/1611/5144 8375/1609/5194 8374/1578/5089
f 8393/1583/5182 8396/1612/5172 8397/1613/5140 8398/1614/5139 8394/1611/5144 8374/1578/5089
f 8376/1615/5226 8404/1616/5227 8405/1617/5228 8406/1618/5177 8371/1585/5176 8372/1584/5089
f 8403/1619/5229 8376/1615/5226 8372/1584/5089
f 8402/1589/5212 8403/1619/5229 8372/1584/5089
f 8413/1620/5180 8414/1526/5165 8415/1525/5161 8416/1621/5106 8412/1622/5107
f 8412/1622/5107 8411/1623/5230 8410/1624/5231 8419/1625/5232 8420/1626/5233 8417/1627/5234 8418/1628/5235 8413/1620/5180
f 8411/1623/5230 8421/1629/5236 8422/1630/5237 8410/1624/5231
f 8426/1631/5181 8429/1632/5238 8428/1633/5239 8424/1634/5154 8423/1635/5148 8427/1636/5240 8425/1637/5102
f 8424/1634/5154 8431/1638/5195 8430/1639/5202 8423/1635/5148
f 8425/1637/5102 8432/1640/5170 8433/1641/5169 8426/1631/5181
f 8435/1642/5241 8436/1643/5242 8437/1644/5243 8438/1645/5244 8434/1646/5245
f 8434/1646/5245 8440/1647/5246 8439/1648/5247 8435/1642/5241
f 8441/1649/5248 8444/1650/5249 8445/1651/5250 8446/1652/5251 8443/1653/5252 8442/1654/5253
f 8442/1654/5253 8447/1655/5254 8448/1656/5255 8441/1649/5248
f 8452/1657/5198 8449/1658/5197 8450/1659/5256 8451/1660/5204
f 8457/1661/5257 8453/1662/5171 8454/1663/5162 8455/1664/5117 8456/1665/5116
f 8307/1536/5173 8299/1485/5142 8393/1583/5182 8399/1582/5208
f 8366/1451/5116 8367/1666/5153 8457/1666/5257 8456/1451/5116
f 8345/1468/5125 8346/1494/5147 8436/1643/5242 8435/1642/5241
f 8327/1667/5191 8328/1668/5190 8418/1668/5235 8417/1667/5234
f 8300/1571/5118 8308/1669/5175 8400/1669/5206 8373/1571/5200
f 8367/1666/5153 8363/1534/5152 8453/1534/5171 8457/1666/5257
f 8346/1670/5147 8347/1671/5146 8437/1671/5243 8436/1670/5242
f 8328/1668/5190 8323/1544/5168 8413/1544/5180 8418/1668/5235
f 8308/1669/5175 8309/1672/5174 8401/1672/5207 8400/1669/5206
f 8347/1671/5146 8348/1673/5145 8438/1673/5244 8437/1671/5243
f 8322/1432/5091 8321/1674/5090 8411/1674/5230 8412/1432/5107
f 8309/1672/5174 8307/1675/5173 8399/1675/5208 8401/1672/5207
f 8291/1676/5096 8292/1677/5110 8385/1677/5219 8384/1676/5218
f 8348/1673/5145 8344/1678/5128 8434/1678/5245 8438/1673/5244
f 8320/1679/5184 8329/1680/5193 8419/1680/5232 8410/1679/5231
f 8292/1677/5110 8293/1681/5109 8386/1681/5220 8385/1677/5219
f 8349/1682/5126 8345/1683/5125 8435/1683/5241 8439/1682/5247
f 8329/1680/5193 8330/1684/5192 8420/1684/5233 8419/1680/5232
f 8293/1681/5109 8290/1685/5108 8368/1685/5221 8386/1681/5220
f 8344/1678/5128 8350/1686/5127 8440/1686/5246 8434/1678/5245
f 8330/1684/5192 8327/1667/5191 8417/1667/5234 8420/1684/5233
f 8287/1687/5136 8289/1688/5163 8370/1688/5163 8387/1687/5224
f 8350/1686/5127 8349/1682/5126 8439/1682/5247 8440/1686/5246
f 8321/1674/5090 8331/1689/5186 8421/1689/5236 8411/1674/5230
f 8290/1685/5108 8294/1690/5138 8388/1690/5222 8368/1685/5221
f 8331/1689/5186 8332/1691/5185 8422/1691/5237 8421/1689/5236
f 8294/1690/5138 8295/1692/5137 8389/1692/5223 8388/1690/5222
f 8332/1691/5185 8320/1679/5184 8410/1679/5231 8422/1691/5237
f 8310/1693/5143 8315/1694/5179 8404/1694/5227 8376/1693/5226
f 8295/1692/5137 8287/1687/5136 8387/1687/5224 8389/1692/5223
f 8353/1695/5130 8352/1696/5124 8442/1696/5253 8443/1695/5252
f 8315/1694/5179 8316/1697/5178 8405/1697/5228 8404/1694/5227
f 8288/1399/5098 8296/1398/5097 8390/1608/5225 8383/1594/5215
f 8351/1698/5121 8354/1699/5133 8444/1699/5249 8441/1698/5248
f 8316/1697/5178 8317/1700/5177 8406/1700/5177 8405/1697/5228
f 8296/1701/5097 8291/1676/5096 8384/1676/5218 8390/1701/5225
f 8354/1699/5133 8355/1702/5132 8445/1702/5250 8444/1699/5249
f 8317/1700/5177 8314/1703/5176 8371/1703/5176 8406/1700/5177
f 8289/1688/5163 8297/1704/5167 8391/1704/5213 8370/1688/5163
f 8355/1702/5132 8356/1705/5131 8446/1705/5251 8445/1702/5250
f 8312/1706/5134 8310/1693/5143 8376/1693/5226 8403/1706/5229
f 8297/1704/5167 8298/1707/5166 8392/1707/5214 8391/1704/5213
f 8356/1705/5131 8353/1695/5130 8443/1695/5252 8446/1705/5251
f 8337/1708/5196 8335/1555/5102 8425/1555/5102 8427/1708/5240
f 8311/1709/5135 8312/1706/5134 8403/1706/5229 8402/1709/5212
f 8298/1707/5166 8288/1710/5098 8383/1710/5215 8392/1707/5214
f 8352/1711/5124 8357/1712/5123 8447/1713/5254 8442/1714/5253
f 8333/1576/5148 8337/1708/5196 8427/1708/5240 8423/1576/5148
f 8313/1549/5114 8318/1548/5183 8408/1588/5211 8407/1587/5210
f 8357/1715/5123 8358/1716/5122 8448/1716/5255 8447/1715/5254
f 8338/1717/5155 8334/1564/5154 8424/1564/5154 8428/1717/5239
f 8318/1548/5183 8311/1478/5135 8402/1589/5212 8408/1588/5211
f 8282/1718/5158 8283/1719/5157 8378/1720/5216 8377/1721/5188
f 8358/1716/5122 8351/1698/5121 8441/1698/5248 8448/1716/5255
f 8339/1722/5156 8338/1717/5155 8428/1717/5239 8429/1722/5238
f 8314/1703/5176 8319/1723/5187 8409/1723/5209 8371/1703/5176
f 8283/1724/5157 8281/1725/5105 8379/1725/5217 8378/1724/5216
f 8359/1568/5112 8360/1726/5111 8450/1726/5256 8449/1568/5197
f 8336/1546/5099 8339/1722/5156 8429/1722/5238 8426/1546/5181
f 8319/1723/5187 8313/1727/5114 8407/1727/5210 8409/1723/5209
f 8281/1725/5105 8284/1574/5104 8380/1574/5205 8379/1725/5217
f 8360/1726/5111 8361/1573/5203 8451/1573/5204 8450/1726/5256
f 8494/1369/5087 8481/1370/5088 8461/1371/1200 8488/1372/1201
f 8488/1373/1201 8461/1374/1200 8465/1375/1206 8489/1376/1205
f 8493/1377/5089 8545/1378/5090 8546/1379/5091
f 8490/1380/1208 8463/1381/1207 8459/1382/1198 8487/1383/1199
f 8476/1384/5092 8479/1385/5093 8462/1386/1212 8458/1387/1241
f 8477/1388/5095 8478/1389/5088 8459/1390/1198 8463/1391/1207
f 8497/1392/1208 8469/1393/1208 8466/1394/1199 8498/1395/1199
f 8502/1396/5089 8515/1397/5096 8520/1398/5097 8512/1399/5098 8469/1400/1208 8497/1401/1208 8560/1402/5099 8567/1403/5258 8566/1404/5101 8559/1405/5102
f 8495/1406/1201 8467/1407/1201 8468/1408/1205 8496/1409/1205
f 8504/1410/5087 8483/1411/5087 8467/1412/1201 8495/1413/1201
f 8501/1414/5087 8480/1415/5087 8475/1416/5087 8499/1417/5087
f 8503/1418/5089 8486/1419/5089 8509/1420/5103 8508/1421/5104 8505/1422/5105
f 8485/1423/5095 8481/1424/5088 8471/1425/5088 8473/1426/5095
f 8484/1427/5092 8482/1428/5093 8472/1429/5093 8470/1430/5092
f 8550/1431/5106 8546/1432/5091 8636/1432/5107 8640/1431/5106
f 8492/1433/5087 8478/1434/5088 8471/1435/5088 8491/1436/5087
f 8487/1437/1199 8459/1438/1198 8478/1434/5088 8492/1433/5087
f 8498/1439/1199 8466/1440/1199 8480/1415/5087 8501/1414/5087
f 8500/1441/5089 8474/1442/5089 8514/1443/5108 8517/1444/5109 8516/1445/5110 8584/1446/5111 8583/1447/5112 8586/1448/5113
f 8473/1426/5095 8471/1425/5088 8478/1389/5088 8477/1388/5095 8537/1449/5114
f 8470/1430/5092 8472/1429/5093 8479/1385/5093 8476/1384/5092
f 8589/1450/5115 8590/1451/5116 8680/1451/5116 8679/1450/5117
f 8489/1452/1205 8465/1453/1206 8485/1454/5095 8524/1455/5259 8527/1456/5119 8526/1457/5120
f 8460/1458/1242 8464/1459/1211 8482/1428/5093 8484/1427/5092
f 8465/1460/1206 8461/1461/1200 8481/1424/5088 8485/1423/5095
f 8496/1462/1205 8468/1463/1205 8575/1464/5121 8582/1465/5122 8581/1466/5123 8576/1467/5124 8486/1419/5089 8503/1418/5089 8569/1468/5125 8573/1469/5126 8574/1470/5127 8568/1471/5128
f 8499/1417/5087 8475/1416/5087 8483/1411/5087 8504/1410/5087
f 8491/1436/5087 8471/1435/5088 8481/1370/5088 8494/1369/5087
f 8475/1416/5087 8491/1436/5087 8494/1369/5087 8483/1411/5087
f 8468/1463/1205 8489/1452/1205 8526/1457/5120 8525/1472/5129 8486/1419/5089 8576/1467/5124 8577/1473/5130 8580/1474/5131 8579/1475/5132 8578/1476/5260 8575/1464/5121
f 8474/1442/5089 8536/1477/5134 8535/1478/5135 8511/1479/5136 8519/1480/5137 8518/1481/5261 8514/1443/5108
f 8466/1440/1199 8487/1437/1199 8492/1433/5087 8480/1415/5087
f 8480/1415/5087 8492/1433/5087 8491/1436/5087 8475/1416/5087
f 8486/1419/5089 8525/1472/5129 8530/1482/5139 8529/1483/5140 8528/1484/5141 8523/1485/5142 8534/1486/5143 8536/1477/5134 8474/1442/5089
f 8469/1393/1208 8490/1380/1208 8487/1383/1199 8466/1394/1199
f 8530/1487/5139 8525/1488/5129 8618/1488/5144 8622/1487/5139
f 8467/1407/1201 8488/1373/1201 8489/1376/1205 8468/1408/1205
f 8483/1411/5087 8494/1369/5087 8488/1372/1201 8467/1412/1201
f 8470/1489/5092 8499/1417/5087 8504/1410/5087 8484/1490/5092
f 8464/1491/1211 8496/1462/1205 8568/1471/5128 8572/1492/5262 8571/1493/5146 8570/1494/5147 8569/1468/5125 8503/1418/5089 8482/1495/5093
f 8472/1496/5093 8500/1441/5089 8502/1396/5089 8557/1497/5148 8564/1498/5149 8565/1499/5150 8589/1500/5115 8588/1501/5151 8587/1502/5152 8591/1503/5153
f 8458/1504/1241 8498/1439/1199 8501/1414/5087 8476/1505/5092
f 8482/1495/5093 8503/1418/5089 8505/1422/5105 8500/1441/5089 8472/1496/5093
f 8476/1505/5092 8501/1414/5087 8499/1417/5087 8470/1489/5092
f 8484/1490/5092 8504/1410/5087 8495/1413/1201 8460/1506/1242
f 8460/1507/1242 8495/1406/1201 8496/1409/1205 8464/1508/1211
f 8479/1509/5093 8558/1510/5154 8562/1511/5155 8563/1512/5156 8560/1402/5099 8497/1401/1208 8462/1513/1212
f 8462/1514/1212 8497/1392/1208 8498/1395/1199 8458/1515/1241
f 8505/1422/5105 8507/1516/5157 8500/1441/5089
f 8500/1441/5089 8507/1516/5157 8506/1517/5158 8510/1518/5159 8509/1420/5103 8486/1419/5089 8474/1442/5089
f 8549/1519/5160 8550/1431/5106 8640/1431/5106 8639/1519/5161
f 8588/1520/5151 8589/1450/5115 8679/1450/5117 8678/1520/5162
f 8529/1521/5140 8530/1487/5139 8622/1487/5139 8621/1521/5140
f 8513/1522/5163 8511/1479/5136 8493/1377/5089
f 8548/1523/5164 8549/1524/5160 8639/1525/5161 8638/1526/5165
f 8512/1399/5098 8522/1527/5166 8521/1528/5167 8513/1522/5163 8493/1377/5089 8546/1379/5091 8550/1529/5106 8549/1524/5160 8548/1523/5164 8547/1530/5168 8490/1531/1208 8469/1400/1208
f 8566/1532/5101 8567/1533/5258 8657/1533/5263 8656/1532/5170
f 8587/1534/5152 8588/1520/5151 8678/1520/5162 8677/1534/5171
f 8528/1535/5141 8529/1521/5140 8621/1521/5140 8620/1535/5264
f 8523/1485/5142 8531/1536/5173 8533/1537/5174 8532/1538/5175 8524/1455/5259 8485/1454/5095 8473/1539/5095 8538/1540/5176 8541/1541/5177 8540/1542/5178 8539/1543/5179 8534/1486/5143
f 8547/1544/5168 8548/1545/5164 8638/1545/5165 8637/1544/5180
f 8567/1533/5258 8560/1546/5099 8650/1546/5181 8657/1533/5263
f 8523/1547/5142 8528/1535/5141 8620/1535/5264 8617/1547/5182
f 8535/1478/5135 8542/1548/5265 8537/1549/5114 8477/1550/5095 8544/1551/5184 8556/1552/5185 8555/1553/5186 8545/1378/5090 8493/1377/5089 8511/1479/5136
f 8537/1549/5114 8543/1554/5187 8538/1540/5176 8473/1539/5095
f 8559/1555/5102 8566/1532/5101 8656/1532/5170 8649/1555/5102
f 8510/1556/5159 8506/1557/5158 8601/1557/5188 8606/1556/5189
f 8547/1530/5168 8552/1558/5190 8551/1559/5191 8554/1560/5192 8553/1561/5193 8544/1551/5184 8477/1550/5095 8463/1562/1207 8490/1531/1208
f 8525/1488/5129 8526/1563/5120 8599/1563/5194 8618/1488/5144
f 8558/1564/5154 8565/1565/5150 8655/1565/5195 8648/1564/5154
f 8559/1405/5102 8561/1566/5196 8557/1497/5148 8502/1396/5089
f 8586/1567/5113 8583/1568/5112 8673/1568/5197 8676/1567/5266
f 8509/1569/5103 8510/1556/5159 8606/1556/5189 8605/1569/5199
f 8527/1570/5119 8524/1571/5259 8597/1571/5200 8619/1570/5201
f 8565/1565/5150 8564/1572/5149 8654/1572/5202 8655/1565/5195
f 8585/1573/5203 8586/1567/5113 8676/1567/5266 8675/1573/5267
f 8508/1574/5104 8509/1569/5103 8605/1569/5199 8604/1574/5205
f 8526/1563/5120 8527/1570/5119 8619/1570/5201 8599/1563/5194
f 8585/1575/5203 8584/1446/5111 8516/1445/5110 8515/1397/5096 8502/1396/5089 8500/1441/5089 8586/1448/5113
f 8564/1572/5149 8557/1576/5148 8647/1576/5148 8654/1572/5202
f 8590/1577/5116 8589/1500/5115 8565/1499/5150 8558/1510/5154 8479/1509/5093 8472/1496/5093 8591/1503/5153
f 8598/1578/5089 8597/1579/5200 8624/1580/5206 8625/1581/5207 8623/1582/5268 8617/1583/5182
f 8596/1584/5089 8595/1585/5176 8633/1586/5209 8631/1587/5210 8632/1588/5211 8626/1589/5212
f 8593/1590/5089 8594/1591/5163 8615/1592/5213 8616/1593/5214 8607/1594/5269
f 8606/1595/5189 8601/1596/5188 8602/1597/5216 8603/1598/5217 8604/1599/5205 8605/1600/5199
f 8608/1601/5218 8609/1602/5219 8610/1603/5270 8592/1604/5271 8593/1590/5089
f 8592/1604/5271 8612/1605/5222 8613/1606/5223 8611/1607/5224 8594/1591/5163 8593/1590/5089
f 8607/1594/5269 8614/1608/5225 8608/1601/5218 8593/1590/5089
f 8599/1609/5194 8619/1610/5201 8597/1579/5200 8598/1578/5089
f 8618/1611/5144 8599/1609/5194 8598/1578/5089
f 8617/1583/5182 8620/1612/5264 8621/1613/5140 8622/1614/5139 8618/1611/5144 8598/1578/5089
f 8600/1615/5226 8628/1616/5227 8629/1617/5228 8630/1618/5177 8595/1585/5176 8596/1584/5089
f 8627/1619/5272 8600/1615/5226 8596/1584/5089
f 8626/1589/5212 8627/1619/5272 8596/1584/5089
f 8637/1620/5180 8638/1526/5165 8639/1525/5161 8640/1621/5106 8636/1622/5107
f 8636/1622/5107 8635/1623/5230 8634/1624/5231 8643/1625/5232 8644/1626/5233 8641/1627/5234 8642/1628/5235 8637/1620/5180
f 8635/1623/5230 8645/1629/5273 8646/1630/5237 8634/1624/5231
f 8650/1631/5181 8653/1632/5238 8652/1633/5239 8648/1634/5154 8647/1635/5148 8651/1636/5240 8649/1637/5102
f 8648/1634/5154 8655/1638/5195 8654/1639/5202 8647/1635/5148
f 8649/1637/5102 8656/1640/5170 8657/1641/5263 8650/1631/5181
f 8659/1642/5241 8660/1643/5242 8661/1644/5243 8662/1645/5244 8658/1646/5274
f 8658/1646/5274 8664/1647/5246 8663/1648/5247 8659/1642/5241
f 8665/1649/5275 8668/1650/5249 8669/1651/5276 8670/1652/5251 8667/1653/5252 8666/1654/5253
f 8666/1654/5253 8671/1655/5277 8672/1656/5255 8665/1649/5275
f 8676/1657/5266 8673/1658/5197 8674/1659/5256 8675/1660/5267
f 8681/1661/5257 8677/1662/5171 8678/1663/5162 8679/1664/5117 8680/1665/5116
f 8531/1536/5173 8523/1485/5142 8617/1583/5182 8623/1582/5268
f 8590/1451/5116 8591/1666/5153 8681/1666/5257 8680/1451/5116
f 8569/1468/5125 8570/1494/5147 8660/1643/5242 8659/1642/5241
f 8551/1667/5191 8552/1668/5190 8642/1668/5235 8641/1667/5234
f 8524/1571/5259 8532/1669/5175 8624/1669/5206 8597/1571/5200
f 8591/1666/5153 8587/1534/5152 8677/1534/5171 8681/1666/5257
f 8570/1670/5147 8571/1671/5146 8661/1671/5243 8660/1670/5242
f 8552/1668/5190 8547/1544/5168 8637/1544/5180 8642/1668/5235
f 8532/1669/5175 8533/1672/5174 8625/1672/5207 8624/1669/5206
f 8571/1671/5146 8572/1673/5262 8662/1673/5244 8661/1671/5243
f 8546/1432/5091 8545/1674/5090 8635/1674/5230 8636/1432/5107
f 8533/1672/5174 8531/1675/5173 8623/1675/5268 8625/1672/5207
f 8515/1676/5096 8516/1677/5110 8609/1677/5219 8608/1676/5218
f 8572/1673/5262 8568/1678/5128 8658/1678/5274 8662/1673/5244
f 8544/1679/5184 8553/1680/5193 8643/1680/5232 8634/1679/5231
f 8516/1677/5110 8517/1681/5109 8610/1681/5270 8609/1677/5219
f 8573/1682/5126 8569/1683/5125 8659/1683/5241 8663/1682/5247
f 8553/1680/5193 8554/1684/5192 8644/1684/5233 8643/1680/5232
f 8517/1681/5109 8514/1685/5108 8592/1685/5271 8610/1681/5270
f 8568/1678/5128 8574/1686/5127 8664/1686/5246 8658/1678/5274
f 8554/1684/5192 8551/1667/5191 8641/1667/5234 8644/1684/5233
f 8511/1687/5136 8513/1688/5163 8594/1688/5163 8611/1687/5224
f 8574/1686/5127 8573/1682/5126 8663/1682/5247 8664/1686/5246
f 8545/1674/5090 8555/1689/5186 8645/1689/5273 8635/1674/5230
f 8514/1685/5108 8518/1690/5261 8612/1690/5222 8592/1685/5271
f 8555/1689/5186 8556/1691/5185 8646/1691/5237 8645/1689/5273
f 8518/1690/5261 8519/1692/5137 8613/1692/5223 8612/1690/5222
f 8556/1691/5185 8544/1679/5184 8634/1679/5231 8646/1691/5237
f 8534/1693/5143 8539/1694/5179 8628/1694/5227 8600/1693/5226
f 8519/1692/5137 8511/1687/5136 8611/1687/5224 8613/1692/5223
f 8577/1695/5130 8576/1696/5124 8666/1696/5253 8667/1695/5252
f 8539/1694/5179 8540/1697/5178 8629/1697/5228 8628/1694/5227
f 8512/1399/5098 8520/1398/5097 8614/1608/5225 8607/1594/5269
f 8575/1698/5121 8578/1699/5260 8668/1699/5249 8665/1698/5275
f 8540/1697/5178 8541/1700/5177 8630/1700/5177 8629/1697/5228
f 8520/1701/5097 8515/1676/5096 8608/1676/5218 8614/1701/5225
f 8578/1699/5260 8579/1702/5132 8669/1702/5276 8668/1699/5249
f 8541/1700/5177 8538/1703/5176 8595/1703/5176 8630/1700/5177
f 8513/1688/5163 8521/1704/5167 8615/1704/5213 8594/1688/5163
f 8579/1702/5132 8580/1705/5131 8670/1705/5251 8669/1702/5276
f 8536/1706/5134 8534/1693/5143 8600/1693/5226 8627/1706/5272
f 8521/1704/5167 8522/1707/5166 8616/1707/5214 8615/1704/5213
f 8580/1705/5131 8577/1695/5130 8667/1695/5252 8670/1705/5251
f 8561/1708/5196 8559/1555/5102 8649/1555/5102 8651/1708/5240
f 8535/1709/5135 8536/1706/5134 8627/1706/5272 8626/1709/5212
f 8522/1707/5166 8512/1710/5098 8607/1710/5269 8616/1707/5214
f 8576/1711/5124 8581/1712/5123 8671/1713/5277 8666/1714/5253
f 8557/1576/5148 8561/1708/5196 8651/1708/5240 8647/1576/5148
f 8537/1549/5114 8542/1548/5265 8632/1588/5211 8631/1587/5210
f 8581/1715/5123 8582/1716/5122 8672/1716/5255 8671/1715/5277
f 8562/1717/5155 8558/1564/5154 8648/1564/5154 8652/1717/5239
f 8542/1548/5265 8535/1478/5135 8626/1589/5212 8632/1588/5211
f 8506/1718/5158 8507/1719/5157 8602/1720/5216 8601/1721/5188
f 8582/1716/5122 8575/1698/5121 8665/1698/5275 8672/1716/5255
f 8563/1722/5156 8562/1717/5155 8652/1717/5239 8653/1722/5238
f 8538/1703/5176 8543/1723/5187 8633/1723/5209 8595/1703/5176
f 8507/1724/5157 8505/1725/5105 8603/1725/5217 8602/1724/5216
f 8583/1568/5112 8584/1726/5111 8674/1726/5256 8673/1568/5197
f 8560/1546/5099 8563/1722/5156 8653/1722/5238 8650/1546/5181
f 8543/1723/5187 8537/1727/5114 8631/1727/5210 8633/1723/5209
f 8505/1725/5105 8508/1574/5104 8604/1574/5205 8603/1725/5217
f 8584/1726/5111 8585/1573/5203 8675/1573/5267 8674/1726/5256
f 8718/1369/5087 8712/1372/1201 8685/1371/1242 8705/1370/5092
f 8712/1373/1201 8713/1376/1205 8689/1375/1211 8685/1374/1242
f 8717/1377/5089 8770/1379/5278 8769/1378/5279
f 8714/1380/1208 8711/1383/1199 8683/1382/1241 8687/1381/1212
f 8700/1384/5088 8682/1387/1198 8686/1386/1207 8703/1385/5095
f 8701/1388/5093 8687/1391/1212 8683/1390/1241 8702/1389/5092
f 8721/1392/1208 8722/1395/1199 8690/1394/1199 8693/1393/1208
f 8726/1396/5089 8783/1405/5280 8790/1404/5281 8791/1403/5282 8784/1402/5283 8721/1401/1208 8693/1400/1208 8736/1399/5284 8744/1398/5285 8739/1397/5286
f 8719/1406/1201 8720/1409/1205 8692/1408/1205 8691/1407/1201
f 8728/1410/5087 8719/1413/1201 8691/1412/1201 8707/1411/5087
f 8725/1414/5087 8723/1417/5087 8699/1416/5087 8704/1415/5087
f 8727/1418/5089 8729/1422/5287 8732/1421/5288 8733/1420/5289 8710/1419/5089
f 8709/1423/5093 8697/1426/5093 8695/1425/5092 8705/1424/5092
f 8708/1427/5088 8694/1430/5088 8696/1429/5095 8706/1428/5095
f 8774/1431/5290 8864/1431/5290 8860/1432/5291 8770/1432/5278
f 8716/1433/5087 8715/1436/5087 8695/1435/5092 8702/1434/5092
f 8711/1437/1199 8716/1433/5087 8702/1434/5092 8683/1438/1241
f 8722/1439/1199 8725/1414/5087 8704/1415/5087 8690/1440/1199
f 8724/1441/5089 8810/1448/5292 8807/1447/5293 8808/1446/5294 8740/1445/5295 8741/1444/5296 8738/1443/5297 8698/1442/5089
f 8697/1426/5093 8761/1449/5298 8701/1388/5093 8702/1389/5092 8695/1425/5092
f 8694/1430/5088 8700/1384/5088 8703/1385/5095 8696/1429/5095
f 8813/1450/5299 8903/1450/5300 8904/1451/5301 8814/1451/5301
f 8713/1452/1205 8750/1457/5302 8751/1456/5303 8748/1455/5304 8709/1454/5093 8689/1453/1211
f 8684/1458/1200 8708/1427/5088 8706/1428/5095 8688/1459/1206
f 8689/1460/1211 8709/1423/5093 8705/1424/5092 8685/1461/1242
f 8720/1462/1205 8792/1471/5305 8798/1470/5306 8797/1469/5307 8793/1468/5308 8727/1418/5089 8710/1419/5089 8800/1467/5309 8805/1466/5310 8806/1465/5311 8799/1464/5312 8692/1463/1205
f 8723/1417/5087 8728/1410/5087 8707/1411/5087 8699/1416/5087
f 8715/1436/5087 8718/1369/5087 8705/1370/5092 8695/1435/5092
f 8699/1416/5087 8707/1411/5087 8718/1369/5087 8715/1436/5087
f 8692/1463/1205 8799/1464/5312 8802/1476/5313 8803/1475/5314 8804/1474/5315 8801/1473/5316 8800/1467/5309 8710/1419/5089 8749/1472/5317 8750/1457/5302 8713/1452/1205
f 8698/1442/5089 8738/1443/5297 8742/1481/5318 8743/1480/5319 8735/1479/5320 8759/1478/5321 8760/1477/5322
f 8690/1440/1199 8704/1415/5087 8716/1433/5087 8711/1437/1199
f 8704/1415/5087 8699/1416/5087 8715/1436/5087 8716/1433/5087
f 8710/1419/5089 8698/1442/5089 8760/1477/5322 8758/1486/5323 8747/1485/5324 8752/1484/5325 8753/1483/5326 8754/1482/5327 8749/1472/5317
f 8693/1393/1208 8690/1394/1199 8711/1383/1199 8714/1380/1208
f 8754/1487/5327 8846/1487/5327 8842/1488/5328 8749/1488/5317
f 8691/1407/1201 8692/1408/1205 8713/1376/1205 8712/1373/1201
f 8707/1411/5087 8691/1412/1201 8712/1372/1201 8718/1369/5087
f 8694/1489/5088 8708/1490/5088 8728/1410/5087 8723/1417/5087
f 8688/1491/1206 8706/1495/5095 8727/1418/5089 8793/1468/5308 8794/1494/5329 8795/1493/5330 8796/1492/5331 8792/1471/5305 8720/1462/1205
f 8696/1496/5095 8815/1503/5332 8811/1502/5333 8812/1501/5334 8813/1500/5299 8789/1499/5335 8788/1498/5336 8781/1497/5337 8726/1396/5089 8724/1441/5089
f 8682/1504/1198 8700/1505/5088 8725/1414/5087 8722/1439/1199
f 8706/1495/5095 8696/1496/5095 8724/1441/5089 8729/1422/5287 8727/1418/5089
f 8700/1505/5088 8694/1489/5088 8723/1417/5087 8725/1414/5087
f 8708/1490/5088 8684/1506/1200 8719/1413/1201 8728/1410/5087
f 8684/1507/1200 8688/1508/1206 8720/1409/1205 8719/1406/1201
f 8703/1509/5095 8686/1513/1207 8721/1401/1208 8784/1402/5283 8787/1512/5338 8786/1511/5339 8782/1510/5340
f 8686/1514/1207 8682/1515/1198 8722/1395/1199 8721/1392/1208
f 8729/1422/5287 8724/1441/5089 8731/1516/5341
f 8724/1441/5089 8698/1442/5089 8710/1419/5089 8733/1420/5289 8734/1518/5342 8730/1517/5343 8731/1516/5341
f 8773/1519/5344 8863/1519/5345 8864/1431/5290 8774/1431/5290
f 8812/1520/5334 8902/1520/5346 8903/1450/5300 8813/1450/5299
f 8753/1521/5326 8845/1521/5347 8846/1487/5327 8754/1487/5327
f 8737/1522/5348 8717/1377/5089 8735/1479/5320
f 8772/1523/5349 8862/1526/5350 8863/1525/5345 8773/1524/5344
f 8736/1399/5284 8693/1400/1208 8714/1531/1208 8771/1530/5351 8772/1523/5349 8773/1524/5344 8774/1529/5290 8770/1379/5278 8717/1377/5089 8737/1522/5348 8745/1528/5352 8746/1527/5353
f 8790/1532/5281 8880/1532/5354 8881/1533/5355 8791/1533/5282
f 8811/1534/5333 8901/1534/5356 8902/1520/5346 8812/1520/5334
f 8752/1535/5325 8844/1535/5357 8845/1521/5347 8753/1521/5326
f 8747/1485/5324 8758/1486/5323 8763/1543/5358 8764/1542/5359 8765/1541/5360 8762/1540/5361 8697/1539/5093 8709/1454/5093 8748/1455/5304 8756/1538/5362 8757/1537/5363 8755/1536/5364
f 8771/1544/5351 8861/1544/5365 8862/1545/5350 8772/1545/5349
f 8791/1533/5282 8881/1533/5355 8874/1546/5366 8784/1546/5283
f 8747/1547/5324 8841/1547/5367 8844/1535/5357 8752/1535/5325
f 8759/1478/5321 8735/1479/5320 8717/1377/5089 8769/1378/5279 8779/1553/5368 8780/1552/5369 8768/1551/5370 8701/1550/5093 8761/1549/5298 8766/1548/5371
f 8761/1549/5298 8697/1539/5093 8762/1540/5361 8767/1554/5372
f 8783/1555/5280 8873/1555/5373 8880/1532/5354 8790/1532/5281
f 8734/1556/5342 8830/1556/5374 8825/1557/5375 8730/1557/5343
f 8771/1530/5351 8714/1531/1208 8687/1562/1212 8701/1550/5093 8768/1551/5370 8777/1561/5376 8778/1560/5377 8775/1559/5378 8776/1558/5379
f 8749/1488/5317 8842/1488/5328 8823/1563/5380 8750/1563/5302
f 8782/1564/5340 8872/1564/5340 8879/1565/5381 8789/1565/5335
f 8783/1405/5280 8726/1396/5089 8781/1497/5337 8785/1566/5382
f 8810/1567/5292 8900/1567/5383 8897/1568/5384 8807/1568/5293
f 8733/1569/5289 8829/1569/5385 8830/1556/5374 8734/1556/5342
f 8751/1570/5303 8843/1570/5386 8821/1571/5304 8748/1571/5304
f 8789/1565/5335 8879/1565/5381 8878/1572/5387 8788/1572/5336
f 8809/1573/5388 8899/1573/5389 8900/1567/5383 8810/1567/5292
f 8732/1574/5288 8828/1574/5390 8829/1569/5385 8733/1569/5289
f 8750/1563/5302 8823/1563/5380 8843/1570/5386 8751/1570/5303
f 8809/1575/5388 8810/1448/5292 8724/1441/5089 8726/1396/5089 8739/1397/5286 8740/1445/5295 8808/1446/5294
f 8788/1572/5336 8878/1572/5387 8871/1576/5337 8781/1576/5337
f 8814/1577/5301 8815/1503/5332 8696/1496/5095 8703/1509/5095 8782/1510/5340 8789/1499/5335 8813/1500/5299
f 8822/1578/5089 8841/1583/5367 8847/1582/5364 8849/1581/5363 8848/1580/5391 8821/1579/5304
f 8820/1584/5089 8850/1589/5392 8856/1588/5393 8855/1587/5394 8857/1586/5372 8819/1585/5395
f 8817/1590/5089 8831/1594/5396 8840/1593/5397 8839/1592/5352 8818/1591/5348
f 8830/1595/5374 8829/1600/5385 8828/1599/5390 8827/1598/5398 8826/1597/5399 8825/1596/5375
f 8832/1601/5400 8817/1590/5089 8816/1604/5401 8834/1603/5296 8833/1602/5402
f 8816/1604/5401 8817/1590/5089 8818/1591/5348 8835/1607/5403 8837/1606/5404 8836/1605/5405
f 8831/1594/5396 8817/1590/5089 8832/1601/5400 8838/1608/5406
f 8823/1609/5380 8822/1578/5089 8821/1579/5304 8843/1610/5386
f 8842/1611/5328 8822/1578/5089 8823/1609/5380
f 8841/1583/5367 8822/1578/5089 8842/1611/5328 8846/1614/5327 8845/1613/5347 8844/1612/5357
f 8824/1615/5323 8820/1584/5089 8819/1585/5395 8854/1618/5407 8853/1617/5408 8852/1616/5409
f 8851/1619/5410 8820/1584/5089 8824/1615/5323
f 8850/1589/5392 8820/1584/5089 8851/1619/5410
f 8861/1620/5365 8860/1622/5291 8864/1621/5290 8863/1525/5345 8862/1526/5350
f 8860/1622/5291 8861/1620/5365 8866/1628/5411 8865/1627/5412 8868/1626/5377 8867/1625/5376 8858/1624/5413 8859/1623/5414
f 8859/1623/5414 8858/1624/5413 8870/1630/5415 8869/1629/5416
f 8874/1631/5366 8873/1637/5373 8875/1636/5382 8871/1635/5337 8872/1634/5340 8876/1633/5339 8877/1632/5417
f 8872/1634/5340 8871/1635/5337 8878/1639/5387 8879/1638/5381
f 8873/1637/5373 8874/1631/5366 8881/1641/5355 8880/1640/5354
f 8883/1642/5308 8882/1646/5418 8886/1645/5419 8885/1644/5420 8884/1643/5421
f 8882/1646/5418 8883/1642/5308 8887/1648/5422 8888/1647/5423
f 8889/1649/5424 8890/1654/5425 8891/1653/5426 8894/1652/5427 8893/1651/5428 8892/1650/5429
f 8890/1654/5425 8889/1649/5424 8896/1656/5430 8895/1655/5431
f 8900/1657/5383 8899/1660/5389 8898/1659/5432 8897/1658/5384
f 8905/1661/5433 8904/1665/5301 8903/1664/5300 8902/1663/5346 8901/1662/5356
f 8755/1536/5364 8847/1582/5364 8841/1583/5367 8747/1485/5324
f 8814/1451/5301 8904/1451/5301 8905/1666/5433 8815/1666/5332
f 8793/1468/5308 8883/1642/5308 8884/1643/5421 8794/1494/5329
f 8775/1667/5378 8865/1667/5412 8866/1668/5411 8776/1668/5379
f 8748/1571/5304 8821/1571/5304 8848/1669/5391 8756/1669/5362
f 8815/1666/5332 8905/1666/5433 8901/1534/5356 8811/1534/5333
f 8794/1670/5329 8884/1670/5421 8885/1671/5420 8795/1671/5330
f 8776/1668/5379 8866/1668/5411 8861/1544/5365 8771/1544/5351
f 8756/1669/5362 8848/1669/5391 8849/1672/5363 8757/1672/5363
f 8795/1671/5330 8885/1671/5420 8886/1673/5419 8796/1673/5331
f 8770/1432/5278 8860/1432/5291 8859/1674/5414 8769/1674/5279
f 8757/1672/5363 8849/1672/5363 8847/1675/5364 8755/1675/5364
f 8739/1676/5286 8832/1676/5400 8833/1677/5402 8740/1677/5295
f 8796/1673/5331 8886/1673/5419 8882/1678/5418 8792/1678/5305
f 8768/1679/5370 8858/1679/5413 8867/1680/5376 8777/1680/5376
f 8740/1677/5295 8833/1677/5402 8834/1681/5296 8741/1681/5296
f 8797/1682/5307 8887/1682/5422 8883/1683/5308 8793/1683/5308
f 8777/1680/5376 8867/1680/5376 8868/1684/5377 8778/1684/5377
f 8741/1681/5296 8834/1681/5296 8816/1685/5401 8738/1685/5297
f 8792/1678/5305 8882/1678/5418 8888/1686/5423 8798/1686/5306
f 8778/1684/5377 8868/1684/5377 8865/1667/5412 8775/1667/5378
f 8735/1687/5320 8835/1687/5403 8818/1688/5348 8737/1688/5348
f 8798/1686/5306 8888/1686/5423 8887/1682/5422 8797/1682/5307
f 8769/1674/5279 8859/1674/5414 8869/1689/5416 8779/1689/5368
f 8738/1685/5297 8816/1685/5401 8836/1690/5405 8742/1690/5318
f 8779/1689/5368 8869/1689/5416 8870/1691/5415 8780/1691/5369
f 8742/1690/5318 8836/1690/5405 8837/1692/5404 8743/1692/5319
f 8780/1691/5369 8870/1691/5415 8858/1679/5413 8768/1679/5370
f 8758/1693/5323 8824/1693/5323 8852/1694/5409 8763/1694/5358
f 8743/1692/5319 8837/1692/5404 8835/1687/5403 8735/1687/5320
f 8801/1695/5316 8891/1695/5426 8890/1696/5425 8800/1696/5309
f 8763/1694/5358 8852/1694/5409 8853/1697/5408 8764/1697/5359
f 8736/1399/5284 8831/1594/5396 8838/1608/5406 8744/1398/5285
f 8799/1698/5312 8889/1698/5424 8892/1699/5429 8802/1699/5313
f 8764/1697/5359 8853/1697/5408 8854/1700/5407 8765/1700/5360
f 8744/1701/5285 8838/1701/5406 8832/1676/5400 8739/1676/5286
f 8802/1699/5313 8892/1699/5429 8893/1702/5428 8803/1702/5314
f 8765/1700/5360 8854/1700/5407 8819/1703/5395 8762/1703/5361
f 8737/1688/5348 8818/1688/5348 8839/1704/5352 8745/1704/5352
f 8803/1702/5314 8893/1702/5428 8894/1705/5427 8804/1705/5315
f 8760/1706/5322 8851/1706/5410 8824/1693/5323 8758/1693/5323
f 8745/1704/5352 8839/1704/5352 8840/1707/5397 8746/1707/5353
f 8804/1705/5315 8894/1705/5427 8891/1695/5426 8801/1695/5316
f 8785/1708/5382 8875/1708/5382 8873/1555/5373 8783/1555/5280
f 8759/1709/5321 8850/1709/5392 8851/1706/5410 8760/1706/5322
f 8746/1707/5353 8840/1707/5397 8831/1710/5396 8736/1710/5284
f 8800/1711/5309 8890/1714/5425 8895/1713/5431 8805/1712/5310
f 8781/1576/5337 8871/1576/5337 8875/1708/5382 8785/1708/5382
f 8761/1549/5298 8855/1587/5394 8856/1588/5393 8766/1548/5371
f 8805/1715/5310 8895/1715/5431 8896/1716/5430 8806/1716/5311
f 8786/1717/5339 8876/1717/5339 8872/1564/5340 8782/1564/5340
f 8766/1548/5371 8856/1588/5393 8850/1589/5392 8759/1478/5321
f 8730/1718/5343 8825/1721/5375 8826/1720/5399 8731/1719/5341
f 8806/1716/5311 8896/1716/5430 8889/1698/5424 8799/1698/5312
f 8787/1722/5338 8877/1722/5417 8876/1717/5339 8786/1717/5339
f 8762/1703/5361 8819/1703/5395 8857/1723/5372 8767/1723/5372
f 8731/1724/5341 8826/1724/5399 8827/1725/5398 8729/1725/5287
f 8807/1568/5293 8897/1568/5384 8898/1726/5432 8808/1726/5294
f 8784/1546/5283 8874/1546/5366 8877/1722/5417 8787/1722/5338
f 8767/1723/5372 8857/1723/5372 8855/1727/5394 8761/1727/5298
f 8729/1725/5287 8827/1725/5398 8828/1574/5390 8732/1574/5288
f 8808/1726/5294 8898/1726/5432 8899/1573/5389 8809/1573/5388
f 8942/1369/5087 8936/1372/1201 8909/1371/1242 8929/1370/5092
f 8936/1373/1201 8937/1376/1205 8913/1375/1211 8909/1374/1242
f 8941/1377/5089 8994/1379/5278 8993/1378/5279
f 8938/1380/1208 8935/1383/1199 8907/1382/1241 8911/1381/1212
f 8924/1384/5088 8906/1387/1198 8910/1386/1207 8927/1385/5095
f 8925/1388/5093 8911/1391/1212 8907/1390/1241 8926/1389/5092
f 8945/1392/1208 8946/1395/1199 8914/1394/1199 8917/1393/1208
f 8950/1396/5089 9007/1405/5280 9014/1404/5281 9015/1403/5434 9008/1402/5283 8945/1401/1208 8917/1400/1208 8960/1399/5284 8968/1398/5285 8963/1397/5286
f 8943/1406/1201 8944/1409/1205 8916/1408/1205 8915/1407/1201
f 8952/1410/5087 8943/1413/1201 8915/1412/1201 8931/1411/5087
f 8949/1414/5087 8947/1417/5087 8923/1416/5087 8928/1415/5087
f 8951/1418/5089 8953/1422/5287 8956/1421/5288 8957/1420/5289 8934/1419/5089
f 8933/1423/5093 8921/1426/5093 8919/1425/5092 8929/1424/5092
f 8932/1427/5088 8918/1430/5088 8920/1429/5095 8930/1428/5095
f 8998/1431/5290 9088/1431/5290 9084/1432/5291 8994/1432/5278
f 8940/1433/5087 8939/1436/5087 8919/1435/5092 8926/1434/5092
f 8935/1437/1199 8940/1433/5087 8926/1434/5092 8907/1438/1241
f 8946/1439/1199 8949/1414/5087 8928/1415/5087 8914/1440/1199
f 8948/1441/5089 9034/1448/5292 9031/1447/5293 9032/1446/5294 8964/1445/5295 8965/1444/5296 8962/1443/5297 8922/1442/5089
f 8921/1426/5093 8985/1449/5298 8925/1388/5093 8926/1389/5092 8919/1425/5092
f 8918/1430/5088 8924/1384/5088 8927/1385/5095 8920/1429/5095
f 9037/1450/5299 9127/1450/5300 9128/1451/5301 9038/1451/5301
f 8937/1452/1205 8974/1457/5302 8975/1456/5303 8972/1455/5304 8933/1454/5093 8913/1453/1211
f 8908/1458/1200 8932/1427/5088 8930/1428/5095 8912/1459/1206
f 8913/1460/1211 8933/1423/5093 8929/1424/5092 8909/1461/1242
f 8944/1462/1205 9016/1471/5305 9022/1470/5306 9021/1469/5307 9017/1468/5308 8951/1418/5089 8934/1419/5089 9024/1467/5309 9029/1466/5300 9030/1465/5311 9023/1464/5312 8916/1463/1205
f 8947/1417/5087 8952/1410/5087 8931/1411/5087 8923/1416/5087
f 8939/1436/5087 8942/1369/5087 8929/1370/5092 8919/1435/5092
f 8923/1416/5087 8931/1411/5087 8942/1369/5087 8939/1436/5087
f 8916/1463/1205 9023/1464/5312 9026/1476/5313 9027/1475/5314 9028/1474/5315 9025/1473/5316 9024/1467/5309 8934/1419/5089 8973/1472/5317 8974/1457/5302 8937/1452/1205
f 8922/1442/5089 8962/1443/5297 8966/1481/5318 8967/1480/5319 8959/1479/5320 8983/1478/5321 8984/1477/5322
f 8914/1440/1199 8928/1415/5087 8940/1433/5087 8935/1437/1199
f 8928/1415/5087 8923/1416/5087 8939/1436/5087 8940/1433/5087
f 8934/1419/5089 8922/1442/5089 8984/1477/5322 8982/1486/5323 8971/1485/5324 8976/1484/5435 8977/1483/5326 8978/1482/5327 8973/1472/5317
f 8917/1393/1208 8914/1394/1199 8935/1383/1199 8938/1380/1208
f 8978/1487/5327 9070/1487/5327 9066/1488/5328 8973/1488/5317
f 8915/1407/1201 8916/1408/1205 8937/1376/1205 8936/1373/1201
f 8931/1411/5087 8915/1412/1201 8936/1372/1201 8942/1369/5087
f 8918/1489/5088 8932/1490/5088 8952/1410/5087 8947/1417/5087
f 8912/1491/1206 8930/1495/5095 8951/1418/5089 9017/1468/5308 9018/1494/5436 9019/1493/5330 9020/1492/5331 9016/1471/5305 8944/1462/1205
f 8920/1496/5095 9039/1503/5332 9035/1502/5333 9036/1501/5334 9037/1500/5299 9013/1499/5335 9012/1498/5336 9005/1497/5337 8950/1396/5089 8948/1441/5089
f 8906/1504/1198 8924/1505/5088 8949/1414/5087 8946/1439/1199
f 8930/1495/5095 8920/1496/5095 8948/1441/5089 8953/1422/5287 8951/1418/5089
f 8924/1505/5088 8918/1489/5088 8947/1417/5087 8949/1414/5087
f 8932/1490/5088 8908/1506/1200 8943/1413/1201 8952/1410/5087
f 8908/1507/1200 8912/1508/1206 8944/1409/1205 8943/1406/1201
f 8927/1509/5095 8910/1513/1207 8945/1401/1208 9008/1402/5283 9011/1512/5338 9010/1511/5339 9006/1510/5340
f 8910/1514/1207 8906/1515/1198 8946/1395/1199 8945/1392/1208
f 8953/1422/5287 8948/1441/5089 8955/1516/5341
f 8948/1441/5089 8922/1442/5089 8934/1419/5089 8957/1420/5289 8958/1518/5342 8954/1517/5343 8955/1516/5341
f 8997/1519/5344 9087/1519/5345 9088/1431/5290 8998/1431/5290
f 9036/1520/5334 9126/1520/5346 9127/1450/5300 9037/1450/5299
f 8977/1521/5326 9069/1521/5347 9070/1487/5327 8978/1487/5327
f 8961/1522/5348 8941/1377/5089 8959/1479/5320
f 8996/1523/5349 9086/1526/5350 9087/1525/5345 8997/1524/5344
f 8960/1399/5284 8917/1400/1208 8938/1531/1208 8995/1530/5351 8996/1523/5349 8997/1524/5344 8998/1529/5290 8994/1379/5278 8941/1377/5089 8961/1522/5348 8969/1528/5352 8970/1527/5353
f 9014/1532/5281 9104/1532/5354 9105/1533/5355 9015/1533/5434
f 9035/1534/5333 9125/1534/5356 9126/1520/5346 9036/1520/5334
f 8976/1535/5435 9068/1535/5357 9069/1521/5347 8977/1521/5326
f 8971/1485/5324 8982/1486/5323 8987/1543/5358 8988/1542/5359 8989/1541/5360 8986/1540/5361 8921/1539/5093 8933/1454/5093 8972/1455/5304 8980/1538/5362 8981/1537/5363 8979/1536/5364
f 8995/1544/5351 9085/1544/5437 9086/1545/5350 8996/1545/5349
f 9015/1533/5434 9105/1533/5355 9098/1546/5366 9008/1546/5283
f 8971/1547/5324 9065/1547/5367 9068/1535/5357 8976/1535/5435
f 8983/1478/5321 8959/1479/5320 8941/1377/5089 8993/1378/5279 9003/1553/5368 9004/1552/5369 8992/1551/5370 8925/1550/5093 8985/1549/5298 8990/1548/5371
f 8985/1549/5298 8921/1539/5093 8986/1540/5361 8991/1554/5372
f 9007/1555/5280 9097/1555/5373 9104/1532/5354 9014/1532/5281
f 8958/1556/5342 9054/1556/5374 9049/1557/5375 8954/1557/5343
f 8995/1530/5351 8938/1531/1208 8911/1562/1212 8925/1550/5093 8992/1551/5370 9001/1561/5376 9002/1560/5377 8999/1559/5378 9000/1558/5379
f 8973/1488/5317 9066/1488/5328 9047/1563/5380 8974/1563/5302
f 9006/1564/5340 9096/1564/5340 9103/1565/5381 9013/1565/5335
f 9007/1405/5280 8950/1396/5089 9005/1497/5337 9009/1566/5382
f 9034/1567/5292 9124/1567/5438 9121/1568/5384 9031/1568/5293
f 8957/1569/5289 9053/1569/5385 9054/1556/5374 8958/1556/5342
f 8975/1570/5303 9067/1570/5386 9045/1571/5304 8972/1571/5304
f 9013/1565/5335 9103/1565/5381 9102/1572/5387 9012/1572/5336
f 9033/1573/5388 9123/1573/5389 9124/1567/5438 9034/1567/5292
f 8956/1574/5288 9052/1574/5390 9053/1569/5385 8957/1569/5289
f 8974/1563/5302 9047/1563/5380 9067/1570/5386 8975/1570/5303
f 9033/1575/5388 9034/1448/5292 8948/1441/5089 8950/1396/5089 8963/1397/5286 8964/1445/5295 9032/1446/5294
f 9012/1572/5336 9102/1572/5387 9095/1576/5337 9005/1576/5337
f 9038/1577/5301 9039/1503/5332 8920/1496/5095 8927/1509/5095 9006/1510/5340 9013/1499/5335 9037/1500/5299
f 9046/1578/5089 9065/1583/5367 9071/1582/5364 9073/1581/5363 9072/1580/5391 9045/1579/5304
f 9044/1584/5089 9074/1589/5392 9080/1588/5393 9079/1587/5394 9081/1586/5372 9043/1585/5395
f 9041/1590/5089 9055/1594/5439 9064/1593/5397 9063/1592/5352 9042/1591/5348
f 9054/1595/5374 9053/1600/5385 9052/1599/5390 9051/1598/5398 9050/1597/5399 9049/1596/5375
f 9056/1601/5400 9041/1590/5089 9040/1604/5401 9058/1603/5296 9057/1602/5402
f 9040/1604/5401 9041/1590/5089 9042/1591/5348 9059/1607/5403 9061/1606/5404 9060/1605/5405
f 9055/1594/5439 9041/1590/5089 9056/1601/5400 9062/1608/5406
f 9047/1609/5380 9046/1578/5089 9045/1579/5304 9067/1610/5386
f 9066/1611/5328 9046/1578/5089 9047/1609/5380
f 9065/1583/5367 9046/1578/5089 9066/1611/5328 9070/1614/5327 9069/1613/5347 9068/1612/5357
f 9048/1615/5323 9044/1584/5089 9043/1585/5395 9078/1618/5407 9077/1617/5408 9076/1616/5409
f 9075/1619/5410 9044/1584/5089 9048/1615/5323
f 9074/1589/5392 9044/1584/5089 9075/1619/5410
f 9085/1620/5437 9084/1622/5291 9088/1621/5290 9087/1525/5345 9086/1526/5350
f 9084/1622/5291 9085/1620/5437 9090/1628/5411 9089/1627/5412 9092/1626/5377 9091/1625/5376 9082/1624/5413 9083/1623/5414
f 9083/1623/5414 9082/1624/5413 9094/1630/5415 9093/1629/5416
f 9098/1631/5366 9097/1637/5373 9099/1636/5382 9095/1635/5337 9096/1634/5340 9100/1633/5339 9101/1632/5417
f 9096/1634/5340 9095/1635/5337 9102/1639/5387 9103/1638/5381
f 9097/1637/5373 9098/1631/5366 9105/1641/5355 9104/1640/5354
f 9107/1642/5308 9106/1646/5418 9110/1645/5419 9109/1644/5420 9108/1643/5440
f 9106/1646/5418 9107/1642/5308 9111/1648/5422 9112/1647/5423
f 9113/1649/5441 9114/1654/5425 9115/1653/5426 9118/1652/5427 9117/1651/5428 9116/1650/5429
f 9114/1654/5425 9113/1649/5441 9120/1656/5430 9119/1655/5442
f 9124/1657/5438 9123/1660/5389 9122/1659/5432 9121/1658/5384
f 9129/1661/5433 9128/1665/5301 9127/1664/5300 9126/1663/5346 9125/1662/5356
f 8979/1536/5364 9071/1582/5364 9065/1583/5367 8971/1485/5324
f 9038/1451/5301 9128/1451/5301 9129/1666/5433 9039/1666/5332
f 9017/1468/5308 9107/1642/5308 9108/1643/5440 9018/1494/5436
f 8999/1667/5378 9089/1667/5412 9090/1668/5411 9000/1668/5379
f 8972/1571/5304 9045/1571/5304 9072/1669/5391 8980/1669/5362
f 9039/1666/5332 9129/1666/5433 9125/1534/5356 9035/1534/5333
f 9018/1670/5436 9108/1670/5440 9109/1671/5420 9019/1671/5330
f 9000/1668/5379 9090/1668/5411 9085/1544/5437 8995/1544/5351
f 8980/1669/5362 9072/1669/5391 9073/1672/5363 8981/1672/5363
f 9019/1671/5330 9109/1671/5420 9110/1673/5419 9020/1673/5331
f 8994/1432/5278 9084/1432/5291 9083/1674/5414 8993/1674/5279
f 8981/1672/5363 9073/1672/5363 9071/1675/5364 8979/1675/5364
f 8963/1676/5286 9056/1676/5400 9057/1677/5402 8964/1677/5295
f 9020/1673/5331 9110/1673/5419 9106/1678/5418 9016/1678/5305
f 8992/1679/5370 9082/1679/5413 9091/1680/5376 9001/1680/5376
f 8964/1677/5295 9057/1677/5402 9058/1681/5296 8965/1681/5296
f 9021/1682/5307 9111/1682/5422 9107/1683/5308 9017/1683/5308
f 9001/1680/5376 9091/1680/5376 9092/1684/5377 9002/1684/5377
f 8965/1681/5296 9058/1681/5296 9040/1685/5401 8962/1685/5297
f 9016/1678/5305 9106/1678/5418 9112/1686/5423 9022/1686/5306
f 9002/1684/5377 9092/1684/5377 9089/1667/5412 8999/1667/5378
f 8959/1687/5320 9059/1687/5403 9042/1688/5348 8961/1688/5348
f 9022/1686/5306 9112/1686/5423 9111/1682/5422 9021/1682/5307
f 8993/1674/5279 9083/1674/5414 9093/1689/5416 9003/1689/5368
f 8962/1685/5297 9040/1685/5401 9060/1690/5405 8966/1690/5318
f 9003/1689/5368 9093/1689/5416 9094/1691/5415 9004/1691/5369
f 8966/1690/5318 9060/1690/5405 9061/1692/5404 8967/1692/5319
f 9004/1691/5369 9094/1691/5415 9082/1679/5413 8992/1679/5370
f 8982/1693/5323 9048/1693/5323 9076/1694/5409 8987/1694/5358
f 8967/1692/5319 9061/1692/5404 9059/1687/5403 8959/1687/5320
f 9025/1695/5316 9115/1695/5426 9114/1696/5425 9024/1696/5309
f 8987/1694/5358 9076/1694/5409 9077/1697/5408 8988/1697/5359
f 8960/1399/5284 9055/1594/5439 9062/1608/5406 8968/1398/5285
f 9023/1698/5312 9113/1698/5441 9116/1699/5429 9026/1699/5313
f 8988/1697/5359 9077/1697/5408 9078/1700/5407 8989/1700/5360
f 8968/1701/5285 9062/1701/5406 9056/1676/5400 8963/1676/5286
f 9026/1699/5313 9116/1699/5429 9117/1702/5428 9027/1702/5314
f 8989/1700/5360 9078/1700/5407 9043/1703/5395 8986/1703/5361
f 8961/1688/5348 9042/1688/5348 9063/1704/5352 8969/1704/5352
f 9027/1702/5314 9117/1702/5428 9118/1705/5427 9028/1705/5315
f 8984/1706/5322 9075/1706/5410 9048/1693/5323 8982/1693/5323
f 8969/1704/5352 9063/1704/5352 9064/1707/5397 8970/1707/5353
f 9028/1705/5315 9118/1705/5427 9115/1695/5426 9025/1695/5316
f 9009/1708/5382 9099/1708/5382 9097/1555/5373 9007/1555/5280
f 8983/1709/5321 9074/1709/5392 9075/1706/5410 8984/1706/5322
f 8970/1707/5353 9064/1707/5397 9055/1710/5439 8960/1710/5284
f 9024/1711/5309 9114/1714/5425 9119/1713/5442 9029/1712/5300
f 9005/1576/5337 9095/1576/5337 9099/1708/5382 9009/1708/5382
f 8985/1549/5298 9079/1587/5394 9080/1588/5393 8990/1548/5371
f 9029/1715/5300 9119/1715/5442 9120/1716/5430 9030/1716/5311
f 9010/1717/5339 9100/1717/5339 9096/1564/5340 9006/1564/5340
f 8990/1548/5371 9080/1588/5393 9074/1589/5392 8983/1478/5321
f 8954/1718/5343 9049/1721/5375 9050/1720/5399 8955/1719/5341
f 9030/1716/5311 9120/1716/5430 9113/1698/5441 9023/1698/5312
f 9011/1722/5338 9101/1722/5417 9100/1717/5339 9010/1717/5339
f 8986/1703/5361 9043/1703/5395 9081/1723/5372 8991/1723/5372
f 8955/1724/5341 9050/1724/5399 9051/1725/5398 8953/1725/5287
f 9031/1568/5293 9121/1568/5384 9122/1726/5432 9032/1726/5294
f 9008/1546/5283 9098/1546/5366 9101/1722/5417 9011/1722/5338
f 8991/1723/5372 9081/1723/5372 9079/1727/5394 8985/1727/5298
f 8953/1725/5287 9051/1725/5398 9052/1574/5390 8956/1574/5288
f 9032/1726/5294 9122/1726/5432 9123/1573/5389 9033/1573/5388
f 9142/1321/5443 9131/1322/5443 9133/1323/5443 9143/1324/5443
f 9143/1325/5444 9133/1326/5444 9137/1327/5444 9144/1328/5444
f 9144/1329/1069 9137/1330/1069 9135/1331/1069 9145/1332/1069
f 9145/1333/5445 9135/1334/5445 9131/1335/5445 9142/1336/5445
f 9132/1337/5446 9136/1338/5446 9134/1339/5446 9130/1340/5446
f 9137/1341/5447 9133/1342/5447 9131/1343/5447 9135/1344/5447
f 9148/1345/5448 9141/1346/5448 9138/1347/5448 9149/1348/5448
f 9147/1349/5 9140/1350/5 9141/1351/5 9148/1352/5
f 9146/1353/5449 9139/1354/5449 9140/1355/5449 9147/1356/5449
f 9149/1357/20 9138/1358/20 9139/1359/20 9146/1360/20
f 9141/1346/5448 9145/1333/5448 9142/1336/5448 9138/1347/5448
f 9140/1350/5 9144/1329/5 9145/1332/5 9141/1351/5
f 9139/1354/5449 9143/1325/5449 9144/1328/5449 9140/1355/5449
f 9138/1358/20 9142/1321/20 9143/1324/20 9139/1359/20
f 9130/1361/5450 9149/1357/5450 9146/1360/5450 9132/1362/5450
f 9132/1363/5451 9146/1353/5451 9147/1356/5451 9136/1364/5451
f 9136/1365/5452 9147/1349/5452 9148/1352/5452 9134/1366/5452
f 9134/1367/5453 9148/1345/5453 9149/1348/5453 9130/1368/5453
f 9162/1321/5454 9151/1322/5454 9153/1323/5454 9163/1324/5454
f 9163/1325/5455 9153/1326/5455 9157/1327/5455 9164/1328/5455
f 9164/1329/5456 9157/1330/5456 9155/1331/5456 9165/1332/5456
f 9165/1333/5457 9155/1334/5457 9151/1335/5457 9162/1336/5457
f 9152/1337/5458 9156/1338/5458 9154/1339/5458 9150/1340/5458
f 9157/1341/5459 9153/1342/5459 9151/1343/5459 9155/1344/5459
f 9168/1345/5460 9161/1346/5460 9158/1347/5460 9169/1348/5460
f 9167/1349/5 9160/1350/5 9161/1351/5 9168/1352/5
f 9166/1353/5461 9159/1354/5461 9160/1355/5461 9167/1356/5461
f 9169/1357/20 9158/1358/20 9159/1359/20 9166/1360/20
f 9161/1346/5460 9165/1333/5460 9162/1336/5460 9158/1347/5460
f 9160/1350/5 9164/1329/5 9165/1332/5 9161/1351/5
f 9159/1354/5461 9163/1325/5461 9164/1328/5461 9160/1355/5461
f 9158/1358/20 9162/1321/20 9163/1324/20 9159/1359/20
f 9150/1361/5462 9169/1357/5462 9166/1360/5462 9152/1362/5462
f 9152/1363/5463 9166/1353/5463 9167/1356/5463 9156/1364/5463
f 9156/1365/5464 9167/1349/5464 9168/1352/5464 9154/1366/5464
f 9154/1367/5465 9168/1345/5465 9169/1348/5465 9150/1368/5465
f 9182/1321/5466 9183/1324/5466 9173/1323/5466 9171/1322/5466
f 9183/1325/5467 9184/1328/5467 9177/1327/5467 9173/1326/5467
f 9184/1329/1137 9185/1332/1137 9175/1331/1137 9177/1330/1137
f 9185/1333/5468 9182/1336/5468 9171/1335/5468 9175/1334/5468
f 9172/1337/5469 9170/1340/5469 9174/1339/5469 9176/1338/5469
f 9177/1341/5470 9175/1344/5470 9171/1343/5470 9173/1342/5470
f 9188/1345/5471 9189/1348/5471 9178/1347/5471 9181/1346/5471
f 9187/1349/5 9188/1352/5 9181/1351/5 9180/1350/5
f 9186/1353/5472 9187/1356/5472 9180/1355/5472 9179/1354/5472
f 9189/1357/20 9186/1360/20 9179/1359/20 9178/1358/20
f 9181/1346/5471 9178/1347/5471 9182/1336/5471 9185/1333/5471
f 9180/1350/5 9181/1351/5 9185/1332/5 9184/1329/5
f 9179/1354/5472 9180/1355/5472 9184/1328/5472 9183/1325/5472
f 9178/1358/20 9179/1359/20 9183/1324/20 9182/1321/20
f 9170/1361/5473 9172/1362/5473 9186/1360/5473 9189/1357/5473
f 9172/1363/5474 9176/1364/5474 9187/1356/5474 9186/1353/5474
f 9176/1365/5475 9174/1366/5475 9188/1352/5475 9187/1349/5475
f 9174/1367/5476 9170/1368/5476 9189/1348/5476 9188/1345/5476
f 9202/1321/5477 9203/1324/5477 9193/1323/5477 9191/1322/5477
f 9203/1325/5478 9204/1328/5478 9197/1327/5478 9193/1326/5478
f 9204/1329/5479 9205/1332/5479 9195/1331/5479 9197/1330/5479
f 9205/1333/5480 9202/1336/5480 9191/1335/5480 9195/1334/5480
f 9192/1337/5481 9190/1340/5481 9194/1339/5481 9196/1338/5481
f 9197/1341/5482 9195/1344/5482 9191/1343/5482 9193/1342/5482
f 9208/1345/5483 9209/1348/5483 9198/1347/5483 9201/1346/5483
f 9207/1349/5 9208/1352/5 9201/1351/5 9200/1350/5
f 9206/1353/5484 9207/1356/5484 9200/1355/5484 9199/1354/5484
f 9209/1357/20 9206/1360/20 9199/1359/20 9198/1358/20
f 9201/1346/5483 9198/1347/5483 9202/1336/5483 9205/1333/5483
f 9200/1350/5 9201/1351/5 9205/1332/5 9204/1329/5
f 9199/1354/5484 9200/1355/5484 9204/1328/5484 9203/1325/5484
f 9198/1358/20 9199/1359/20 9203/1324/20 9202/1321/20
f 9190/1361/5485 9192/1362/5485 9206/1360/5485 9209/1357/5485
f 9192/1363/5486 9196/1364/5486 9207/1356/5486 9206/1353/5486
f 9196/1365/5487 9194/1366/5487 9208/1352/5487 9207/1349/5487
f 9194/1367/5488 9190/1368/5488 9209/1348/5488 9208/1345/5488
f 9222/1321/5489 9211/1322/5489 9213/1323/5489 9223/1324/5489
f 9223/1325/5455 9213/1326/5455 9217/1327/5455 9224/1328/5455
f 9224/1329/5490 9217/1330/5490 9215/1331/5490 9225/1332/5490
f 9225/1333/5457 9215/1334/5457 9211/1335/5457 9222/1336/5457
f 9212/1337/5458 9216/1338/5458 9214/1339/5458 9210/1340/5458
f 9217/1341/5459 9213/1342/5459 9211/1343/5459 9215/1344/5459
f 9228/1345/5460 9221/1346/5460 9218/1347/5460 9229/1348/5460
f 9227/1349/5 9220/1350/5 9221/1351/5 9228/1352/5
f 9226/1353/5461 9219/1354/5461 9220/1355/5461 9227/1356/5461
f 9229/1357/20 9218/1358/20 9219/1359/20 9226/1360/20
f 9221/1346/5460 9225/1333/5460 9222/1336/5460 9218/1347/5460
f 9220/1350/5 9224/1329/5 9225/1332/5 9221/1351/5
f 9219/1354/5461 9223/1325/5461 9224/1328/5461 9220/1355/5461
f 9218/1358/20 9222/1321/20 9223/1324/20 9219/1359/20
f 9210/1361/5491 9229/1357/5491 9226/1360/5491 9212/1362/5491
f 9212/1363/5463 9226/1353/5463 9227/1356/5463 9216/1364/5463
f 9216/1365/5492 9227/1349/5492 9228/1352/5492 9214/1366/5492
f 9214/1367/5465 9228/1345/5465 9229/1348/5465 9210/1368/5465
f 9242/1321/5493 9243/1324/5493 9233/1323/5493 9231/1322/5493
f 9243/1325/5478 9244/1328/5478 9237/1327/5478 9233/1326/5478
f 9244/1329/5494 9245/1332/5494 9235/1331/5494 9237/1330/5494
f 9245/1333/5480 9242/1336/5480 9231/1335/5480 9235/1334/5480
f 9232/1337/5481 9230/1340/5481 9234/1339/5481 9236/1338/5481
f 9237/1341/5482 9235/1344/5482 9231/1343/5482 9233/1342/5482
f 9248/1345/5483 9249/1348/5483 9238/1347/5483 9241/1346/5483
f 9247/1349/5 9248/1352/5 9241/1351/5 9240/1350/5
f 9246/1353/5484 9247/1356/5484 9240/1355/5484 9239/1354/5484
f 9249/1357/20 9246/1360/20 9239/1359/20 9238/1358/20
f 9241/1346/5483 9238/1347/5483 9242/1336/5483 9245/1333/5483
f 9240/1350/5 9241/1351/5 9245/1332/5 9244/1329/5
f 9239/1354/5484 9240/1355/5484 9244/1328/5484 9243/1325/5484
f 9238/1358/20 9239/1359/20 9243/1324/20 9242/1321/20
f 9230/1361/5495 9232/1362/5495 9246/1360/5495 9249/1357/5495
f 9232/1363/5486 9236/1364/5486 9247/1356/5486 9246/1353/5486
f 9236/1365/5496 9234/1366/5496 9248/1352/5496 9247/1349/5496
f 9234/1367/5488 9230/1368/5488 9249/1348/5488 9248/1345/5488
f 9262/1321/5493 9263/1324/5493 9253/1323/5493 9251/1322/5493
f 9263/1325/5478 9264/1328/5478 9257/1327/5478 9253/1326/5478
f 9264/1329/5494 9265/1332/5494 9255/1331/5494 9257/1330/5494
f 9265/1333/5480 9262/1336/5480 9251/1335/5480 9255/1334/5480
f 9252/1337/5481 9250/1340/5481 9254/1339/5481 9256/1338/5481
f 9257/1341/5482 9255/1344/5482 9251/1343/5482 9253/1342/5482
f 9268/1345/5483 9269/1348/5483 9258/1347/5483 9261/1346/5483
f 9267/1349/5 9268/1352/5 9261/1351/5 9260/1350/5
f 9266/1353/5484 9267/1356/5484 9260/1355/5484 9259/1354/5484
f 9269/1357/20 9266/1360/20 9259/1359/20 9258/1358/20
f 9261/1346/5483 9258/1347/5483 9262/1336/5483 9265/1333/5483
f 9260/1350/5 9261/1351/5 9265/1332/5 9264/1329/5
f 9259/1354/5484 9260/1355/5484 9264/1328/5484 9263/1325/5484
f 9258/1358/20 9259/1359/20 9263/1324/20 9262/1321/20
f 9250/1361/5495 9252/1362/5495 9266/1360/5495 9269/1357/5495
f 9252/1363/5486 9256/1364/5486 9267/1356/5486 9266/1353/5486
f 9256/1365/5496 9254/1366/5496 9268/1352/5496 9267/1349/5496
f 9254/1367/5488 9250/1368/5488 9269/1348/5488 9268/1345/5488
f 9282/1321/5490 9283/1324/5490 9273/1323/5490 9271/1322/5490
f 9283/1325/5455 9284/1328/5455 9277/1327/5455 9273/1326/5455
f 9284/1329/5489 9285/1332/5489 9275/1331/5489 9277/1330/5489
f 9285/1333/5457 9282/1336/5457 9271/1335/5457 9275/1334/5457
f 9272/1337/5458 9270/1340/5458 9274/1339/5458 9276/1338/5458
f 9277/1341/5459 9275/1344/5459 9271/1343/5459 9273/1342/5459
f 9288/1345/5460 9289/1348/5460 9278/1347/5460 9281/1346/5460
f 9287/1349/20 9288/1352/20 9281/1351/20 9280/1350/20
f 9286/1353/5461 9287/1356/5461 9280/1355/5461 9279/1354/5461
f 9289/1357/5 9286/1360/5 9279/1359/5 9278/1358/5
f 9281/1346/5460 9278/1347/5460 9282/1336/5460 9285/1333/5460
f 9280/1350/20 9281/1351/20 9285/1332/20 9284/1329/20
f 9279/1354/5461 9280/1355/5461 9284/1328/5461 9283/1325/5461
f 9278/1358/5 9279/1359/5 9283/1324/5 9282/1321/5
f 9270/1361/5492 9272/1362/5492 9286/1360/5492 9289/1357/5492
f 9272/1363/5463 9276/1364/5463 9287/1356/5463 9286/1353/5463
f 9276/1365/5491 9274/1366/5491 9288/1352/5491 9287/1349/5491
f 9274/1367/5465 9270/1368/5465 9289/1348/5465 9288/1345/5465
f 9290/2285/178 9292/2286/178 9296/2287/178 9294/2288/178
f 9293/2289/44 9297/2290/44 9296/2291/44 9292/2292/44
f 9297/2293/5 9295/2294/5 9294/2295/5 9296/2296/5
f 9295/2285/134 9297/2286/134 9293/2287/134 9291/2288/134
f 9291/2297/20 9293/2298/20 9292/2295/20 9290/2296/20
f 9295/2289/48 9291/2290/48 9290/2291/48 9294/2292/48
f 9298/2285/178 9300/2286/178 9304/2287/178 9302/2288/178
f 9301/2289/44 9305/2290/44 9304/2291/44 9300/2292/44
f 9305/2293/5 9303/2294/5 9302/2295/5 9304/2296/5
f 9303/2285/134 9305/2286/134 9301/2287/134 9299/2288/134
f 9299/2297/20 9301/2298/20 9300/2295/20 9298/2296/20
f 9303/2289/48 9299/2290/48 9298/2291/48 9302/2292/48
f 9306/999/5497 9308/1000/5497 9312/1001/5497 9310/1002/5497
f 9309/1003/44 9313/1004/44 9312/1005/44 9308/1006/44
f 9313/1007/5 9311/1008/5 9310/1009/5 9312/1010/5
f 9311/1011/134 9313/1012/134 9309/1013/134 9307/1014/134
f 9307/1015/20 9309/1016/20 9308/1017/20 9306/1018/20
f 9311/1019/48 9307/1020/48 9306/1021/48 9310/1022/48
f 9314/999/5498 9318/1002/5498 9320/1001/5498 9316/1000/5498
f 9317/1003/48 9316/1006/48 9320/1005/48 9321/1004/48
f 9321/1007/5 9320/1010/5 9318/1009/5 9319/1008/5
f 9319/1011/134 9315/1014/134 9317/1013/134 9321/1012/134
f 9315/1015/20 9314/1018/20 9316/1017/20 9317/1016/20
f 9319/1019/44 9318/1022/44 9314/1021/44 9315/1020/44
f 9322/999/5498 9324/1000/5498 9328/1001/5498 9326/1002/5498
f 9325/1003/48 9329/1004/48 9328/1005/48 9324/1006/48
f 9329/1007/20 9327/1008/20 9326/1009/20 9328/1010/20
f 9327/1011/134 9329/1012/134 9325/1013/134 9323/1014/134
f 9323/1015/5 9325/1016/5 9324/1017/5 9322/1018/5
f 9327/1019/44 9323/1020/44 9322/1021/44 9326/1022/44
f 9330/999/5497 9334/1002/5497 9336/1001/5497 9332/1000/5497
f 9333/1003/44 9332/1006/44 9336/1005/44 9337/1004/44
f 9337/1007/20 9336/1010/20 9334/1009/20 9335/1008/20
f 9335/1011/134 9331/1014/134 9333/1013/134 9337/1012/134
f 9331/1015/5 9330/1018/5 9332/1017/5 9333/1016/5
f 9335/1019/48 9334/1022/48 9330/1021/48 9331/1020/48
f 9338/999/5499 9340/1000/5499 9344/1001/5499 9342/1002/5499
f 9341/1003/20 9345/1004/20 9344/1005/20 9340/1006/20
f 9345/1007/44 9343/1008/44 9342/1009/44 9344/1010/44
f 9343/1011/134 9345/1012/134 9341/1013/134 9339/1014/134
f 9339/1015/48 9341/1016/48 9340/1017/48 9338/1018/48
f 9343/1019/5 9339/1020/5 9338/1021/5 9342/1022/5
f 9346/999/5500 9350/1002/5500 9352/1001/5500 9348/1000/5500
f 9349/1003/5 9348/1006/5 9352/1005/5 9353/1004/5
f 9353/1007/44 9352/1010/44 9350/1009/44 9351/1008/44
f 9351/1011/134 9347/1014/134 9349/1013/134 9353/1012/134
f 9347/1015/48 9346/1018/48 9348/1017/48 9349/1016/48
f 9351/1019/20 9350/1022/20 9346/1021/20 9347/1020/20
f 9354/2386/134 9358/2387/134 9360/2388/134 9356/2389/134
f 9357/2390/44 9356/2391/44 9360/2392/44 9361/2393/44
f 9361/2394/5 9360/2395/5 9358/2396/5 9359/2397/5
f 9359/2386/178 9355/2387/178 9357/2388/178 9361/2389/178
f 9355/2398/20 9354/2395/20 9356/2396/20 9357/2399/20
f 9359/2390/48 9358/2391/48 9354/2392/48 9355/2393/48
f 9374/261/174 9375/264/174 9365/263/174 9363/262/174
f 9375/265/177 9376/266/177 9369/145/177 9365/144/177
f 9376/267/176 9377/270/176 9367/269/176 9369/268/176
f 9377/271/175 9374/274/175 9363/273/175 9367/272/175
f 9364/53/134 9362/55/134 9366/54/134 9368/48/134
f 9369/145/178 9367/198/178 9363/276/178 9365/275/178
f 9380/277/44 9381/280/44 9370/279/44 9373/278/44
f 9379/281/20 9380/284/20 9373/283/20 9372/282/20
f 9378/285/48 9379/288/48 9372/287/48 9371/286/48
f 9381/289/5 9378/292/5 9371/291/5 9370/290/5
f 9373/278/44 9370/279/44 9374/274/44 9377/271/44
f 9372/282/20 9373/283/20 9377/270/20 9376/267/20
f 9371/286/48 9372/287/48 9376/266/48 9375/265/48
f 9370/290/5 9371/291/5 9375/264/5 9374/261/5
f 9362/293/179 9364/294/179 9378/292/179 9381/289/179
f 9364/47/182 9368/48/182 9379/288/182 9378/285/182
f 9368/295/181 9366/296/181 9380/284/181 9379/281/181
f 9366/297/180 9362/298/180 9381/280/180 9380/277/180
